회계연도,지역명,자치단체명,본청여부,당초예산,최종예산,증감액,증감률
2012,강원,강원강릉시,N,628698548000,715600000000,86901452000,13.8224
2012,강원,강원고성군,N,241141322000,280200000000,39058678000,16.1974
2012,강원,강원동해시,N,285037104000,295300000000,10262896000,3.6005
2012,강원,강원본청,Y,3923348357000,4296500000000,373151643000,9.5111
2012,강원,강원삼척시,N,390784816000,428300000000,37515184000,9.6
2012,강원,강원속초시,N,279116278000,329700000000,50583722000,18.1228
2012,강원,강원양구군,N,230845934000,269900000000,39054066000,16.9178
2012,강원,강원양양군,N,206160126000,228500000000,22339874000,10.8362
2012,강원,강원영월군,N,265991662000,332900000000,66908338000,25.1543
2012,강원,강원원주시,N,771620825000,887800000000,116179175000,15.0565
2012,강원,강원인제군,N,268847496000,305000000000,36152504000,13.4472
2012,강원,강원정선군,N,317076926000,358800000000,41723074000,13.1587
2012,강원,강원철원군,N,251921197000,282100000000,30178803000,11.9795
2012,강원,강원춘천시,N,1070500310000,1180800000000,110299690000,10.3036
2012,강원,강원태백시,N,252305699000,293700000000,41394301000,16.4064
2012,강원,강원평창군,N,250866901000,324700000000,73833099000,29.4312
2012,강원,강원홍천군,N,344063847000,450200000000,106136153000,30.8478
2012,강원,강원화천군,N,231102270000,269000000000,37897730000,16.3987
2012,강원,강원횡성군,N,267769100000,341900000000,74130900000,27.6846
2012,경기,경기가평군,N,325839437000,390700000000,64860563000,19.9057
2012,경기,경기고양시,N,1305886117000,1635100000000,329213883000,25.21
2012,경기,경기과천시,N,335342224000,410100000000,74757776000,22.293
2012,경기,경기광명시,N,510235391000,623100000000,112864609000,22.1201
2012,경기,경기광주시,N,641880742000,724500000000,82619258000,12.8714
2012,경기,경기구리시,N,357965168000,427600000000,69634832000,19.453
2012,경기,경기군포시,N,393682721000,485800000000,92117279000,23.3989
2012,경기,경기김포시,N,632807794000,726200000000,93392206000,14.7584
2012,경기,경기남양주시,N,887388333000,1033700000000,146311667000,16.4879
2012,경기,경기동두천시,N,287971512000,343100000000,55128488000,19.1437
2012,경기,경기본청,Y,16459873256000,17997200000000,1537326744000,9.3398
2012,경기,경기부천시,N,1282060007000,1399300000000,117239993000,9.1447
2012,경기,경기성남시,N,2126893843000,2266300000000,139406157000,6.5544
2012,경기,경기수원시,N,1777887699000,1934700000000,156812301000,8.8201
2012,경기,경기시흥시,N,1275936240000,1375700000000,99763760000,7.8189
2012,경기,경기안산시,N,1541696042000,1257000000000,-284696042000,-18.4664
2012,경기,경기안성시,N,499233864000,589200000000,89966136000,18.0208
2012,경기,경기안양시,N,850118616000,968500000000,118381384000,13.9253
2012,경기,경기양주시,N,481050858000,578300000000,97249142000,20.216
2012,경기,경기양평군,N,371378163000,432500000000,61121837000,16.4581
2012,경기,경기여주군,N,465092095000,543800000000,78707905000,16.9231
2012,경기,경기연천군,N,323481286000,375100000000,51618714000,15.9572
2012,경기,경기오산시,N,345911285000,389500000000,43588715000,12.6011
2012,경기,경기용인시,N,1743685208000,2799400000000,1055714792000,60.545
2012,경기,경기의왕시,N,249885721000,316300000000,66414279000,26.5779
2012,경기,경기의정부시,N,688146787000,843800000000,155653213000,22.6192
2012,경기,경기이천시,N,545623907000,682200000000,136576093000,25.0312
2012,경기,경기파주시,N,792078613000,940500000000,148421387000,18.7382
2012,경기,경기평택시,N,992362966000,1179000000000,186637034000,18.8073
2012,경기,경기포천시,N,507672212000,580500000000,72827788000,14.3454
2012,경기,경기하남시,N,464825995000,566500000000,101674005000,21.8736
2012,경기,경기화성시,N,997173343000,1253500000000,256326657000,25.7053
2012,경남,경남거제시,N,538009650000,598600000000,60590350000,11.2619
2012,경남,경남거창군,N,405877917000,522800000000,116922083000,28.8072
2012,경남,경남고성군,N,325032333000,375800000000,50767667000,15.6193
2012,경남,경남김해시,N,1009225776000,1049400000000,40174224000,3.9807
2012,경남,경남남해군,N,299019161000,358500000000,59480839000,19.892
2012,경남,경남밀양시,N,483795021000,556200000000,72404979000,14.966
2012,경남,경남본청,Y,6463199819000,7134600000000,671400181000,10.388
2012,경남,경남사천시,N,448300894000,470700000000,22399106000,4.9964
2012,경남,경남산청군,N,326118063000,372500000000,46381937000,14.2224
2012,경남,경남양산시,N,696911722000,733100000000,36188278000,5.1927
2012,경남,경남의령군,N,322922388000,348200000000,25277612000,7.8278
2012,경남,경남진주시,N,912978493000,989000000000,76021507000,8.3268
2012,경남,경남창녕군,N,365195700000,412800000000,47604300000,13.0353
2012,경남,경남창원시,N,2716226552000,2724600000000,8373448000,0.3083
2012,경남,경남통영시,N,428766814000,500200000000,71433186000,16.6601
2012,경남,경남하동군,N,335642298000,376400000000,40757702000,12.1432
2012,경남,경남함안군,N,335305915000,335900000000,594085000,0.1772
2012,경남,경남함양군,N,325302677000,381300000000,55997323000,17.2139
2012,경남,경남합천군,N,344759946000,476000000000,131240054000,38.0671
2012,경북,경북경산시,N,539494233000,606100000000,66605767000,12.346
2012,경북,경북경주시,N,1018683538000,1168100000000,149416462000,14.6676
2012,경북,경북고령군,N,229988505000,307200000000,77211495000,33.5719
2012,경북,경북구미시,N,1026107691000,1111600000000,85492309000,8.3317
2012,경북,경북군위군,N,210179196000,231300000000,21120804000,10.049
2012,경북,경북김천시,N,563569891000,745800000000,182230109000,32.335
2012,경북,경북문경시,N,436857496000,459900000000,23042504000,5.2746
2012,경북,경북본청,Y,6587817888000,7299900000000,712082112000,10.8091
2012,경북,경북봉화군,N,278913268000,330400000000,51486732000,18.4598
2012,경북,경북상주시,N,601124267000,648800000000,47675733000,7.9311
2012,경북,경북성주군,N,255302734000,382800000000,127497266000,49.9396
2012,경북,경북안동시,N,721950000000,801200000000,79250000000,10.9772
2012,경북,경북영덕군,N,301024917000,330300000000,29275083000,9.7251
2012,경북,경북영양군,N,204642837000,245400000000,40757163000,19.9162
2012,경북,경북영주시,N,451153484000,502200000000,51046516000,11.3147
2012,경북,경북영천시,N,546315276000,608400000000,62084724000,11.3643
2012,경북,경북예천군,N,283103001000,319800000000,36696999000,12.9624
2012,경북,경북울릉군,N,134587859000,152300000000,17712141000,13.1603
2012,경북,경북울진군,N,431598377000,469500000000,37901623000,8.7817
2012,경북,경북의성군,N,401843746000,486800000000,84956254000,21.1416
2012,경북,경북청도군,N,285937438000,339500000000,53562562000,18.7323
2012,경북,경북청송군,N,223684935000,253900000000,30215065000,13.5079
2012,경북,경북칠곡군,N,394657337000,482600000000,87942663000,22.2833
2012,경북,경북포항시,N,1244972416000,1311300000000,66327584000,5.3276
2012,광주,광주광산구,N,325069775000,400200000000,75130225000,23.112
2012,광주,광주남구,N,197333054000,272900000000,75566946000,38.2941
2012,광주,광주동구,N,182910909000,204800000000,21889091000,11.9671
2012,광주,광주본청,Y,3390869678000,3648100000000,257230322000,7.586
2012,광주,광주북구,N,366811786000,428900000000,62088214000,16.9265
2012,광주,광주서구,N,244749890000,295800000000,51050110000,20.8581
2012,대구,대구남구,N,173814014000,186600000000,12785986000,7.3561
2012,대구,대구달서구,N,371838515000,413700000000,41861485000,11.258
2012,대구,대구달성군,N,361571140000,423900000000,62328860000,17.2383
2012,대구,대구동구,N,322433287000,368100000000,45666713000,14.1632
2012,대구,대구본청,Y,5658658372000,6026700000000,368041628000,6.504
2012,대구,대구북구,N,333049424000,358300000000,25250576000,7.5816
2012,대구,대구서구,N,184934126000,198500000000,13565874000,7.3355
2012,대구,대구수성구,N,313617030000,361200000000,47582970000,15.1723
2012,대구,대구중구,N,139673435000,153700000000,14026565000,10.0424
2012,대전,대전대덕구,N,223186910000,261300000000,38113090000,17.0768
2012,대전,대전동구,N,280187091000,347600000000,67412909000,24.06
2012,대전,대전본청,Y,3472537513000,3719000000000,246462487000,7.0975
2012,대전,대전서구,N,348028759000,429600000000,81571241000,23.4381
2012,대전,대전유성구,N,242800256000,348800000000,105999744000,43.6572
2012,대전,대전중구,N,248918162000,289800000000,40881838000,16.4238
2012,부산,부산강서구,N,152537588000,186900000000,34362412000,22.5272
2012,부산,부산금정구,N,220816967000,271300000000,50483033000,22.8619
2012,부산,부산기장군,N,356814310000,405200000000,48385690000,13.5605
2012,부산,부산남구,N,188755126000,243500000000,54744874000,29.0031
2012,부산,부산동구,N,148252615000,174100000000,25847385000,17.4347
2012,부산,부산동래구,N,218900538000,254800000000,35899462000,16.3999
2012,부산,부산본청,Y,8767692765000,9437800000000,670107235000,7.6429
2012,부산,부산부산진구,N,274778045000,334400000000,59621955000,21.6982
2012,부산,부산북구,N,239229729000,278300000000,39070271000,16.3317
2012,부산,부산사상구,N,208311821000,257900000000,49588179000,23.8048
2012,부산,부산사하구,N,257584071000,331700000000,74115929000,28.7735
2012,부산,부산서구,N,150302056000,188200000000,37897944000,25.2145
2012,부산,부산수영구,N,149069203000,172100000000,23030797000,15.4497
2012,부산,부산연제구,N,171377058000,227200000000,55822942000,32.5732
2012,부산,부산영도구,N,153256886000,182600000000,29343114000,19.1464
2012,부산,부산중구,N,95525731000,121700000000,26174269000,27.4002
2012,부산,부산해운대구,N,318614497000,380900000000,62285503000,19.5489
2012,서울,서울강남구,N,788575089000,843700000000,55124911000,6.9904
2012,서울,서울강동구,N,364446914000,398600000000,34153086000,9.3712
2012,서울,서울강북구,N,339444417000,377400000000,37955583000,11.1817
2012,서울,서울강서구,N,464726649000,540400000000,75673351000,16.2834
2012,서울,서울관악구,N,377421007000,412800000000,35378993000,9.3739
2012,서울,서울광진구,N,293668538000,352100000000,58431462000,19.8971
2012,서울,서울구로구,N,364380164000,422500000000,58119836000,15.9503
2012,서울,서울금천구,N,262453971000,309300000000,46846029000,17.8492
2012,서울,서울노원구,N,458361205000,522200000000,63838795000,13.9276
2012,서울,서울도봉구,N,288134595000,338500000000,50365405000,17.4798
2012,서울,서울동대문구,N,348776224000,400200000000,51423776000,14.7441
2012,서울,서울동작구,N,329281315000,373900000000,44618685000,13.5503
2012,서울,서울마포구,N,376480209000,424400000000,47919791000,12.7284
2012,서울,서울본청,Y,24343667131000,24573200000000,229532869000,0.9429
2012,서울,서울서대문구,N,287141785000,329900000000,42758215000,14.891
2012,서울,서울서초구,N,490357786000,533300000000,42942214000,8.7573
2012,서울,서울성동구,N,325005872000,367700000000,42694128000,13.1364
2012,서울,서울성북구,N,385161334000,430500000000,45338666000,11.7713
2012,서울,서울송파구,N,465186843000,510000000000,44813157000,9.6334
2012,서울,서울양천구,N,364979718000,414600000000,49620282000,13.5954
2012,서울,서울영등포구,N,358492854000,451200000000,92707146000,25.8602
2012,서울,서울용산구,N,273825256000,318000000000,44174744000,16.1325
2012,서울,서울은평구,N,365179286000,414800000000,49620714000,13.588
2012,서울,서울종로구,N,324846535000,393300000000,68453465000,21.0726
2012,서울,서울중구,N,288315043000,330500000000,42184957000,14.6315
2012,서울,서울중랑구,N,338646902000,369900000000,31253098000,9.2288
2012,울산,울산남구,N,258407382000,319400000000,60992618000,23.6033
2012,울산,울산동구,N,141132896000,167500000000,26367104000,18.6825
2012,울산,울산본청,Y,2673772410000,3001100000000,327327590000,12.2422
2012,울산,울산북구,N,171063268000,207500000000,36436732000,21.3001
2012,울산,울산울주군,N,472557420000,572400000000,99842580000,21.1281
2012,울산,울산중구,N,228271874000,276500000000,48228126000,21.1275
2012,인천,인천강화군,N,350852862000,382700000000,31847138000,9.0771
2012,인천,인천계양구,N,248349018000,275100000000,26750982000,10.7715
2012,인천,인천남구,N,337030740000,350100000000,13069260000,3.8778
2012,인천,인천남동구,N,423724097000,479500000000,55775903000,13.1633
2012,인천,인천동구,N,153427079000,156300000000,2872921000,1.8725
2012,인천,인천본청,Y,7998358333000,7987500000000,-10858333000,-0.1358
2012,인천,인천부평구,N,408185586000,426900000000,18714414000,4.5848
2012,인천,인천서구,N,373435718000,424300000000,50864282000,13.6206
2012,인천,인천연수구,N,275566388000,305000000000,29433612000,10.6811
2012,인천,인천옹진군,N,218072225000,265800000000,47727775000,21.8862
2012,인천,인천중구,N,218849848000,269900000000,51050152000,23.3266
2012,전남,전남강진군,N,251976895000,322000000000,70023105000,27.7895
2012,전남,전남고흥군,N,405647792000,505000000000,99352208000,24.4922
2012,전남,전남곡성군,N,238360025000,282500000000,44139975000,18.5182
2012,전남,전남광양시,N,495076500000,543600000000,48523500000,9.8012
2012,전남,전남구례군,N,214137571000,255100000000,40962429000,19.129
2012,전남,전남나주시,N,438190106000,596600000000,158409894000,36.151
2012,전남,전남담양군,N,290856566000,344800000000,53943434000,18.5464
2012,전남,전남목포시,N,585486434000,633800000000,48313566000,8.2519
2012,전남,전남무안군,N,326072213000,394700000000,68627787000,21.0468
2012,전남,전남보성군,N,327438250000,381600000000,54161750000,16.5411
2012,전남,전남본청,Y,5664760056000,6711300000000,1046539944000,18.4746
2012,전남,전남순천시,N,762769036000,868700000000,105930964000,13.8877
2012,전남,전남신안군,N,392924925000,480100000000,87175075000,22.1862
2012,전남,전남여수시,N,939519712000,1170500000000,230980288000,24.5849
2012,전남,전남영광군,N,357971631000,460700000000,102728369000,28.6973
2012,전남,전남영암군,N,389821351000,464300000000,74478649000,19.1058
2012,전남,전남완도군,N,335733744000,444100000000,108366256000,32.2774
2012,전남,전남장성군,N,288908460000,350600000000,61691540000,21.3533
2012,전남,전남장흥군,N,278151134000,392000000000,113848866000,40.9306
2012,전남,전남진도군,N,250123689000,329600000000,79476311000,31.7748
2012,전남,전남함평군,N,233827460000,287500000000,53672540000,22.9539
2012,전남,전남해남군,N,436010074000,542200000000,106189926000,24.3549
2012,전남,전남화순군,N,414651929000,495000000000,80348071000,19.3772
2012,전북,전북고창군,N,386205143000,465700000000,79494857000,20.5836
2012,전북,전북군산시,N,814644585000,905300000000,90655415000,11.1282
2012,전북,전북김제시,N,506011481000,573600000000,67588519000,13.3571
2012,전북,전북남원시,N,465373558000,508500000000,43126442000,9.2671
2012,전북,전북무주군,N,244387877000,293000000000,48612123000,19.8914
2012,전북,전북본청,Y,4590444009000,4925300000000,334855991000,7.2946
2012,전북,전북부안군,N,344744743000,397200000000,52455257000,15.2157
2012,전북,전북순창군,N,242700002000,292900000000,50199998000,20.684
2012,전북,전북완주군,N,507191450000,549400000000,42208550000,8.322
2012,전북,전북익산시,N,809878855000,896000000000,86121145000,10.6338
2012,전북,전북임실군,N,288866144000,315200000000,26333856000,9.1163
2012,전북,전북장수군,N,246534679000,302600000000,56065321000,22.7414
2012,전북,전북전주시,N,1204238451000,1275900000000,71661549000,5.9508
2012,전북,전북정읍시,N,565827594000,659100000000,93272406000,16.4842
2012,전북,전북진안군,N,259788634000,311200000000,51411366000,19.7897
2012,제주,제주본청,Y,3390632441000,3775300000000,384667559000,11.345
2012,충남,충남계룡시,N,132735011000,157300000000,24564989000,18.5068
2012,충남,충남공주시,N,522236625000,612700000000,90463375000,17.3223
2012,충남,충남금산군,N,299966014000,343700000000,43733986000,14.5796
2012,충남,충남논산시,N,467000143000,530000000000,62999857000,13.4903
2012,충남,충남당진시,N,620635966000,697600000000,76964034000,12.4008
2012,충남,충남보령시,N,498759697000,548500000000,49740303000,9.9728
2012,충남,충남본청,Y,4915500000000,4946100000000,30600000000,0.6225
2012,충남,충남부여군,N,388190311000,456600000000,68409689000,17.6227
2012,충남,충남서산시,N,544301176000,637800000000,93498824000,17.1778
2012,충남,충남서천군,N,323537738000,368200000000,44662262000,13.8043
2012,충남,충남아산시,N,783567706000,999000000000,215432294000,27.4938
2012,충남,충남예산군,N,387463055000,478500000000,91036945000,23.4956
2012,충남,충남천안시,N,1201387994000,1278700000000,77312006000,6.4352
2012,충남,충남청양군,N,256677560000,323000000000,66322440000,25.8388
2012,충남,충남태안군,N,306983685000,425100000000,118116315000,38.4764
2012,충남,충남홍성군,N,422700310000,464100000000,41399690000,9.7941
2012,충북,충북괴산군,N,261697895000,352400000000,90702105000,34.6591
2012,충북,충북단양군,N,249483264000,308200000000,58716736000,23.5353
2012,충북,충북보은군,N,239079974000,297600000000,58520026000,24.4772
2012,충북,충북본청,Y,3308567275000,3475000000000,166432725000,5.0304
2012,충북,충북영동군,N,286388420000,343600000000,57211580000,19.9769
2012,충북,충북옥천군,N,285854635000,330600000000,44745365000,15.6532
2012,충북,충북음성군,N,357229644000,441200000000,83970356000,23.506
2012,충북,충북제천시,N,476630757000,528200000000,51569243000,10.8195
2012,충북,충북증평군,N,168280410000,178600000000,10319590000,6.1324
2012,충북,충북진천군,N,293314326000,331000000000,37685674000,12.8482
2012,충북,충북청원군,N,496963371000,610300000000,113336629000,22.8058
2012,충북,충북청주시,N,1101670218000,1229100000000,127429782000,11.567
2012,충북,충북충주시,N,697938754000,796300000000,98361246000,14.0931
2013,강원,강원강릉시,N,647971496000,744900000000,96928504000,14.9588
2013,강원,강원고성군,N,251956256000,296000000000,44043744000,17.4807
2013,강원,강원동해시,N,292767027000,327300000000,34532973000,11.7954
2013,강원,강원본청,Y,4219834004000,4846100000000,626265996000,14.841
2013,강원,강원삼척시,N,444880733000,524300000000,79419267000,17.8518
2013,강원,강원속초시,N,294853676000,330000000000,35146324000,11.9199
2013,강원,강원양구군,N,248470914000,292500000000,44029086000,17.72
2013,강원,강원양양군,N,220497661000,247500000000,27002339000,12.2461
2013,강원,강원영월군,N,283182237000,358300000000,75117763000,26.5263
2013,강원,강원원주시,N,804657154000,981000000000,176342846000,21.9153
2013,강원,강원인제군,N,280785514000,356100000000,75314486000,26.8228
2013,강원,강원정선군,N,324025063000,394300000000,70274937000,21.6881
2013,강원,강원철원군,N,273893093000,335800000000,61906907000,22.6026
2013,강원,강원춘천시,N,923322521000,1081200000000,157877479000,17.0988
2013,강원,강원태백시,N,255965355000,304700000000,48734645000,19.0395
2013,강원,강원평창군,N,286735303000,393900000000,107164697000,37.3741
2013,강원,강원홍천군,N,406298761000,526500000000,120201239000,29.5844
2013,강원,강원화천군,N,230233674000,270200000000,39966326000,17.359
2013,강원,강원횡성군,N,301405713000,373500000000,72094287000,23.9193
2013,경기,경기가평군,N,336821903000,416500000000,79678097000,23.6559
2013,경기,경기고양시,N,1456602469000,1617200000000,160597531000,11.0255
2013,경기,경기과천시,N,331609039000,373100000000,41490961000,12.512
2013,경기,경기광명시,N,544357843000,672600000000,128242157000,23.5584
2013,경기,경기광주시,N,543049069000,648700000000,105650931000,19.4551
2013,경기,경기구리시,N,362334541000,458400000000,96065459000,26.5129
2013,경기,경기군포시,N,443753678000,496300000000,52546322000,11.8413
2013,경기,경기김포시,N,633886006000,794100000000,160213994000,25.2749
2013,경기,경기남양주시,N,927505188000,1093800000000,166294812000,17.9293
2013,경기,경기동두천시,N,301747304000,374700000000,72952696000,24.1768
2013,경기,경기본청,Y,16630920117000,17493500000000,862579883000,5.1866
2013,경기,경기부천시,N,1138960114000,1312500000000,173539886000,15.2367
2013,경기,경기성남시,N,2357088769000,2740700000000,383611231000,16.2748
2013,경기,경기수원시,N,1874948413000,2217700000000,342751587000,18.2806
2013,경기,경기시흥시,N,1127721905000,1415000000000,287278095000,25.4742
2013,경기,경기안산시,N,1627149986000,2109200000000,482050014000,29.6254
2013,경기,경기안성시,N,564771963000,660000000000,95228037000,16.8613
2013,경기,경기안양시,N,883880961000,1029900000000,146019039000,16.5202
2013,경기,경기양주시,N,510432641000,602700000000,92267359000,18.0763
2013,경기,경기양평군,N,415449373000,492500000000,77050627000,18.5463
2013,경기,경기연천군,N,352221240000,455400000000,103178760000,29.2937
2013,경기,경기오산시,N,334776003000,446400000000,111623997000,33.3429
2013,경기,경기용인시,N,1563204818000,1799300000000,236095182000,15.1033
2013,경기,경기의왕시,N,282041057000,331300000000,49258943000,17.4652
2013,경기,경기의정부시,N,706162902000,811200000000,105037098000,14.8743
2013,경기,경기이천시,N,548049847000,717200000000,169150153000,30.864
2013,경기,경기파주시,N,747780319000,918500000000,170719681000,22.8302
2013,경기,경기평택시,N,924657862000,1195600000000,270942138000,29.3019
2013,경기,경기포천시,N,453061609000,611700000000,158638391000,35.0148
2013,경기,경기하남시,N,454963279000,565500000000,110536721000,24.2957
2013,경기,경기화성시,N,1209087094000,1402000000000,192912906000,15.9553
2013,경남,경남거제시,N,525082638000,612000000000,86917362000,16.5531
2013,경남,경남거창군,N,408157739000,501400000000,93242261000,22.8447
2013,경남,경남고성군,N,326621332000,379200000000,52578668000,16.0977
2013,경남,경남김해시,N,1064936805000,1164500000000,99563195000,9.3492
2013,경남,경남남해군,N,326149878000,353000000000,26850122000,8.2324
2013,경남,경남밀양시,N,538678821000,588100000000,49421179000,9.1745
2013,경남,경남본청,Y,6555036293000,7696900000000,1141863707000,17.4196
2013,경남,경남사천시,N,458215316000,481300000000,23084684000,5.038
2013,경남,경남산청군,N,322079184000,357600000000,35520816000,11.0286
2013,경남,경남양산시,N,655800213000,792600000000,136799787000,20.86
2013,경남,경남의령군,N,325554560000,365100000000,39545440000,12.1471
2013,경남,경남진주시,N,1005223852000,1158400000000,153176148000,15.238
2013,경남,경남창녕군,N,387660516000,413100000000,25439484000,6.5623
2013,경남,경남창원시,N,2478206483000,2730700000000,252493517000,10.1886
2013,경남,경남통영시,N,431832092000,508300000000,76467908000,17.7078
2013,경남,경남하동군,N,337869700000,378200000000,40330300000,11.9366
2013,경남,경남함안군,N,346072868000,350800000000,4727132000,1.3659
2013,경남,경남함양군,N,327616306000,378300000000,50683694000,15.4704
2013,경남,경남합천군,N,392200885000,460500000000,68299115000,17.4143
2013,경북,경북경산시,N,555912820000,667100000000,111187180000,20.0008
2013,경북,경북경주시,N,1047237866000,1200800000000,153562134000,14.6635
2013,경북,경북고령군,N,245855202000,288900000000,43044798000,17.5082
2013,경북,경북구미시,N,1062937893000,1183700000000,120762107000,11.3612
2013,경북,경북군위군,N,228291909000,270800000000,42508091000,18.6201
2013,경북,경북김천시,N,588099679000,679100000000,91000321000,15.4736
2013,경북,경북문경시,N,447504747000,494300000000,46795253000,10.4569
2013,경북,경북본청,Y,7068818092000,7641100000000,572281908000,8.0959
2013,경북,경북봉화군,N,302293791000,333700000000,31406209000,10.3893
2013,경북,경북상주시,N,629111357000,677100000000,47988643000,7.628
2013,경북,경북성주군,N,303559879000,365600000000,62040121000,20.4375
2013,경북,경북안동시,N,762890000000,895100000000,132210000000,17.3302
2013,경북,경북영덕군,N,315064909000,331800000000,16735091000,5.3116
2013,경북,경북영양군,N,216764119000,261900000000,45135881000,20.8226
2013,경북,경북영주시,N,521843418000,582000000000,60156582000,11.5277
2013,경북,경북영천시,N,596048148000,660800000000,64751852000,10.8635
2013,경북,경북예천군,N,321144573000,355200000000,34055427000,10.6044
2013,경북,경북울릉군,N,142336096000,159300000000,16963904000,11.9182
2013,경북,경북울진군,N,458208557000,557500000000,99291443000,21.6695
2013,경북,경북의성군,N,417105359000,487900000000,70794641000,16.9728
2013,경북,경북청도군,N,305414808000,349500000000,44085192000,14.4345
2013,경북,경북청송군,N,252579112000,305300000000,52720888000,20.873
2013,경북,경북칠곡군,N,401377180000,461400000000,60022820000,14.9542
2013,경북,경북포항시,N,1261929668000,1367800000000,105870332000,8.3896
2013,광주,광주광산구,N,362689635000,435700000000,73010365000,20.1303
2013,광주,광주남구,N,217736387000,278700000000,60963613000,27.9988
2013,광주,광주동구,N,162475774000,223100000000,60624226000,37.3128
2013,광주,광주본청,Y,3495638850000,3978700000000,483061150000,13.819
2013,광주,광주북구,N,374326643000,455100000000,80773357000,21.5783
2013,광주,광주서구,N,267229429000,333600000000,66370571000,24.8366
2013,대구,대구남구,N,184985163000,209300000000,24314837000,13.1442
2013,대구,대구달서구,N,421132268000,477000000000,55867732000,13.2661
2013,대구,대구달성군,N,416196397000,483800000000,67603603000,16.2432
2013,대구,대구동구,N,335953000000,392600000000,56647000000,16.8616
2013,대구,대구본청,Y,6061163228000,6887700000000,826536772000,13.6366
2013,대구,대구북구,N,369280864000,409500000000,40219136000,10.8912
2013,대구,대구서구,N,203266658000,221700000000,18433342000,9.0686
2013,대구,대구수성구,N,356385469000,402000000000,45614531000,12.7992
2013,대구,대구중구,N,144334563000,160300000000,15965437000,11.0614
2013,대전,대전대덕구,N,243679976000,292400000000,48720024000,19.9934
2013,대전,대전동구,N,306111919000,348300000000,42188081000,13.7819
2013,대전,대전본청,Y,3706749120000,4000300000000,293550880000,7.9194
2013,대전,대전서구,N,372250960000,487300000000,115049040000,30.9063
2013,대전,대전유성구,N,309284112000,384600000000,75315888000,24.3517
2013,대전,대전중구,N,266601206000,323200000000,56598794000,21.2298
2013,부산,부산강서구,N,158924578000,220400000000,61475422000,38.6821
2013,부산,부산금정구,N,231209165000,290700000000,59490835000,25.7303
2013,부산,부산기장군,N,369694630000,416200000000,46505370000,12.5794
2013,부산,부산남구,N,197881045000,280300000000,82418955000,41.6508
2013,부산,부산동구,N,155665726000,194400000000,38734274000,24.883
2013,부산,부산동래구,N,238118061000,284500000000,46381939000,19.4785
2013,부산,부산본청,Y,8845982007000,10308500000000,1462517993000,16.5331
2013,부산,부산부산진구,N,311381383000,386200000000,74818617000,24.028
2013,부산,부산북구,N,251845815000,311600000000,59754185000,23.7265
2013,부산,부산사상구,N,235118613000,283900000000,48781387000,20.7476
2013,부산,부산사하구,N,283853901000,346000000000,62146099000,21.8937
2013,부산,부산서구,N,167444975000,196800000000,29355025000,17.5311
2013,부산,부산수영구,N,154458640000,183800000000,29341360000,18.9963
2013,부산,부산연제구,N,225749151000,261200000000,35450849000,15.7036
2013,부산,부산영도구,N,157156085000,206900000000,49743915000,31.6526
2013,부산,부산중구,N,104078632000,133100000000,29021368000,27.8841
2013,부산,부산해운대구,N,335290424000,412300000000,77009576000,22.968
2013,서울,서울강남구,N,785483202000,833300000000,47816798000,6.0876
2013,서울,서울강동구,N,392466541000,449200000000,56733459000,14.4556
2013,서울,서울강북구,N,364966784000,417500000000,52533216000,14.394
2013,서울,서울강서구,N,510240593000,569000000000,58759407000,11.516
2013,서울,서울관악구,N,397781064000,454900000000,57118936000,14.3594
2013,서울,서울광진구,N,320355348000,374900000000,54544652000,17.0263
2013,서울,서울구로구,N,407225694000,468900000000,61674306000,15.145
2013,서울,서울금천구,N,300828747000,328600000000,27771253000,9.2316
2013,서울,서울노원구,N,520504741000,595500000000,74995259000,14.4082
2013,서울,서울도봉구,N,316673122000,365000000000,48326878000,15.2608
2013,서울,서울동대문구,N,362738488000,407900000000,45161512000,12.4502
2013,서울,서울동작구,N,365195452000,414300000000,49104548000,13.4461
2013,서울,서울마포구,N,420629432000,490700000000,70070568000,16.6585
2013,서울,서울본청,Y,24636431859000,26034500000000,1398068141000,5.6748
2013,서울,서울서대문구,N,320550748000,359200000000,38649252000,12.0571
2013,서울,서울서초구,N,523648221000,595600000000,71951779000,13.7405
2013,서울,서울성동구,N,346015788000,407700000000,61684212000,17.827
2013,서울,서울성북구,N,420822370000,471500000000,50677630000,12.0425
2013,서울,서울송파구,N,474540072000,528400000000,53859928000,11.3499
2013,서울,서울양천구,N,416127159000,452300000000,36172841000,8.6927
2013,서울,서울영등포구,N,411445144000,486300000000,74854856000,18.1932
2013,서울,서울용산구,N,295163297000,325800000000,30636703000,10.3796
2013,서울,서울은평구,N,412777493000,459900000000,47122507000,11.416
2013,서울,서울종로구,N,356245601000,399600000000,43354399000,12.1698
2013,서울,서울중구,N,305576026000,366400000000,60823974000,19.9047
2013,서울,서울중랑구,N,363109541000,402000000000,38890459000,10.7104
2013,세종,세종본청,Y,617834632000,754900000000,137065368000,22.1848
2013,울산,울산남구,N,289186186000,362200000000,73013814000,25.248
2013,울산,울산동구,N,162740214000,216200000000,53459786000,32.8498
2013,울산,울산본청,Y,2759707672000,3046100000000,286392328000,10.3776
2013,울산,울산북구,N,189442968000,227700000000,38257032000,20.1945
2013,울산,울산울주군,N,516804197000,643000000000,126195803000,24.4185
2013,울산,울산중구,N,222705401000,272800000000,50094599000,22.4937
2013,인천,인천강화군,N,356650736000,405100000000,48449264000,13.5845
2013,인천,인천계양구,N,278584679000,320200000000,41615321000,14.9381
2013,인천,인천남구,N,370586117000,409200000000,38613883000,10.4197
2013,인천,인천남동구,N,461666262000,532200000000,70533738000,15.2781
2013,인천,인천동구,N,154113335000,176200000000,22086665000,14.3314
2013,인천,인천본청,Y,7262039680000,8859300000000,1597260320000,21.9947
2013,인천,인천부평구,N,437869593000,516900000000,79030407000,18.0488
2013,인천,인천서구,N,410475733000,511000000000,100524267000,24.4897
2013,인천,인천연수구,N,288492845000,315700000000,27207155000,9.4308
2013,인천,인천옹진군,N,225865623000,282800000000,56934377000,25.2072
2013,인천,인천중구,N,237823794000,296000000000,58176206000,24.4619
2013,전남,전남강진군,N,255841981000,314000000000,58158019000,22.732
2013,전남,전남고흥군,N,425956028000,555700000000,129743972000,30.4595
2013,전남,전남곡성군,N,267698810000,298500000000,30801190000,11.5059
2013,전남,전남광양시,N,523500177000,569200000000,45699823000,8.7297
2013,전남,전남구례군,N,233215009000,257800000000,24584991000,10.5418
2013,전남,전남나주시,N,457385519000,604100000000,146714481000,32.0768
2013,전남,전남담양군,N,303419964000,344600000000,41180036000,13.572
2013,전남,전남목포시,N,580889057000,671700000000,90810943000,15.6331
2013,전남,전남무안군,N,311510310000,378400000000,66889690000,21.4727
2013,전남,전남보성군,N,351627155000,394200000000,42572845000,12.1074
2013,전남,전남본청,Y,6100125250000,6998700000000,898574750000,14.7304
2013,전남,전남순천시,N,745190812000,890300000000,145109188000,19.4728
2013,전남,전남신안군,N,396282195000,448400000000,52117805000,13.1517
2013,전남,전남여수시,N,808291313000,992300000000,184008687000,22.7651
2013,전남,전남영광군,N,377840217000,492500000000,114659783000,30.3461
2013,전남,전남영암군,N,373279330000,448600000000,75320670000,20.1781
2013,전남,전남완도군,N,357627390000,422300000000,64672610000,18.0838
2013,전남,전남장성군,N,312342876000,356700000000,44357124000,14.2014
2013,전남,전남장흥군,N,298910409000,352300000000,53389591000,17.8614
2013,전남,전남진도군,N,256052480000,315600000000,59547520000,23.256
2013,전남,전남함평군,N,253257330000,330900000000,77642670000,30.6576
2013,전남,전남해남군,N,453831382000,553200000000,99368618000,21.8955
2013,전남,전남화순군,N,398018672000,490000000000,91981328000,23.1098
2013,전북,전북고창군,N,416414318000,457200000000,40785682000,9.7945
2013,전북,전북군산시,N,886145794000,962700000000,76554206000,8.639
2013,전북,전북김제시,N,546762649000,635900000000,89137351000,16.3028
2013,전북,전북남원시,N,507146087000,542400000000,35253913000,6.9514
2013,전북,전북무주군,N,281023209000,315600000000,34576791000,12.3039
2013,전북,전북본청,Y,4947312104000,5323500000000,376187896000,7.6039
2013,전북,전북부안군,N,402307053000,436600000000,34292947000,8.5241
2013,전북,전북순창군,N,294573570000,327300000000,32726430000,11.1098
2013,전북,전북완주군,N,547048697000,544300000000,-2748697000,-0.5025
2013,전북,전북익산시,N,854183244000,1032400000000,178216756000,20.864
2013,전북,전북임실군,N,287005499000,322600000000,35594501000,12.402
2013,전북,전북장수군,N,281177135000,336500000000,55322865000,19.6754
2013,전북,전북전주시,N,1235406868000,1433500000000,198093132000,16.0346
2013,전북,전북정읍시,N,568394970000,674900000000,106505030000,18.7379
2013,전북,전북진안군,N,278772091000,332600000000,53827909000,19.3089
2013,제주,제주본청,Y,3697610428000,4291400000000,593789572000,16.0587
2013,충남,충남계룡시,N,133650869000,174600000000,40949131000,30.6389
2013,충남,충남공주시,N,511001894000,597500000000,86498106000,16.9272
2013,충남,충남금산군,N,308165884000,361100000000,52934116000,17.1771
2013,충남,충남논산시,N,518480561000,574500000000,56019439000,10.8045
2013,충남,충남당진시,N,570332410000,702300000000,131967590000,23.1387
2013,충남,충남보령시,N,534829985000,606700000000,71870015000,13.4379
2013,충남,충남본청,Y,4873539000000,5280200000000,406661000000,8.3443
2013,충남,충남부여군,N,389533746000,487500000000,97966254000,25.1496
2013,충남,충남서산시,N,576986139000,673700000000,96713861000,16.7619
2013,충남,충남서천군,N,346768656000,401600000000,54831344000,15.8121
2013,충남,충남아산시,N,815621211000,941300000000,125678789000,15.409
2013,충남,충남예산군,N,395853272000,455600000000,59746728000,15.0931
2013,충남,충남천안시,N,1227918384000,1353400000000,125481616000,10.2191
2013,충남,충남청양군,N,257712622000,305200000000,47487378000,18.4265
2013,충남,충남태안군,N,339894715000,421900000000,82005285000,24.1267
2013,충남,충남홍성군,N,395681296000,461100000000,65418704000,16.5332
2013,충북,충북괴산군,N,267616063000,371100000000,103483937000,38.6688
2013,충북,충북단양군,N,258225774000,309100000000,50874226000,19.7015
2013,충북,충북보은군,N,259805384000,311600000000,51794616000,19.9359
2013,충북,충북본청,Y,3457781694000,3838400000000,380618306000,11.0076
2013,충북,충북영동군,N,307783661000,385400000000,77616339000,25.2178
2013,충북,충북옥천군,N,313719588000,392100000000,78380412000,24.9842
2013,충북,충북음성군,N,413824850000,479800000000,65975150000,15.9428
2013,충북,충북제천시,N,505580835000,575300000000,69719165000,13.7899
2013,충북,충북증평군,N,151341001000,187800000000,36458999000,24.0906
2013,충북,충북진천군,N,317260210000,346000000000,28739790000,9.0587
2013,충북,충북청원군,N,514882069000,677600000000,162717931000,31.603
2013,충북,충북청주시,N,1128229539000,1284700000000,156470461000,13.8687
2013,충북,충북충주시,N,741863096000,871500000000,129636904000,17.4745
2014,강원,강원강릉시,N,688130478000,756600000000,68469522000,9.9501
2014,강원,강원고성군,N,272384866000,309400000000,37015134000,13.5893
2014,강원,강원동해시,N,296488192000,321700000000,25211808000,8.5035
2014,강원,강원본청,Y,4534614247000,4884100000000,349485753000,7.7071
2014,강원,강원삼척시,N,456823071000,480700000000,23876929000,5.2267
2014,강원,강원속초시,N,293798080000,312600000000,18801920000,6.3996
2014,강원,강원양구군,N,264270290000,281600000000,17329710000,6.5576
2014,강원,강원양양군,N,216904325000,241000000000,24095675000,11.1089
2014,강원,강원영월군,N,294836511000,334200000000,39363489000,13.351
2014,강원,강원원주시,N,841019958000,959200000000,118180042000,14.052
2014,강원,강원인제군,N,306578382000,335500000000,28921618000,9.4337
2014,강원,강원정선군,N,324836918000,396000000000,71163082000,21.9073
2014,강원,강원철원군,N,287645969000,328900000000,41254031000,14.3419
2014,강원,강원춘천시,N,967953618000,1001100000000,33146382000,3.4244
2014,강원,강원태백시,N,312069292000,355800000000,43730708000,14.0131
2014,강원,강원평창군,N,307092192000,380000000000,72907808000,23.7413
2014,강원,강원홍천군,N,425967383000,505400000000,79432617000,18.6476
2014,강원,강원화천군,N,248257698000,259100000000,10842302000,4.3674
2014,강원,강원횡성군,N,323441916000,385900000000,62458084000,19.3104
2014,경기,경기가평군,N,345340063000,422100000000,76759937000,22.2273
2014,경기,경기고양시,N,1420648218000,1596400000000,175751782000,12.3712
2014,경기,경기과천시,N,258396863000,347100000000,88703137000,34.3283
2014,경기,경기광명시,N,600945608000,712600000000,111654392000,18.5798
2014,경기,경기광주시,N,620853079000,660300000000,39446921000,6.3537
2014,경기,경기구리시,N,345009098000,471900000000,126890902000,36.779
2014,경기,경기군포시,N,653825366000,576200000000,-77625366000,-11.8725
2014,경기,경기김포시,N,873781699000,874800000000,1018301000,0.1165
2014,경기,경기남양주시,N,1048735025000,1156400000000,107664975000,10.2662
2014,경기,경기동두천시,N,284638929000,318700000000,34061071000,11.9664
2014,경기,경기본청,Y,16958522169000,19170500000000,2211977831000,13.0435
2014,경기,경기부천시,N,1188997428000,1361700000000,172702572000,14.5251
2014,경기,경기성남시,N,2389502232000,2461800000000,72297768000,3.0256
2014,경기,경기수원시,N,2031541293000,2179200000000,147658707000,7.2683
2014,경기,경기시흥시,N,1184147478000,1474400000000,290252522000,24.5115
2014,경기,경기안산시,N,1422427967000,1595000000000,172572033000,12.1322
2014,경기,경기안성시,N,539314667000,623100000000,83785333000,15.5355
2014,경기,경기안양시,N,900263713000,1094600000000,194336287000,21.5866
2014,경기,경기양주시,N,496016589000,645300000000,149283411000,30.0965
2014,경기,경기양평군,N,434881692000,493100000000,58218308000,13.3872
2014,경기,경기여주시,N,480975484000,589700000000,108724516000,22.605
2014,경기,경기연천군,N,345961791000,394800000000,48838209000,14.1166
2014,경기,경기오산시,N,361943452000,439700000000,77756548000,21.4831
2014,경기,경기용인시,N,1639354092000,1998300000000,358945908000,21.8956
2014,경기,경기의왕시,N,286578799000,372100000000,85521201000,29.8421
2014,경기,경기의정부시,N,731162296000,814800000000,83637704000,11.439
2014,경기,경기이천시,N,527046765000,660500000000,133453235000,25.3209
2014,경기,경기파주시,N,782237909000,904000000000,121762091000,15.5659
2014,경기,경기평택시,N,964159528000,1266100000000,301940472000,31.3164
2014,경기,경기포천시,N,569723455000,650400000000,80676545000,14.1607
2014,경기,경기하남시,N,391050819000,493600000000,102549181000,26.224
2014,경기,경기화성시,N,1267930841000,1546800000000,278869159000,21.994
2014,경남,경남거제시,N,630948167000,665500000000,34551833000,5.4762
2014,경남,경남거창군,N,429242243000,493400000000,64157757000,14.9467
2014,경남,경남고성군,N,346231833000,417800000000,71568167000,20.6706
2014,경남,경남김해시,N,1090927432000,1197500000000,106572568000,9.769
2014,경남,경남남해군,N,331861335000,362100000000,30238665000,9.1118
2014,경남,경남밀양시,N,598581816000,645000000000,46418184000,7.7547
2014,경남,경남본청,Y,6877120300000,7626300000000,749179700000,10.8938
2014,경남,경남사천시,N,459717899000,540500000000,80782101000,17.5721
2014,경남,경남산청군,N,310249361000,357700000000,47450639000,15.2944
2014,경남,경남양산시,N,663382182000,838100000000,174717818000,26.3374
2014,경남,경남의령군,N,327298085000,391100000000,63801915000,19.4935
2014,경남,경남진주시,N,1029041293000,1140200000000,111158707000,10.8022
2014,경남,경남창녕군,N,389403293000,427400000000,37996707000,9.7577
2014,경남,경남창원시,N,2543142944000,2733600000000,190457056000,7.489
2014,경남,경남통영시,N,433208580000,517900000000,84691420000,19.5498
2014,경남,경남하동군,N,342437891000,388600000000,46162109000,13.4804
2014,경남,경남함안군,N,364370234000,381600000000,17229766000,4.7286
2014,경남,경남함양군,N,332934049000,379000000000,46065951000,13.8364
2014,경남,경남합천군,N,413794008000,473900000000,60105992000,14.5256
2014,경북,경북경산시,N,604379246000,715300000000,110920754000,18.3528
2014,경북,경북경주시,N,1033816136000,1187500000000,153683864000,14.8657
2014,경북,경북고령군,N,247947909000,277600000000,29652091000,11.959
2014,경북,경북구미시,N,1085980524000,1220000000000,134019476000,12.3409
2014,경북,경북군위군,N,236586510000,265400000000,28813490000,12.1788
2014,경북,경북김천시,N,634064101000,727200000000,93135899000,14.6887
2014,경북,경북문경시,N,484074435000,506100000000,22025565000,4.55
2014,경북,경북본청,Y,7511928970000,8000100000000,488171030000,6.4986
2014,경북,경북봉화군,N,292308142000,348400000000,56091858000,19.1893
2014,경북,경북상주시,N,625264835000,679200000000,53935165000,8.626
2014,경북,경북성주군,N,307372467000,352800000000,45427533000,14.7793
2014,경북,경북안동시,N,790619000000,903900000000,113281000000,14.3281
2014,경북,경북영덕군,N,324400307000,337600000000,13199693000,4.069
2014,경북,경북영양군,N,216909448000,236900000000,19990552000,9.2161
2014,경북,경북영주시,N,521911343000,563600000000,41688657000,7.9877
2014,경북,경북영천시,N,608331701000,648300000000,39968299000,6.5701
2014,경북,경북예천군,N,323606074000,355800000000,32193926000,9.9485
2014,경북,경북울릉군,N,156853154000,167500000000,10646846000,6.7878
2014,경북,경북울진군,N,458247684000,531100000000,72852316000,15.898
2014,경북,경북의성군,N,430971918000,499600000000,68628082000,15.924
2014,경북,경북청도군,N,315285039000,352300000000,37014961000,11.7402
2014,경북,경북청송군,N,271126725000,290700000000,19573275000,7.2192
2014,경북,경북칠곡군,N,411111990000,467100000000,55988010000,13.6187
2014,경북,경북포항시,N,1328887337000,1381600000000,52712663000,3.9667
2014,광주,광주광산구,N,419983179000,480500000000,60516821000,14.4093
2014,광주,광주남구,N,261733657000,312000000000,50266343000,19.2052
2014,광주,광주동구,N,181203470000,224400000000,43196530000,23.8387
2014,광주,광주본청,Y,3682510436000,4149300000000,466789564000,12.6759
2014,광주,광주북구,N,417840892000,494500000000,76659108000,18.3465
2014,광주,광주서구,N,298269001000,356700000000,58430999000,19.59
2014,대구,대구남구,N,214333446000,234000000000,19666554000,9.1757
2014,대구,대구달서구,N,489476130000,524000000000,34523870000,7.0532
2014,대구,대구달성군,N,446021909000,520600000000,74578091000,16.7207
2014,대구,대구동구,N,386313418000,420400000000,34086582000,8.8236
2014,대구,대구본청,Y,6173154962000,6642100000000,468945038000,7.5965
2014,대구,대구북구,N,428334429000,441900000000,13565571000,3.1671
2014,대구,대구서구,N,234331747000,251800000000,17468253000,7.4545
2014,대구,대구수성구,N,395587470000,421800000000,26212530000,6.6262
2014,대구,대구중구,N,161362626000,173600000000,12237374000,7.5838
2014,대전,대전대덕구,N,278394411000,321000000000,42605589000,15.304
2014,대전,대전동구,N,313667609000,355600000000,41932391000,13.3684
2014,대전,대전본청,Y,3743905317000,4377400000000,633494683000,16.9207
2014,대전,대전서구,N,423695559000,506700000000,83004441000,19.5906
2014,대전,대전유성구,N,377584849000,438700000000,61115151000,16.1858
2014,대전,대전중구,N,289075030000,341100000000,52024970000,17.997
2014,부산,부산강서구,N,173351722000,241100000000,67748278000,39.0814
2014,부산,부산금정구,N,242713373000,312800000000,70086627000,28.8763
2014,부산,부산기장군,N,362509730000,576600000000,214090270000,59.0578
2014,부산,부산남구,N,233868650000,309700000000,75831350000,32.4248
2014,부산,부산동구,N,176999147000,212500000000,35500853000,20.0571
2014,부산,부산동래구,N,254733502000,311200000000,56466498000,22.1669
2014,부산,부산본청,Y,8951204026000,10249600000000,1298395974000,14.5053
2014,부산,부산부산진구,N,345777301000,397100000000,51322699000,14.8427
2014,부산,부산북구,N,285996116000,347600000000,61603884000,21.5401
2014,부산,부산사상구,N,269776834000,301900000000,32123166000,11.9073
2014,부산,부산사하구,N,314220095000,376900000000,62679905000,19.9478
2014,부산,부산서구,N,190518274000,224300000000,33781726000,17.7315
2014,부산,부산수영구,N,190312695000,217200000000,26887305000,14.128
2014,부산,부산연제구,N,233233123000,260900000000,27666877000,11.8623
2014,부산,부산영도구,N,181229632000,211300000000,30070368000,16.5924
2014,부산,부산중구,N,111224447000,133300000000,22075553000,19.8478
2014,부산,부산해운대구,N,380536000000,446800000000,66264000000,17.4133
2014,서울,서울강남구,N,812548390000,882800000000,70251610000,8.6458
2014,서울,서울강동구,N,422537164000,479000000000,56462836000,13.3628
2014,서울,서울강북구,N,401344742000,445900000000,44555258000,11.1015
2014,서울,서울강서구,N,563512292000,642300000000,78787708000,13.9815
2014,서울,서울관악구,N,444332212000,522500000000,78167788000,17.5922
2014,서울,서울광진구,N,351279064000,399800000000,48520936000,13.8126
2014,서울,서울구로구,N,467369432000,530500000000,63130568000,13.5076
2014,서울,서울금천구,N,299826362000,330800000000,30973638000,10.3305
2014,서울,서울노원구,N,573019497000,644000000000,70980503000,12.3871
2014,서울,서울도봉구,N,348912921000,400200000000,51287079000,14.6991
2014,서울,서울동대문구,N,393152966000,421000000000,27847034000,7.083
2014,서울,서울동작구,N,386423037000,416700000000,30276963000,7.8352
2014,서울,서울마포구,N,465682359000,525000000000,59317641000,12.7378
2014,서울,서울본청,Y,25517088597000,27317300000000,1800211403000,7.0549
2014,서울,서울서대문구,N,340429852000,374300000000,33870148000,9.9492
2014,서울,서울서초구,N,587794442000,651000000000,63205558000,10.753
2014,서울,서울성동구,N,378057113000,419500000000,41442887000,10.9621
2014,서울,서울성북구,N,461253450000,514300000000,53046550000,11.5005
2014,서울,서울송파구,N,518541553000,555900000000,37358447000,7.2045
2014,서울,서울양천구,N,449741194000,491000000000,41258806000,9.1739
2014,서울,서울영등포구,N,443953243000,492100000000,48146757000,10.845
2014,서울,서울용산구,N,314861863000,347400000000,32538137000,10.3341
2014,서울,서울은평구,N,448481389000,504400000000,55918611000,12.4684
2014,서울,서울종로구,N,384331724000,438500000000,54168276000,14.0941
2014,서울,서울중구,N,311561612000,362900000000,51338388000,16.4778
2014,서울,서울중랑구,N,403542948000,461800000000,58257052000,14.4364
2014,세종,세종본청,Y,790016057000,1088600000000,298583943000,37.7947
2014,울산,울산남구,N,342504680000,383700000000,41195320000,12.0277
2014,울산,울산동구,N,190108650000,222200000000,32091350000,16.8805
2014,울산,울산본청,Y,2939311217000,3213200000000,273888783000,9.3181
2014,울산,울산북구,N,210533245000,248600000000,38066755000,18.0811
2014,울산,울산울주군,N,588004799000,694700000000,106695201000,18.1453
2014,울산,울산중구,N,231780335000,287200000000,55419665000,23.9104
2014,인천,인천강화군,N,358484419000,406600000000,48115581000,13.4219
2014,인천,인천계양구,N,322031549000,361900000000,39868451000,12.3803
2014,인천,인천남구,N,413802858000,429700000000,15897142000,3.8417
2014,인천,인천남동구,N,518455487000,563900000000,45444513000,8.7654
2014,인천,인천동구,N,165671161000,186800000000,21128839000,12.7535
2014,인천,인천본청,Y,8173812626000,8682200000000,508387374000,6.2197
2014,인천,인천부평구,N,507820412000,558100000000,50279588000,9.9011
2014,인천,인천서구,N,478349732000,529200000000,50850268000,10.6304
2014,인천,인천연수구,N,331177248000,360800000000,29622752000,8.9447
2014,인천,인천옹진군,N,270176180000,308100000000,37923820000,14.0367
2014,인천,인천중구,N,266867198000,303500000000,36632802000,13.727
2014,전남,전남강진군,N,288145465000,346500000000,58354535000,20.2518
2014,전남,전남고흥군,N,455646667000,543900000000,88253333000,19.3688
2014,전남,전남곡성군,N,273952311000,309400000000,35447689000,12.9394
2014,전남,전남광양시,N,497364502000,581700000000,84335498000,16.9565
2014,전남,전남구례군,N,241028959000,263900000000,22871041000,9.4889
2014,전남,전남나주시,N,494957121000,614800000000,119842879000,24.2128
2014,전남,전남담양군,N,317846741000,360300000000,42453259000,13.3565
2014,전남,전남목포시,N,602993897000,650900000000,47906103000,7.9447
2014,전남,전남무안군,N,352040497000,402000000000,49959503000,14.1914
2014,전남,전남보성군,N,358779022000,398900000000,40120978000,11.1826
2014,전남,전남본청,Y,6130308107000,6558600000000,428291893000,6.9865
2014,전남,전남순천시,N,816116963000,1019700000000,203583037000,24.9453
2014,전남,전남신안군,N,399124488000,455700000000,56575512000,14.1749
2014,전남,전남여수시,N,815575486000,1006400000000,190824514000,23.3975
2014,전남,전남영광군,N,407329726000,508800000000,101470274000,24.9111
2014,전남,전남영암군,N,384982739000,448700000000,63717261000,16.5507
2014,전남,전남완도군,N,359551069000,418400000000,58848931000,16.3673
2014,전남,전남장성군,N,319199867000,366800000000,47600133000,14.9123
2014,전남,전남장흥군,N,307080646000,358600000000,51519354000,16.7771
2014,전남,전남진도군,N,270678291000,357500000000,86821709000,32.0756
2014,전남,전남함평군,N,277678370000,363900000000,86221630000,31.0509
2014,전남,전남해남군,N,471959145000,588500000000,116540855000,24.693
2014,전남,전남화순군,N,371429661000,465000000000,93570339000,25.1919
2014,전북,전북고창군,N,423778698000,470200000000,46421302000,10.9541
2014,전북,전북군산시,N,906591999000,984500000000,77908001000,8.5935
2014,전북,전북김제시,N,568296605000,619700000000,51403395000,9.0452
2014,전북,전북남원시,N,507476173000,555800000000,48323827000,9.5224
2014,전북,전북무주군,N,286486894000,320200000000,33713106000,11.7678
2014,전북,전북본청,Y,5134323385000,5498600000000,364276615000,7.0949
2014,전북,전북부안군,N,410783991000,417300000000,6516009000,1.5862
2014,전북,전북순창군,N,295885716000,331100000000,35214284000,11.9013
2014,전북,전북완주군,N,574051349000,620000000000,45948651000,8.0043
2014,전북,전북익산시,N,898207650000,1004900000000,106692350000,11.8784
2014,전북,전북임실군,N,293078230000,353600000000,60521770000,20.6504
2014,전북,전북장수군,N,266127949000,315500000000,49372051000,18.552
2014,전북,전북전주시,N,1272542503000,1435500000000,162957497000,12.8057
2014,전북,전북정읍시,N,604748270000,686300000000,81551730000,13.4852
2014,전북,전북진안군,N,306776494000,356900000000,50123506000,16.3388
2014,제주,제주본청,Y,3954027432000,4376900000000,422872568000,10.6947
2014,충남,충남계룡시,N,144271891000,175300000000,31028109000,21.5067
2014,충남,충남공주시,N,528898921000,658000000000,129101079000,24.4094
2014,충남,충남금산군,N,335208795000,363600000000,28391205000,8.4697
2014,충남,충남논산시,N,557125282000,580700000000,23574718000,4.2315
2014,충남,충남당진시,N,603830647000,718300000000,114469353000,18.9572
2014,충남,충남보령시,N,535674476000,610900000000,75225524000,14.0431
2014,충남,충남본청,Y,5081737000000,5524500000000,442763000000,8.7128
2014,충남,충남부여군,N,408606380000,486800000000,78193620000,19.1367
2014,충남,충남서산시,N,624207952000,733600000000,109392048000,17.5249
2014,충남,충남서천군,N,369681112000,422400000000,52718888000,14.2606
2014,충남,충남아산시,N,931581691000,1007300000000,75718309000,8.1279
2014,충남,충남예산군,N,434308022000,480100000000,45791978000,10.5437
2014,충남,충남천안시,N,1290341223000,1412100000000,121758777000,9.4362
2014,충남,충남청양군,N,276423003000,317200000000,40776997000,14.7517
2014,충남,충남태안군,N,380845743000,445600000000,64754257000,17.0028
2014,충남,충남홍성군,N,430491673000,502200000000,71708327000,16.6573
2014,충북,충북괴산군,N,290494761000,400700000000,110205239000,37.9371
2014,충북,충북단양군,N,255218882000,306600000000,51381118000,20.1322
2014,충북,충북보은군,N,287913001000,323400000000,35486999000,12.3256
2014,충북,충북본청,Y,3691105367000,3958700000000,267594633000,7.2497
2014,충북,충북영동군,N,345959538000,410700000000,64740462000,18.7133
2014,충북,충북옥천군,N,328781206000,398600000000,69818794000,21.2356
2014,충북,충북음성군,N,418834260000,487300000000,68465740000,16.3467
2014,충북,충북제천시,N,565439229000,625000000000,59560771000,10.5335
2014,충북,충북증평군,N,183779356000,201200000000,17420644000,9.4791
2014,충북,충북진천군,N,326984542000,376000000000,49015458000,14.9901
2014,충북,충북충주시,N,745321143000,842000000000,96678857000,12.9714
2015,강원,강원강릉시,N,710633317000,805761416000,95128099000,13.3864
2015,강원,강원고성군,N,274158303000,306346977000,32188674000,11.7409
2015,강원,강원동해시,N,307454705000,339913669000,32458964000,10.5573
2015,강원,강원본청,Y,5146235899000,5743311734000,597075835000,11.6022
2015,강원,강원삼척시,N,464289957000,508136249000,43846292000,9.4437
2015,강원,강원속초시,N,272845473000,339879645000,67034172000,24.5685
2015,강원,강원양구군,N,270275340000,301151842000,30876502000,11.4241
2015,강원,강원양양군,N,241914075000,267343085000,25429010000,10.5116
2015,강원,강원영월군,N,305781366000,381786596000,76005230000,24.8561
2015,강원,강원원주시,N,904477389000,1072636243000,168158854000,18.5918
2015,강원,강원인제군,N,317033090000,358651577000,41618487000,13.1275
2015,강원,강원정선군,N,367861752000,423252796000,55391044000,15.0576
2015,강원,강원철원군,N,315941763000,365481198000,49539435000,15.6799
2015,강원,강원춘천시,N,995319650000,1070113448000,74793798000,7.5146
2015,강원,강원태백시,N,336386611000,355005797000,18619186000,5.5351
2015,강원,강원평창군,N,338717357000,423705746000,84988389000,25.0912
2015,강원,강원홍천군,N,435014648000,516847053000,81832405000,18.8114
2015,강원,강원화천군,N,262918910000,281606717000,18687807000,7.1078
2015,강원,강원횡성군,N,308136850000,366505324000,58368474000,18.9424
2015,경기,경기가평군,N,396018166000,499932223000,103914057000,26.2397
2015,경기,경기고양시,N,1515366090000,1901274052000,385907962000,25.4663
2015,경기,경기과천시,N,318303121000,399111779000,80808658000,25.3873
2015,경기,경기광명시,N,613349151000,788081831000,174732680000,28.4883
2015,경기,경기광주시,N,600284626000,747018103000,146733477000,24.444
2015,경기,경기구리시,N,433932568000,538268122000,104335554000,24.0442
2015,경기,경기군포시,N,619212944000,723592952000,104380008000,16.8569
2015,경기,경기김포시,N,1015126785000,1178944154000,163817369000,16.1376
2015,경기,경기남양주시,N,1049419467000,1281160394000,231740927000,22.0828
2015,경기,경기동두천시,N,302410038000,425274078000,122864040000,40.6283
2015,경기,경기본청,Y,19271679079000,23482115193000,4210436114000,21.8478
2015,경기,경기부천시,N,1244988967000,1721425915000,476436948000,38.2684
2015,경기,경기성남시,N,2656345953000,2810327492000,153981539000,5.7967
2015,경기,경기수원시,N,2087808238000,2463453822000,375645584000,17.9923
2015,경기,경기시흥시,N,1292627702000,1744183404000,451555702000,34.9332
2015,경기,경기안산시,N,1529357318000,1717177169000,187819851000,12.281
2015,경기,경기안성시,N,583343553000,690702491000,107358938000,18.4041
2015,경기,경기안양시,N,1020020497000,1298331827000,278311330000,27.2849
2015,경기,경기양주시,N,488945172000,659636995000,170691823000,34.9102
2015,경기,경기양평군,N,439271431000,577715973000,138444542000,31.5169
2015,경기,경기여주시,N,514430678000,619373130000,104942452000,20.3997
2015,경기,경기연천군,N,344565068000,430339838000,85774770000,24.8936
2015,경기,경기오산시,N,397253971000,518122044000,120868073000,30.4259
2015,경기,경기용인시,N,1730497464000,2195653402000,465155938000,26.8799
2015,경기,경기의왕시,N,307330029000,378645615000,71315586000,23.2049
2015,경기,경기의정부시,N,796251469000,1158845755000,362594286000,45.5377
2015,경기,경기이천시,N,588574471000,805595246000,217020775000,36.8723
2015,경기,경기파주시,N,804328970000,1006950561000,202621591000,25.1914
2015,경기,경기평택시,N,1052317118000,1558003419000,505686301000,48.0546
2015,경기,경기포천시,N,562803903000,679280995000,116477092000,20.6959
2015,경기,경기하남시,N,459532720000,547309239000,87776519000,19.1013
2015,경기,경기화성시,N,1477070593000,2087173517000,610102924000,41.3049
2015,경남,경남거제시,N,652643811000,735516398000,82872587000,12.698
2015,경남,경남거창군,N,445689228000,502920360000,57231132000,12.841
2015,경남,경남고성군,N,354858189000,408874497000,54016308000,15.2219
2015,경남,경남김해시,N,1191782362000,1338220165000,146437803000,12.2873
2015,경남,경남남해군,N,356027983000,390442544000,34414561000,9.6663
2015,경남,경남밀양시,N,574330139000,608862219000,34532080000,6.0126
2015,경남,경남본청,Y,7287256659000,9005161330000,1717904671000,23.5741
2015,경남,경남사천시,N,507011926000,535393557000,28381631000,5.5978
2015,경남,경남산청군,N,346507242000,385991883000,39484641000,11.395
2015,경남,경남양산시,N,797091053000,902722863000,105631810000,13.2522
2015,경남,경남의령군,N,337963341000,409595720000,71632379000,21.1953
2015,경남,경남진주시,N,1045073153000,1257655834000,212582681000,20.3414
2015,경남,경남창녕군,N,407150477000,445450143000,38299666000,9.4068
2015,경남,경남창원시,N,2596769175000,2883275900000,286506725000,11.0332
2015,경남,경남통영시,N,458408102000,557984104000,99576002000,21.7221
2015,경남,경남하동군,N,362228334000,417048740000,54820406000,15.1342
2015,경남,경남함안군,N,383560385000,401444069000,17883684000,4.6625
2015,경남,경남함양군,N,337468226000,371914515000,34446289000,10.2073
2015,경남,경남합천군,N,440521022000,515167229000,74646207000,16.945
2015,경북,경북경산시,N,625157794000,806999763000,181841969000,29.0874
2015,경북,경북경주시,N,1082868157000,1300969264000,218101107000,20.1411
2015,경북,경북고령군,N,273997707000,298744707000,24747000000,9.0318
2015,경북,경북구미시,N,1103750606000,1376058942000,272308336000,24.6712
2015,경북,경북군위군,N,251971116000,279133116000,27162000000,10.7798
2015,경북,경북김천시,N,681731745000,858457995000,176726250000,25.9231
2015,경북,경북문경시,N,510806325000,561758325000,50952000000,9.9748
2015,경북,경북본청,Y,7860065765000,8665841589000,805775824000,10.2515
2015,경북,경북봉화군,N,298761830000,353581774000,54819944000,18.349
2015,경북,경북상주시,N,655831990000,763434699000,107602709000,16.4071
2015,경북,경북성주군,N,381941451000,441715898000,59774447000,15.6502
2015,경북,경북안동시,N,813055000000,947512249000,134457249000,16.5373
2015,경북,경북영덕군,N,335599115000,372378115000,36779000000,10.9592
2015,경북,경북영양군,N,225866508000,254466074000,28599566000,12.6622
2015,경북,경북영주시,N,538396814000,584291809000,45894995000,8.5244
2015,경북,경북영천시,N,610000000000,683087310000,73087310000,11.9815
2015,경북,경북예천군,N,357576276000,405689004000,48112728000,13.4552
2015,경북,경북울릉군,N,153052060000,157433150000,4381090000,2.8625
2015,경북,경북울진군,N,447795679000,781536150000,333740471000,74.5296
2015,경북,경북의성군,N,464020627000,568200669000,104180042000,22.4516
2015,경북,경북청도군,N,325602047000,364541904000,38939857000,11.9593
2015,경북,경북청송군,N,282339040000,301436040000,19097000000,6.7639
2015,경북,경북칠곡군,N,425700000000,478641743000,52941743000,12.4364
2015,경북,경북포항시,N,1357514390000,1463660545000,106146155000,7.8192
2015,광주,광주광산구,N,463822127000,523230816000,59408689000,12.8085
2015,광주,광주남구,N,277305912000,339339605000,62033693000,22.3701
2015,광주,광주동구,N,216526574000,250566775000,34040201000,15.721
2015,광주,광주본청,Y,3933062429000,4496429515000,563367086000,14.3239
2015,광주,광주북구,N,481657600000,540267387000,58609787000,12.1684
2015,광주,광주서구,N,348645550000,392736343000,44090793000,12.6463
2015,대구,대구남구,N,241220941000,280858662000,39637721000,16.4321
2015,대구,대구달서구,N,547284946000,602000083000,54715137000,9.9976
2015,대구,대구달성군,N,486394903000,596661254000,110266351000,22.6701
2015,대구,대구동구,N,427679479000,487369683000,59690204000,13.9568
2015,대구,대구본청,Y,6400498917000,7614098717000,1213599800000,18.961
2015,대구,대구북구,N,445874326000,493620579000,47746253000,10.7085
2015,대구,대구서구,N,273157375000,298644093000,25486718000,9.3304
2015,대구,대구수성구,N,426697481000,469000201000,42302720000,9.914
2015,대구,대구중구,N,177446743000,209967244000,32520501000,18.3269
2015,대전,대전대덕구,N,280234420000,328365833000,48131413000,17.1754
2015,대전,대전동구,N,334114164000,392316847000,58202683000,17.42
2015,대전,대전본청,Y,4108244837000,4593166592000,484921755000,11.8036
2015,대전,대전서구,N,470121200000,562030693000,91909493000,19.5502
2015,대전,대전유성구,N,390931568000,466480670000,75549102000,19.3254
2015,대전,대전중구,N,308624620000,375418813000,66794193000,21.6425
2015,부산,부산강서구,N,209313647000,262960848000,53647201000,25.6301
2015,부산,부산금정구,N,284375232000,326961415000,42586183000,14.9753
2015,부산,부산기장군,N,431229673000,506655934000,75426261000,17.491
2015,부산,부산남구,N,251734943000,356315942000,104580999000,41.5441
2015,부산,부산동구,N,193339693000,231687586000,38347893000,19.8345
2015,부산,부산동래구,N,276960442000,340926421000,63965979000,23.0957
2015,부산,부산본청,Y,10020444490000,11341119663000,1320675173000,13.1798
2015,부산,부산부산진구,N,396571863000,465560776000,68988913000,17.3963
2015,부산,부산북구,N,301149761000,375932828000,74783067000,24.8325
2015,부산,부산사상구,N,279928602000,335909911000,55981309000,19.9984
2015,부산,부산사하구,N,352996362000,423195143000,70198781000,19.8865
2015,부산,부산서구,N,207404271000,263809193000,56404922000,27.1956
2015,부산,부산수영구,N,198976382000,253760182000,54783800000,27.5328
2015,부산,부산연제구,N,248944727000,296706996000,47762269000,19.1859
2015,부산,부산영도구,N,204299782000,254029395000,49729613000,24.3415
2015,부산,부산중구,N,125140462000,145534244000,20393782000,16.2967
2015,부산,부산해운대구,N,412895098000,492648572000,79753474000,19.3157
2015,서울,서울강남구,N,870243560000,913497109000,43253549000,4.9703
2015,서울,서울강동구,N,471609263000,536906380000,65297117000,13.8456
2015,서울,서울강북구,N,443820632000,509985766000,66165134000,14.9081
2015,서울,서울강서구,N,671626456000,716450261000,44823805000,6.6739
2015,서울,서울관악구,N,474634140000,538982553000,64348413000,13.5575
2015,서울,서울광진구,N,394745789000,463939983000,69194194000,17.5288
2015,서울,서울구로구,N,487461141000,536195254000,48734113000,9.9975
2015,서울,서울금천구,N,329484186000,367325152000,37840966000,11.4849
2015,서울,서울노원구,N,637254831000,733094170000,95839339000,15.0394
2015,서울,서울도봉구,N,392738766000,456419135000,63680369000,16.2144
2015,서울,서울동대문구,N,417957150000,471645885000,53688735000,12.8455
2015,서울,서울동작구,N,402865467000,484490611000,81625144000,20.2611
2015,서울,서울마포구,N,510562462000,566443878000,55881416000,10.9451
2015,서울,서울본청,Y,26657217692000,28594040559000,1936822867000,7.2657
2015,서울,서울서대문구,N,377506379000,426443304000,48936925000,12.9632
2015,서울,서울서초구,N,632284418000,694364345000,62079927000,9.8184
2015,서울,서울성동구,N,391628042000,436393783000,44765741000,11.4307
2015,서울,서울성북구,N,494445596000,566147562000,71701966000,14.5015
2015,서울,서울송파구,N,565741586000,619344686000,53603100000,9.4748
2015,서울,서울양천구,N,488841223000,539185589000,50344366000,10.2987
2015,서울,서울영등포구,N,451000771000,510507641000,59506870000,13.1944
2015,서울,서울용산구,N,342822005000,366162333000,23340328000,6.8083
2015,서울,서울은평구,N,510381323000,552486823000,42105500000,8.2498
2015,서울,서울종로구,N,412696383000,465677144000,52980761000,12.8377
2015,서울,서울중구,N,362120674000,394568734000,32448060000,8.9606
2015,서울,서울중랑구,N,461503937000,508398311000,46894374000,10.1612
2015,세종,세종본청,Y,967609435000,1308568915000,340959480000,35.2373
2015,울산,울산남구,N,365992759000,424711904000,58719145000,16.0438
2015,울산,울산동구,N,196792903000,220876850000,24083947000,12.2382
2015,울산,울산본청,Y,3090833905000,3385958353000,295124448000,9.5484
2015,울산,울산북구,N,228750652000,270763121000,42012469000,18.3661
2015,울산,울산울주군,N,617698625000,718523276000,100824651000,16.3226
2015,울산,울산중구,N,254355912000,293100581000,38744669000,15.2325
2015,인천,인천강화군,N,362447066000,418026788000,55579722000,15.3346
2015,인천,인천계양구,N,337156084000,366639214000,29483130000,8.7447
2015,인천,인천남구,N,456803959000,493694351000,36890392000,8.0758
2015,인천,인천남동구,N,549369065000,612296198000,62927133000,11.4544
2015,인천,인천동구,N,196728879000,207474788000,10745909000,5.4623
2015,인천,인천본청,Y,8051910458000,9641043120000,1589132662000,19.7361
2015,인천,인천부평구,N,565102625000,596600321000,31497696000,5.5738
2015,인천,인천서구,N,503902107000,586941977000,83039870000,16.4794
2015,인천,인천연수구,N,340871714000,393642290000,52770576000,15.4811
2015,인천,인천옹진군,N,270890885000,300825475000,29934590000,11.0504
2015,인천,인천중구,N,267839076000,308415160000,40576084000,15.1494
2015,전남,전남강진군,N,288900245000,350817623000,61917378000,21.4321
2015,전남,전남고흥군,N,476950521000,648837814000,171887293000,36.0388
2015,전남,전남곡성군,N,293081181000,340383959000,47302778000,16.1398
2015,전남,전남광양시,N,571996050000,649247732000,77251682000,13.5056
2015,전남,전남구례군,N,249445786000,256372690000,6926904000,2.7769
2015,전남,전남나주시,N,542832067000,662939311000,120107244000,22.126
2015,전남,전남담양군,N,324285087000,354700006000,30414919000,9.3791
2015,전남,전남목포시,N,654350907000,695738545000,41387638000,6.325
2015,전남,전남무안군,N,374855303000,451112426000,76257123000,20.3431
2015,전남,전남보성군,N,363186383000,409794518000,46608135000,12.8331
2015,전남,전남본청,Y,6671297574000,7032329719000,361032145000,5.4117
2015,전남,전남순천시,N,868763310000,1063528990000,194765680000,22.4187
2015,전남,전남신안군,N,411807333000,493281325000,81473992000,19.7845
2015,전남,전남여수시,N,905385126000,1059224121000,153838995000,16.9916
2015,전남,전남영광군,N,408286704000,526914249000,118627545000,29.055
2015,전남,전남영암군,N,394441213000,465048685000,70607472000,17.9006
2015,전남,전남완도군,N,347153276000,438890547000,91737271000,26.4256
2015,전남,전남장성군,N,331721208000,406434634000,74713426000,22.523
2015,전남,전남장흥군,N,339304269000,381396374000,42092105000,12.4054
2015,전남,전남진도군,N,285347681000,339870640000,54522959000,19.1076
2015,전남,전남함평군,N,325197254000,401664123000,76466869000,23.514
2015,전남,전남해남군,N,497528135000,640756157000,143228022000,28.7879
2015,전남,전남화순군,N,405750046000,478113022000,72362976000,17.8344
2015,전북,전북고창군,N,444796467000,486021172000,41224705000,9.2682
2015,전북,전북군산시,N,958388018000,1063309112000,104921094000,10.9477
2015,전북,전북김제시,N,576049519000,656403120000,80353601000,13.9491
2015,전북,전북남원시,N,516830255000,574017666000,57187411000,11.065
2015,전북,전북무주군,N,289073513000,320179941000,31106428000,10.7607
2015,전북,전북본청,Y,5463648994000,6068144137000,604495143000,11.0639
2015,전북,전북부안군,N,438480838000,469859067000,31378229000,7.1561
2015,전북,전북순창군,N,308002005000,343498176000,35496171000,11.5247
2015,전북,전북완주군,N,584740389000,628382984000,43642595000,7.4636
2015,전북,전북익산시,N,935045837000,1052616856000,117571019000,12.5738
2015,전북,전북임실군,N,318879117000,365790192000,46911075000,14.7112
2015,전북,전북장수군,N,272255821000,325329815000,53073994000,19.4942
2015,전북,전북전주시,N,1340954839000,1569327488000,228372649000,17.0306
2015,전북,전북정읍시,N,667871378000,768657497000,100786119000,15.0906
2015,전북,전북진안군,N,320781701000,359933975000,39152274000,12.2053
2015,제주,제주본청,Y,4283145082000,4786101494000,502956412000,11.7427
2015,충남,충남계룡시,N,142344074000,193709918000,51365844000,36.0857
2015,충남,충남공주시,N,557603504000,644483239000,86879735000,15.5809
2015,충남,충남금산군,N,341468799000,367598362000,26129563000,7.6521
2015,충남,충남논산시,N,583441942000,631416812000,47974870000,8.2227
2015,충남,충남당진시,N,669118814000,792931934000,123813120000,18.5039
2015,충남,충남보령시,N,534113608000,649809478000,115695870000,21.6613
2015,충남,충남본청,Y,5228921000000,6477517613000,1248596613000,23.8787
2015,충남,충남부여군,N,416375136000,524131399000,107756263000,25.8796
2015,충남,충남서산시,N,663950000000,737356943000,73406943000,11.0561
2015,충남,충남서천군,N,381797580000,445558738000,63761158000,16.7003
2015,충남,충남아산시,N,907472158000,1088314621000,180842463000,19.9282
2015,충남,충남예산군,N,467518775000,523591216000,56072441000,11.9936
2015,충남,충남천안시,N,1333353428000,1582152221000,248798793000,18.6596
2015,충남,충남청양군,N,280273450000,328073519000,47800069000,17.0548
2015,충남,충남태안군,N,392557797000,540618611000,148060814000,37.7169
2015,충남,충남홍성군,N,462051724000,533091725000,71040001000,15.3749
2015,충북,충북괴산군,N,300744499000,385650589000,84906090000,28.232
2015,충북,충북단양군,N,270851274000,312929049000,42077775000,15.5354
2015,충북,충북보은군,N,283848302000,328564850000,44716548000,15.7537
2015,충북,충북본청,Y,3888909977000,4379815547000,490905570000,12.6232
2015,충북,충북영동군,N,358180606000,432277938000,74097332000,20.6871
2015,충북,충북옥천군,N,343101658000,415358905000,72257247000,21.06
2015,충북,충북음성군,N,457142952000,519661479000,62518527000,13.6759
2015,충북,충북제천시,N,588831959000,660385406000,71553447000,12.1518
2015,충북,충북증평군,N,181170005000,195733884000,14563879000,8.0388
2015,충북,충북진천군,N,332549590000,412922193000,80372603000,24.1686
2015,충북,충북청주시,N,2022042674000,2326777722000,304735048000,15.0707
2015,충북,충북충주시,N,761850478000,928341721000,166491243000,21.8535
2016,강원,강원강릉시,N,769231327000,908589728000,139358401000,18.1166
2016,강원,강원고성군,N,283704186000,335431339000,51727153000,18.2328
2016,강원,강원동해시,N,347022191000,407029471000,60007280000,17.2921
2016,강원,강원본청,Y,5633549162000,7056600793000,1423051631000,25.2603
2016,강원,강원삼척시,N,464436252000,530021724000,65585472000,14.1215
2016,강원,강원속초시,N,282206954000,351422698000,69215744000,24.5266
2016,강원,강원양구군,N,280426155000,305390725000,24964570000,8.9024
2016,강원,강원양양군,N,270282323000,293203240000,22920917000,8.4804
2016,강원,강원영월군,N,318956253000,386328899000,67372646000,21.1228
2016,강원,강원원주시,N,994270504000,1346234182000,351963678000,35.3992
2016,강원,강원인제군,N,323422395000,379094705000,55672310000,17.2135
2016,강원,강원정선군,N,367549115000,473018533000,105469418000,28.6953
2016,강원,강원철원군,N,334880549000,420299803000,85419254000,25.5074
2016,강원,강원춘천시,N,1038979847000,1224342357000,185362510000,17.8408
2016,강원,강원태백시,N,311124667000,409043790000,97919123000,31.4726
2016,강원,강원평창군,N,354392865000,458168616000,103775751000,29.2827
2016,강원,강원홍천군,N,464848192000,530072286000,65224094000,14.0313
2016,강원,강원화천군,N,283984901000,322061343000,38076442000,13.4079
2016,강원,강원횡성군,N,335457940000,388288350000,52830410000,15.7487
2016,경기,경기가평군,N,414337741000,509021441000,94683700000,22.8518
2016,경기,경기고양시,N,1556056500000,1920352336000,364295836000,23.4115
2016,경기,경기과천시,N,289797445000,376561407000,86763962000,29.9395
2016,경기,경기광명시,N,683714491000,832701231000,148986740000,21.7908
2016,경기,경기광주시,N,622893647000,895678997000,272785350000,43.7932
2016,경기,경기구리시,N,454864857000,546457239000,91592382000,20.1362
2016,경기,경기군포시,N,651373750000,729831437000,78457687000,12.045
2016,경기,경기김포시,N,1155051471000,1461602636000,306551165000,26.54
2016,경기,경기남양주시,N,1149454417000,1471778288000,322323871000,28.0415
2016,경기,경기동두천시,N,350126130000,481511935000,131385805000,37.5253
2016,경기,경기본청,Y,20818802530000,24934080626000,4115278096000,19.7671
2016,경기,경기부천시,N,1613976592000,2082700481000,468723889000,29.0416
2016,경기,경기성남시,N,2572987213000,3032058699000,459071486000,17.842
2016,경기,경기수원시,N,2358084034000,2614169915000,256085881000,10.8599
2016,경기,경기시흥시,N,1480128676000,1734454981000,254326305000,17.1827
2016,경기,경기안산시,N,1622861941000,2240873395000,618011454000,38.0816
2016,경기,경기안성시,N,587106102000,796777281000,209671179000,35.7127
2016,경기,경기안양시,N,1107497832000,1326773205000,219275373000,19.7992
2016,경기,경기양주시,N,585826697000,740233728000,154407031000,26.3571
2016,경기,경기양평군,N,455252836000,586503589000,131250753000,28.8303
2016,경기,경기여주시,N,556411274000,704826951000,148415677000,26.6737
2016,경기,경기연천군,N,344616632000,429102978000,84486346000,24.516
2016,경기,경기오산시,N,433977053000,599636414000,165659361000,38.1724
2016,경기,경기용인시,N,1945120235000,2411431912000,466311677000,23.9734
2016,경기,경기의왕시,N,320942999000,390543072000,69600073000,21.6861
2016,경기,경기의정부시,N,839459353000,983593707000,144134354000,17.1699
2016,경기,경기이천시,N,612261074000,934388183000,322127109000,52.6127
2016,경기,경기파주시,N,882137924000,1115186139000,233048215000,26.4186
2016,경기,경기평택시,N,1235144905000,1702534211000,467389306000,37.8408
2016,경기,경기포천시,N,506209879000,756830473000,250620594000,49.5092
2016,경기,경기하남시,N,462652317000,581007626000,118355309000,25.5819
2016,경기,경기화성시,N,1926140430000,2433343363000,507202933000,26.3326
2016,경남,경남거제시,N,681537776000,772897970000,91360194000,13.405
2016,경남,경남거창군,N,461772495000,510531531000,48759036000,10.5591
2016,경남,경남고성군,N,373548596000,449558731000,76010135000,20.3481
2016,경남,경남김해시,N,1203872753000,1415376591000,211503838000,17.5686
2016,경남,경남남해군,N,361992769000,402472903000,40480134000,11.1826
2016,경남,경남밀양시,N,572905002000,688699791000,115794789000,20.2119
2016,경남,경남본청,Y,7542890476000,8563057300000,1020166824000,13.5249
2016,경남,경남사천시,N,542344396000,622371724000,80027328000,14.7558
2016,경남,경남산청군,N,353075144000,399040063000,45964919000,13.0185
2016,경남,경남양산시,N,911389903000,1079928341000,168538438000,18.4925
2016,경남,경남의령군,N,360125421000,420279177000,60153756000,16.7036
2016,경남,경남진주시,N,1054775316000,1579849375000,525074059000,49.7807
2016,경남,경남창녕군,N,432367237000,485891294000,53524057000,12.3793
2016,경남,경남창원시,N,2638969592000,3086326712000,447357120000,16.952
2016,경남,경남통영시,N,473485167000,578728473000,105243306000,22.2274
2016,경남,경남하동군,N,397256415000,473730182000,76473767000,19.2505
2016,경남,경남함안군,N,399221830000,428080488000,28858658000,7.2287
2016,경남,경남함양군,N,355919750000,396293990000,40374240000,11.3436
2016,경남,경남합천군,N,456512437000,541250264000,84737827000,18.562
2016,경북,경북경산시,N,737164968000,841989313000,104824345000,14.2199
2016,경북,경북경주시,N,1126698022000,1398809363000,272111341000,24.1512
2016,경북,경북고령군,N,279573937000,307703937000,28130000000,10.0617
2016,경북,경북구미시,N,1121561638000,1362111942000,240550304000,21.4478
2016,경북,경북군위군,N,284010567000,314424625000,30414058000,10.7088
2016,경북,경북김천시,N,820126290000,939599659000,119473369000,14.5677
2016,경북,경북문경시,N,534279000000,577168000000,42889000000,8.0275
2016,경북,경북본청,Y,8529707555000,9041726283000,512018728000,6.0028
2016,경북,경북봉화군,N,313639304000,385512051000,71872747000,22.9157
2016,경북,경북상주시,N,670044612000,848048768000,178004156000,26.566
2016,경북,경북성주군,N,399664000000,450151959000,50487959000,12.6326
2016,경북,경북안동시,N,786535377000,954126594000,167591217000,21.3075
2016,경북,경북영덕군,N,367084044000,401486544000,34402500000,9.3718
2016,경북,경북영양군,N,246694957000,289120796000,42425839000,17.1977
2016,경북,경북영주시,N,563358084000,637066047000,73707963000,13.0837
2016,경북,경북영천시,N,637287426000,763892029000,126604603000,19.8662
2016,경북,경북예천군,N,383392696000,458696702000,75304006000,19.6415
2016,경북,경북울릉군,N,154081413000,167362334000,13280921000,8.6194
2016,경북,경북울진군,N,643313024000,854604345000,211291321000,32.8442
2016,경북,경북의성군,N,481113538000,589164180000,108050642000,22.4584
2016,경북,경북청도군,N,314558268000,349172886000,34614618000,11.0042
2016,경북,경북청송군,N,298006489000,334660489000,36654000000,12.2997
2016,경북,경북칠곡군,N,436400000000,489800000000,53400000000,12.2365
2016,경북,경북포항시,N,1468229873000,1678982256000,210752383000,14.3542
2016,광주,광주광산구,N,499802478000,539112927000,39310449000,7.8652
2016,광주,광주남구,N,280363284000,350879935000,70516651000,25.1519
2016,광주,광주동구,N,242707550000,287908389000,45200839000,18.6236
2016,광주,광주본청,Y,4163972594000,4445487337000,281514743000,6.7607
2016,광주,광주북구,N,504290632000,583263784000,78973152000,15.6602
2016,광주,광주서구,N,366091513000,422465847000,56374334000,15.399
2016,대구,대구남구,N,267069219000,323930786000,56861567000,21.2909
2016,대구,대구달서구,N,600201172000,647716258000,47515086000,7.9165
2016,대구,대구달성군,N,550313676000,694964376000,144650700000,26.2851
2016,대구,대구동구,N,466326919000,539751155000,73424236000,15.7452
2016,대구,대구본청,Y,7222588409000,7629494365000,406905956000,5.6338
2016,대구,대구북구,N,468073081000,528578227000,60505146000,12.9264
2016,대구,대구서구,N,292259190000,334295140000,42035950000,14.3831
2016,대구,대구수성구,N,467918316000,543237068000,75318752000,16.0966
2016,대구,대구중구,N,192616093000,242085216000,49469123000,25.6828
2016,대전,대전대덕구,N,294704601000,352549807000,57845206000,19.6282
2016,대전,대전동구,N,358203415000,410056969000,51853554000,14.476
2016,대전,대전본청,Y,4312802052000,4863049819000,550247767000,12.7585
2016,대전,대전서구,N,503856598000,579202089000,75345491000,14.9538
2016,대전,대전유성구,N,403205119000,488001058000,84795939000,21.0305
2016,대전,대전중구,N,331813679000,374485860000,42672181000,12.8603
2016,부산,부산강서구,N,228727696000,284320210000,55592514000,24.3051
2016,부산,부산금정구,N,309784804000,366387612000,56602808000,18.2717
2016,부산,부산기장군,N,481830919000,552448567000,70617648000,14.6561
2016,부산,부산남구,N,270417968000,390179889000,119761921000,44.2877
2016,부산,부산동구,N,196046933000,238219651000,42172718000,21.5115
2016,부산,부산동래구,N,300229388000,389939046000,89709658000,29.8804
2016,부산,부산본청,Y,11147652001000,12022675618000,875023617000,7.8494
2016,부산,부산부산진구,N,416000530000,497745758000,81745228000,19.6503
2016,부산,부산북구,N,341727305000,421812563000,80085258000,23.4354
2016,부산,부산사상구,N,302835063000,361515967000,58680904000,19.3772
2016,부산,부산사하구,N,383123877000,450804322000,67680445000,17.6654
2016,부산,부산서구,N,213945473000,274572156000,60626683000,28.3374
2016,부산,부산수영구,N,219118791000,287879879000,68761088000,31.3807
2016,부산,부산연제구,N,262205928000,324090311000,61884383000,23.6014
2016,부산,부산영도구,N,222524011000,277447728000,54923717000,24.6822
2016,부산,부산중구,N,136063957000,170115671000,34051714000,25.0263
2016,부산,부산해운대구,N,436491104000,547436997000,110945893000,25.4177
2016,서울,서울강남구,N,916817624000,977459321000,60641697000,6.6144
2016,서울,서울강동구,N,515133234000,601879286000,86746052000,16.8395
2016,서울,서울강북구,N,486129132000,555060727000,68931595000,14.1797
2016,서울,서울강서구,N,714775197000,791747573000,76972376000,10.7688
2016,서울,서울관악구,N,521402477000,586323906000,64921429000,12.4513
2016,서울,서울광진구,N,432207005000,508494319000,76287314000,17.6506
2016,서울,서울구로구,N,542981357000,625463664000,82482307000,15.1906
2016,서울,서울금천구,N,360232834000,407124701000,46891867000,13.0171
2016,서울,서울노원구,N,694946675000,784306881000,89360206000,12.8586
2016,서울,서울도봉구,N,447255717000,513342267000,66086550000,14.776
2016,서울,서울동대문구,N,444327045000,514952985000,70625940000,15.895
2016,서울,서울동작구,N,456290355000,543882907000,87592552000,19.1967
2016,서울,서울마포구,N,562030607000,621679629000,59649022000,10.6131
2016,서울,서울본청,Y,29272794246000,31970410061000,2697615815000,9.2154
2016,서울,서울서대문구,N,406166034000,482475792000,76309758000,18.7878
2016,서울,서울서초구,N,682215590000,762560919000,80345329000,11.7771
2016,서울,서울성동구,N,416787094000,476854387000,60067293000,14.412
2016,서울,서울성북구,N,530814175000,606759772000,75945597000,14.3074
2016,서울,서울송파구,N,603202533000,668372064000,65169531000,10.8039
2016,서울,서울양천구,N,525114585000,627861987000,102747402000,19.5667
2016,서울,서울영등포구,N,476342511000,536856191000,60513680000,12.7038
2016,서울,서울용산구,N,366945436000,400924269000,33978833000,9.2599
2016,서울,서울은평구,N,557015571000,618188604000,61173033000,10.9823
2016,서울,서울종로구,N,432342705000,507387061000,75044356000,17.3576
2016,서울,서울중구,N,414585572000,472013364000,57427792000,13.8519
2016,서울,서울중랑구,N,494082344000,550839717000,56757373000,11.4874
2016,세종,세종본청,Y,1194522501000,1542389147000,347866646000,29.1218
2016,울산,울산남구,N,379854400000,448412806000,68558406000,18.0486
2016,울산,울산동구,N,217657287000,246663823000,29006536000,13.3267
2016,울산,울산본청,Y,3397293393000,3783107477000,385814084000,11.3565
2016,울산,울산북구,N,252306369000,336040600000,83734231000,33.1875
2016,울산,울산울주군,N,730312953000,921009648000,190696695000,26.1116
2016,울산,울산중구,N,279345754000,340688724000,61342970000,21.9595
2016,인천,인천강화군,N,372055831000,443919371000,71863540000,19.3153
2016,인천,인천계양구,N,358403148000,415969169000,57566021000,16.0618
2016,인천,인천남구,N,491299691000,558364320000,67064629000,13.6505
2016,인천,인천남동구,N,580237788000,688384959000,108147171000,18.6384
2016,인천,인천동구,N,178867322000,214294370000,35427048000,19.8063
2016,인천,인천본청,Y,8531672102000,9414294410000,882622308000,10.3452
2016,인천,인천부평구,N,594472517000,652598722000,58126205000,9.7778
2016,인천,인천서구,N,548571570000,659553570000,110982000000,20.2311
2016,인천,인천연수구,N,391371428000,473913536000,82542108000,21.0905
2016,인천,인천옹진군,N,283534721000,355694062000,72159341000,25.4499
2016,인천,인천중구,N,295745003000,342817957000,47072954000,15.9167
2016,전남,전남강진군,N,291504744000,362506594000,71001850000,24.357
2016,전남,전남고흥군,N,532957400000,669672244000,136714844000,25.6521
2016,전남,전남곡성군,N,286798051000,341615864000,54817813000,19.1137
2016,전남,전남광양시,N,685291495000,769351395000,84059900000,12.2663
2016,전남,전남구례군,N,234112224000,268823666000,34711442000,14.8268
2016,전남,전남나주시,N,578794769000,770713151000,191918382000,33.1583
2016,전남,전남담양군,N,319143499000,372087342000,52943843000,16.5894
2016,전남,전남목포시,N,681031391000,761442227000,80410836000,11.8072
2016,전남,전남무안군,N,395096202000,447130339000,52034137000,13.17
2016,전남,전남보성군,N,366601874000,445153803000,78551929000,21.427
2016,전남,전남본청,Y,6884895796000,7606877575000,721981779000,10.4865
2016,전남,전남순천시,N,938064576000,1097690336000,159625760000,17.0165
2016,전남,전남신안군,N,412459170000,566693561000,154234391000,37.3939
2016,전남,전남여수시,N,914790647000,1107588968000,192798321000,21.0757
2016,전남,전남영광군,N,430923405000,547380256000,116456851000,27.025
2016,전남,전남영암군,N,398092365000,485503164000,87410799000,21.9574
2016,전남,전남완도군,N,351290142000,436580461000,85290319000,24.2792
2016,전남,전남장성군,N,343681033000,387194904000,43513871000,12.6611
2016,전남,전남장흥군,N,329131538000,392266793000,63135255000,19.1824
2016,전남,전남진도군,N,289250165000,363830211000,74580046000,25.7839
2016,전남,전남함평군,N,334114138000,401723575000,67609437000,20.2354
2016,전남,전남해남군,N,518988424000,692138010000,173149586000,33.3629
2016,전남,전남화순군,N,411881896000,500871509000,88989613000,21.6056
2016,전북,전북고창군,N,454119437000,521851048000,67731611000,14.9149
2016,전북,전북군산시,N,965403971000,1078306643000,112902672000,11.6949
2016,전북,전북김제시,N,533612436000,646194502000,112582066000,21.0981
2016,전북,전북남원시,N,524963887000,625342823000,100378936000,19.1211
2016,전북,전북무주군,N,297099699000,341787231000,44687532000,15.0413
2016,전북,전북본청,Y,5636159792000,6366567072000,730407280000,12.9593
2016,전북,전북부안군,N,453067328000,506866270000,53798942000,11.8744
2016,전북,전북순창군,N,319704395000,358210853000,38506458000,12.0444
2016,전북,전북완주군,N,604116967000,612236065000,8119098000,1.344
2016,전북,전북익산시,N,957543891000,1052673524000,95129633000,9.9348
2016,전북,전북임실군,N,329548937000,369581051000,40032114000,12.1475
2016,전북,전북장수군,N,284831906000,356838286000,72006380000,25.2803
2016,전북,전북전주시,N,1539613543000,1675154619000,135541076000,8.8036
2016,전북,전북정읍시,N,681121974000,788012859000,106890885000,15.6934
2016,전북,전북진안군,N,324333096000,371405789000,47072693000,14.5137
2016,제주,제주본청,Y,4606950463000,5261980061000,655029598000,14.2183
2016,충남,충남계룡시,N,148319003000,187626995000,39307992000,26.5023
2016,충남,충남공주시,N,559255464000,705392740000,146137276000,26.1307
2016,충남,충남금산군,N,342748051000,386654163000,43906112000,12.81
2016,충남,충남논산시,N,625754485000,731470073000,105715588000,16.8941
2016,충남,충남당진시,N,705603230000,854960763000,149357533000,21.1674
2016,충남,충남보령시,N,602966030000,745496899000,142530869000,23.6383
2016,충남,충남본청,Y,6001369500000,7120112392000,1118742892000,18.6415
2016,충남,충남부여군,N,431172564000,539955839000,108783275000,25.2296
2016,충남,충남서산시,N,685890287000,835449898000,149559611000,21.8052
2016,충남,충남서천군,N,394210490000,467423569000,73213079000,18.5721
2016,충남,충남아산시,N,901797299000,1150468646000,248671347000,27.5751
2016,충남,충남예산군,N,497813064000,616292088000,118479024000,23.7999
2016,충남,충남천안시,N,1463877209000,1743868129000,279990920000,19.1267
2016,충남,충남청양군,N,283416946000,339782206000,56365260000,19.8878
2016,충남,충남태안군,N,413323224000,525053464000,111730240000,27.0322
2016,충남,충남홍성군,N,493539000000,586329820000,92790820000,18.8011
2016,충북,충북괴산군,N,319876322000,402267662000,82391340000,25.7572
2016,충북,충북단양군,N,259353031000,332525352000,73172321000,28.2134
2016,충북,충북보은군,N,298714052000,375878122000,77164070000,25.8321
2016,충북,충북본청,Y,4190339640000,4835281375000,644941735000,15.3912
2016,충북,충북영동군,N,369417460000,464022830000,94605370000,25.6093
2016,충북,충북옥천군,N,367121357000,423558205000,56436848000,15.3728
2016,충북,충북음성군,N,473885039000,542214530000,68329491000,14.419
2016,충북,충북제천시,N,619517497000,734334141000,114816644000,18.5332
2016,충북,충북증평군,N,170603526000,197006718000,26403192000,15.4763
2016,충북,충북진천군,N,343022266000,420940048000,77917782000,22.7151
2016,충북,충북청주시,N,1995803078000,2414716052000,418912974000,20.9897
2016,충북,충북충주시,N,801224060000,979730074000,178506014000,22.2792
2017,강원,강원강릉시,N,787635815000,1013433395000,225797580000,28.6678
2017,강원,강원고성군,N,276867165000,345482768000,68615603000,24.7829
2017,강원,강원동해시,N,342029588000,417498527000,75468939000,22.065
2017,강원,강원본청,Y,5871774807000,6691884586000,820109779000,13.967
2017,강원,강원삼척시,N,464544336000,612484573000,147940237000,31.8463
2017,강원,강원속초시,N,310294979000,438406660000,128111681000,41.2871
2017,강원,강원양구군,N,291488640000,345540230000,54051590000,18.5433
2017,강원,강원양양군,N,261347228000,327323251000,65976023000,25.2446
2017,강원,강원영월군,N,356103445000,463234810000,107131365000,30.0843
2017,강원,강원원주시,N,985182615000,1312647791000,327465176000,33.239
2017,강원,강원인제군,N,345542438000,461130438000,115588000000,33.4512
2017,강원,강원정선군,N,402020366000,522110227000,120089861000,29.8716
2017,강원,강원철원군,N,352150407000,474834990000,122684583000,34.8387
2017,강원,강원춘천시,N,1127361754000,1399762271000,272400517000,24.1627
2017,강원,강원태백시,N,311373744000,374807907000,63434163000,20.3724
2017,강원,강원평창군,N,368492006000,521832753000,153340747000,41.613
2017,강원,강원홍천군,N,478572152000,627700514000,149128362000,31.1611
2017,강원,강원화천군,N,273626448000,321187788000,47561340000,17.3819
2017,강원,강원횡성군,N,350328805000,452464849000,102136044000,29.1543
2017,경기,경기가평군,N,416982088000,545870463000,128888375000,30.9098
2017,경기,경기고양시,N,1708922594000,2165350495000,456427901000,26.7085
2017,경기,경기과천시,N,311192198000,414927155000,103734957000,33.3347
2017,경기,경기광명시,N,728584863000,886403254000,157818391000,21.6609
2017,경기,경기광주시,N,703680322000,1085554704000,381874382000,54.2682
2017,경기,경기구리시,N,437307599000,595536387000,158228788000,36.1825
2017,경기,경기군포시,N,617259158000,782448131000,165188973000,26.7617
2017,경기,경기김포시,N,1110469751000,1467807518000,357337767000,32.179
2017,경기,경기남양주시,N,1262505385000,1613865465000,351360080000,27.8304
2017,경기,경기동두천시,N,422486879000,549107132000,126620253000,29.9702
2017,경기,경기본청,Y,24112525180000,27855846147000,3743320967000,15.5244
2017,경기,경기부천시,N,1518313490000,1873576941000,355263451000,23.3986
2017,경기,경기성남시,N,2938232174000,3408616494000,470384320000,16.0091
2017,경기,경기수원시,N,2509073154000,3026273235000,517200081000,20.6132
2017,경기,경기시흥시,N,1639105543000,1967525024000,328419481000,20.0365
2017,경기,경기안산시,N,2884903209000,3122076389000,237173180000,8.2212
2017,경기,경기안성시,N,602009753000,945669129000,343659376000,57.0854
2017,경기,경기안양시,N,1163739460000,1444313268000,280573808000,24.1097
2017,경기,경기양주시,N,638091044000,792191345000,154100301000,24.1502
2017,경기,경기양평군,N,477161113000,637966589000,160805476000,33.7005
2017,경기,경기여주시,N,548525443000,807471033000,258945590000,47.2076
2017,경기,경기연천군,N,369233656000,502609046000,133375390000,36.1222
2017,경기,경기오산시,N,486267234000,679687584000,193420350000,39.7766
2017,경기,경기용인시,N,1988741302000,2425413270000,436671968000,21.9572
2017,경기,경기의왕시,N,379685692000,458313721000,78628029000,20.7087
2017,경기,경기의정부시,N,885904940000,1114641173000,228736233000,25.8195
2017,경기,경기이천시,N,671995646000,1018443693000,346448047000,51.5551
2017,경기,경기파주시,N,1001994726000,1238847467000,236852741000,23.6381
2017,경기,경기평택시,N,1357391413000,1913624174000,556232761000,40.9781
2017,경기,경기포천시,N,486544130000,941592178000,455048048000,93.5266
2017,경기,경기하남시,N,536784264000,695604437000,158820173000,29.5873
2017,경기,경기화성시,N,1916351060000,2389289211000,472938151000,24.6791
2017,경남,경남거제시,N,640575202000,744491566000,103916364000,16.2224
2017,경남,경남거창군,N,479183990000,584744215000,105560225000,22.0292
2017,경남,경남고성군,N,383806117000,507353780000,123547663000,32.1901
2017,경남,경남김해시,N,1323086982000,1572792893000,249705911000,18.873
2017,경남,경남남해군,N,391164355000,472579861000,81415506000,20.8136
2017,경남,경남밀양시,N,598425285000,805143630000,206718345000,34.5437
2017,경남,경남본청,Y,7726974504000,8428064343000,701089839000,9.0733
2017,경남,경남사천시,N,567683852000,657839349000,90155497000,15.8813
2017,경남,경남산청군,N,358820180000,456848334000,98028154000,27.3196
2017,경남,경남양산시,N,900981643000,1098177105000,197195462000,21.8867
2017,경남,경남의령군,N,377802130000,501493746000,123691616000,32.7398
2017,경남,경남진주시,N,1095550086000,1563852949000,468302863000,42.7459
2017,경남,경남창녕군,N,458830942000,550624662000,91793720000,20.006
2017,경남,경남창원시,N,2708545548000,3316707639000,608162091000,22.4535
2017,경남,경남통영시,N,511825338000,604001249000,92175911000,18.0093
2017,경남,경남하동군,N,427877157000,531154385000,103277228000,24.1371
2017,경남,경남함안군,N,406515666000,466723594000,60207928000,14.8107
2017,경남,경남함양군,N,385075116000,455995279000,70920163000,18.4172
2017,경남,경남합천군,N,476254527000,608332394000,132077867000,27.7326
2017,경북,경북경산시,N,836574750000,941351841000,104777091000,12.5245
2017,경북,경북경주시,N,1184022532000,1414697637000,230675105000,19.4823
2017,경북,경북고령군,N,281759896000,324828896000,43069000000,15.2857
2017,경북,경북구미시,N,1149594132000,1267763452000,118169320000,10.2792
2017,경북,경북군위군,N,314744925000,356163925000,41419000000,13.1595
2017,경북,경북김천시,N,888386182000,1052070182000,163684000000,18.4249
2017,경북,경북문경시,N,567254000000,683627000000,116373000000,20.5151
2017,경북,경북본청,Y,8563033232000,9120290330000,557257098000,6.5077
2017,경북,경북봉화군,N,336590580000,437492580000,100902000000,29.9777
2017,경북,경북상주시,N,690651528000,934525152000,243873624000,35.3107
2017,경북,경북성주군,N,387000000000,510205091000,123205091000,31.8359
2017,경북,경북안동시,N,879747116000,1153150727000,273403611000,31.0775
2017,경북,경북영덕군,N,371924906000,466549115000,94624209000,25.4418
2017,경북,경북영양군,N,248591066000,298139642000,49548576000,19.9318
2017,경북,경북영주시,N,596835064000,754330537000,157495473000,26.3884
2017,경북,경북영천시,N,644418494000,801300755000,156882261000,24.3448
2017,경북,경북예천군,N,386085294000,508422053000,122336759000,31.6865
2017,경북,경북울릉군,N,154754879000,178064879000,23310000000,15.0625
2017,경북,경북울진군,N,716986060000,838036124000,121050064000,16.8832
2017,경북,경북의성군,N,501194903000,622372753000,121177850000,24.1778
2017,경북,경북청도군,N,327492753000,384853321000,57360568000,17.5151
2017,경북,경북청송군,N,307694758000,370856758000,63162000000,20.5275
2017,경북,경북칠곡군,N,451000000000,516600000000,65600000000,14.5455
2017,경북,경북포항시,N,1653843033000,1913093046000,259250013000,15.6756
2017,광주,광주광산구,N,503274831000,575645328000,72370497000,14.3799
2017,광주,광주남구,N,290017830000,381957215000,91939385000,31.7013
2017,광주,광주동구,N,218231918000,291796985000,73565067000,33.7096
2017,광주,광주본청,Y,4314108458000,4849627189000,535518731000,12.4132
2017,광주,광주북구,N,510238541000,609679995000,99441454000,19.4892
2017,광주,광주서구,N,377583601000,442752870000,65169269000,17.2596
2017,대구,대구남구,N,287492597000,343629543000,56136946000,19.5264
2017,대구,대구달서구,N,613703633000,675095437000,61391804000,10.0035
2017,대구,대구달성군,N,594509104000,707572929000,113063825000,19.018
2017,대구,대구동구,N,493783051000,579698792000,85915741000,17.3995
2017,대구,대구본청,Y,7548357538000,8027820702000,479463164000,6.3519
2017,대구,대구북구,N,490941848000,566859875000,75918027000,15.4638
2017,대구,대구서구,N,303296792000,364768262000,61471470000,20.2678
2017,대구,대구수성구,N,491990989000,579583433000,87592444000,17.8037
2017,대구,대구중구,N,208209898000,265789065000,57579167000,27.6544
2017,대전,대전대덕구,N,335401962000,398060088000,62658126000,18.6815
2017,대전,대전동구,N,385968716000,441869490000,55900774000,14.4832
2017,대전,대전본청,Y,4542052884000,5279641051000,737588167000,16.2391
2017,대전,대전서구,N,559124352000,687458937000,128334585000,22.9528
2017,대전,대전유성구,N,452655950000,533077237000,80421287000,17.7665
2017,대전,대전중구,N,353496910000,409954786000,56457876000,15.9713
2017,부산,부산강서구,N,236604419000,309244567000,72640148000,30.7011
2017,부산,부산금정구,N,320228743000,402481329000,82252586000,25.6856
2017,부산,부산기장군,N,491510982000,556140567000,64629585000,13.1492
2017,부산,부산남구,N,278264987000,412361332000,134096345000,48.1902
2017,부산,부산동구,N,201450885000,250681727000,49230842000,24.4381
2017,부산,부산동래구,N,328814126000,410101061000,81286935000,24.7212
2017,부산,부산본청,Y,11292657601000,12295522115000,1002864514000,8.8807
2017,부산,부산부산진구,N,433269390000,516700977000,83431587000,19.2563
2017,부산,부산북구,N,363898733000,442745226000,78846493000,21.6672
2017,부산,부산사상구,N,312849551000,380879958000,68030407000,21.7454
2017,부산,부산사하구,N,393726811000,503343179000,109616368000,27.8407
2017,부산,부산서구,N,216215686000,298944750000,82729064000,38.2623
2017,부산,부산수영구,N,241630705000,295330820000,53700115000,22.224
2017,부산,부산연제구,N,262718480000,335549366000,72830886000,27.722
2017,부산,부산영도구,N,230304383000,301669244000,71364861000,30.9872
2017,부산,부산중구,N,143310984000,175186771000,31875787000,22.2424
2017,부산,부산해운대구,N,476279691000,567463142000,91183451000,19.1449
2017,서울,서울강남구,N,985472585000,1060202011000,74729426000,7.5831
2017,서울,서울강동구,N,553382324000,676470442000,123088118000,22.2429
2017,서울,서울강북구,N,540875475000,617628616000,76753141000,14.1905
2017,서울,서울강서구,N,792117900000,914149963000,122032063000,15.4058
2017,서울,서울관악구,N,557263834000,661266347000,104002513000,18.6631
2017,서울,서울광진구,N,465166018000,582906048000,117740030000,25.3114
2017,서울,서울구로구,N,575146792000,693988299000,118841507000,20.6628
2017,서울,서울금천구,N,379371184000,455540268000,76169084000,20.0777
2017,서울,서울노원구,N,729926498000,852811458000,122884960000,16.8353
2017,서울,서울도봉구,N,486238872000,553976184000,67737312000,13.9309
2017,서울,서울동대문구,N,474081671000,572221815000,98140144000,20.7011
2017,서울,서울동작구,N,507933204000,572398278000,64465074000,12.6916
2017,서울,서울마포구,N,594239212000,655007679000,60768467000,10.2263
2017,서울,서울본청,Y,32015393602000,34599458938000,2584065336000,8.0713
2017,서울,서울서대문구,N,439776531000,568641697000,128865166000,29.3024
2017,서울,서울서초구,N,775857522000,856398526000,80541004000,10.3809
2017,서울,서울성동구,N,435998642000,505399700000,69401058000,15.9177
2017,서울,서울성북구,N,573356424000,657151850000,83795426000,14.6149
2017,서울,서울송파구,N,642037368000,715706465000,73669097000,11.4743
2017,서울,서울양천구,N,565159420000,680728096000,115568676000,20.4489
2017,서울,서울영등포구,N,499235859000,580915846000,81679987000,16.361
2017,서울,서울용산구,N,386802792000,436885834000,50083042000,12.948
2017,서울,서울은평구,N,587507617000,708870616000,121362999000,20.6573
2017,서울,서울종로구,N,448203573000,558368759000,110165186000,24.5793
2017,서울,서울중구,N,425944449000,482681712000,56737263000,13.3203
2017,서울,서울중랑구,N,533777778000,622584520000,88806742000,16.6374
2017,세종,세종본청,Y,1412782992000,1627367020000,214584028000,15.1887
2017,울산,울산남구,N,420810300000,477067242000,56256942000,13.3687
2017,울산,울산동구,N,239896183000,265619728000,25723545000,10.7228
2017,울산,울산본청,Y,3707655279000,4002435816000,294780537000,7.9506
2017,울산,울산북구,N,271128272000,327383956000,56255684000,20.7487
2017,울산,울산울주군,N,1064758996000,1095685406000,30926410000,2.9045
2017,울산,울산중구,N,300149428000,348655142000,48505714000,16.1605
2017,인천,인천강화군,N,392186697000,490864291000,98677594000,25.1609
2017,인천,인천계양구,N,374031727000,469955078000,95923351000,25.6458
2017,인천,인천남구,N,510547561000,588622108000,78074547000,15.2923
2017,인천,인천남동구,N,657653885000,748321218000,90667333000,13.7865
2017,인천,인천동구,N,191263935000,267660205000,76396270000,39.9429
2017,인천,인천본청,Y,8945189924000,10270162950000,1324973026000,14.8121
2017,인천,인천부평구,N,634218889000,719914234000,85695345000,13.512
2017,인천,인천서구,N,601398175000,751219333000,149821158000,24.9121
2017,인천,인천연수구,N,458545081000,545764774000,87219693000,19.021
2017,인천,인천옹진군,N,265951609000,355387418000,89435809000,33.6286
2017,인천,인천중구,N,308672969000,381735868000,73062899000,23.67
2017,전남,전남강진군,N,316670380000,431188926000,114518546000,36.1633
2017,전남,전남고흥군,N,528322438000,705762537000,177440099000,33.5856
2017,전남,전남곡성군,N,312239667000,387431126000,75191459000,24.0813
2017,전남,전남광양시,N,722486962000,834456764000,111969802000,15.4978
2017,전남,전남구례군,N,241910644000,308737517000,66826873000,27.6246
2017,전남,전남나주시,N,621099934000,846940998000,225841064000,36.3615
2017,전남,전남담양군,N,325128486000,406630902000,81502416000,25.0678
2017,전남,전남목포시,N,680436948000,774100851000,93663903000,13.7653
2017,전남,전남무안군,N,397215121000,461246177000,64031056000,16.12
2017,전남,전남보성군,N,395070485000,514998376000,119927891000,30.3561
2017,전남,전남본청,Y,7429336674000,8008855719000,579519045000,7.8004
2017,전남,전남순천시,N,1036442563000,1282302620000,245860057000,23.7215
2017,전남,전남신안군,N,421864880000,625689104000,203824224000,48.315
2017,전남,전남여수시,N,996223420000,1303065587000,306842167000,30.8005
2017,전남,전남영광군,N,441485836000,629198068000,187712232000,42.5183
2017,전남,전남영암군,N,410199048000,542553855000,132354807000,32.266
2017,전남,전남완도군,N,348505106000,483439725000,134934619000,38.7181
2017,전남,전남장성군,N,357108053000,449822454000,92714401000,25.9626
2017,전남,전남장흥군,N,316717074000,433553743000,116836669000,36.8899
2017,전남,전남진도군,N,293147047000,359460794000,66313747000,22.6213
2017,전남,전남함평군,N,320668856000,414456191000,93787335000,29.2474
2017,전남,전남해남군,N,537656358000,804969522000,267313164000,49.7182
2017,전남,전남화순군,N,426234176000,565878269000,139644093000,32.7623
2017,전북,전북고창군,N,507608175000,606734005000,99125830000,19.528
2017,전북,전북군산시,N,922646729000,1115127949000,192481220000,20.8619
2017,전북,전북김제시,N,623163278000,774824857000,151661579000,24.3374
2017,전북,전북남원시,N,585980129000,717513192000,131533063000,22.4467
2017,전북,전북무주군,N,306333153000,372427779000,66094626000,21.5761
2017,전북,전북본청,Y,5823611671000,6387351849000,563740178000,9.6803
2017,전북,전북부안군,N,506548972000,562660717000,56111745000,11.0773
2017,전북,전북순창군,N,336318683000,394310483000,57991800000,17.2431
2017,전북,전북완주군,N,590108860000,624487985000,34379125000,5.8259
2017,전북,전북익산시,N,1009511762000,1241483053000,231971291000,22.9786
2017,전북,전북임실군,N,340822397000,414116161000,73293764000,21.505
2017,전북,전북장수군,N,295217720000,385621244000,90403524000,30.6227
2017,전북,전북전주시,N,1656295933000,1846907862000,190611929000,11.5083
2017,전북,전북정읍시,N,734171149000,907753401000,173582252000,23.6433
2017,전북,전북진안군,N,354136861000,415874833000,61737972000,17.4334
2017,제주,제주본청,Y,5104290043000,5912388354000,808098311000,15.8317
2017,충남,충남계룡시,N,141311382000,193154337000,51842955000,36.687
2017,충남,충남공주시,N,563146912000,797584968000,234438056000,41.63
2017,충남,충남금산군,N,349013370000,425360825000,76347455000,21.8752
2017,충남,충남논산시,N,616825401000,814127096000,197301695000,31.9866
2017,충남,충남당진시,N,727626077000,924664542000,197038465000,27.0796
2017,충남,충남보령시,N,609673521000,816948359000,207274838000,33.9977
2017,충남,충남본청,Y,6241561400000,6991945249000,750383849000,12.0224
2017,충남,충남부여군,N,457433798000,581269089000,123835291000,27.0717
2017,충남,충남서산시,N,768815924000,939489017000,170673093000,22.1995
2017,충남,충남서천군,N,406755230000,487728230000,80973000000,19.9071
2017,충남,충남아산시,N,894036279000,1213248518000,319212239000,35.7046
2017,충남,충남예산군,N,519850735000,628164832000,108314097000,20.8356
2017,충남,충남천안시,N,1570138219000,1934594103000,364455884000,23.2117
2017,충남,충남청양군,N,310397019000,402203473000,91806454000,29.5771
2017,충남,충남태안군,N,455823669000,632151419000,176327750000,38.6833
2017,충남,충남홍성군,N,523756707000,610440054000,86683347000,16.5503
2017,충북,충북괴산군,N,337808559000,474397639000,136589080000,40.4339
2017,충북,충북단양군,N,280503137000,379329634000,98826497000,35.2319
2017,충북,충북보은군,N,321240911000,432656978000,111416067000,34.683
2017,충북,충북본청,Y,4323585821000,4970581821000,646996000000,14.9643
2017,충북,충북영동군,N,381001691000,477200025000,96198334000,25.2488
2017,충북,충북옥천군,N,369715254000,464581719000,94866465000,25.6593
2017,충북,충북음성군,N,481055785000,640630001000,159574216000,33.1717
2017,충북,충북제천시,N,665787792000,851453092000,185665300000,27.8866
2017,충북,충북증평군,N,173572136000,222010109000,48437973000,27.9065
2017,충북,충북진천군,N,366464911000,485886650000,119421739000,32.5875
2017,충북,충북청주시,N,2230507837000,2762128985000,531621148000,23.8341
2017,충북,충북충주시,N,827478751000,1080050646000,252571895000,30.5231
2018,강원,강원강릉시,N,884211883000,1012622423000,128410540000,14.5226
2018,강원,강원고성군,N,302139051000,356834935000,54695884000,18.1029
2018,강원,강원동해시,N,369430423000,420791869000,51361446000,13.9029
2018,강원,강원본청,Y,6105353758000,6704961905000,599608147000,9.821
2018,강원,강원삼척시,N,502123409000,667344289000,165220880000,32.9044
2018,강원,강원속초시,N,338776121000,410563517000,71787396000,21.1902
2018,강원,강원양구군,N,332162102000,388218916000,56056814000,16.8763
2018,강원,강원양양군,N,267635340000,327323251000,59687911000,22.302
2018,강원,강원영월군,N,392212707000,475764267000,83551560000,21.3026
2018,강원,강원원주시,N,1156754874000,1445062926000,288308052000,24.9239
2018,강원,강원인제군,N,409357553000,517979477000,108621924000,26.5347
2018,강원,강원정선군,N,431078604000,540290200000,109211596000,25.3345
2018,강원,강원철원군,N,409596078000,470520021000,60923943000,14.8742
2018,강원,강원춘천시,N,1366063008000,1533727459000,167664451000,12.2736
2018,강원,강원태백시,N,322270103000,373900516000,51630413000,16.0209
2018,강원,강원평창군,N,362675158000,465173432000,102498274000,28.2617
2018,강원,강원홍천군,N,532640476000,653904155000,121263679000,22.7665
2018,강원,강원화천군,N,293203833000,345657452000,52453619000,17.8898
2018,강원,강원횡성군,N,392924780000,535430213000,142505433000,36.2679
2018,경기,경기가평군,N,416639635000,539185364000,122545729000,29.4129
2018,경기,경기고양시,N,2101712964000,2432124416000,330411452000,15.7211
2018,경기,경기과천시,N,349816000000,506471499000,156655499000,44.7823
2018,경기,경기광명시,N,823116569000,945418919000,122302350000,14.8584
2018,경기,경기광주시,N,905445115000,1293977950000,388532835000,42.9107
2018,경기,경기구리시,N,533253128000,637067596000,103814468000,19.4681
2018,경기,경기군포시,N,673909891000,771102560000,97192669000,14.4222
2018,경기,경기김포시,N,1035237952000,1354699257000,319461305000,30.8587
2018,경기,경기남양주시,N,1424627303000,1793337495000,368710192000,25.8812
2018,경기,경기동두천시,N,427721401000,500816867000,73095466000,17.0895
2018,경기,경기본청,Y,26804640261000,29279739765000,2475099504000,9.2338
2018,경기,경기부천시,N,1859145618000,2104867188000,245721570000,13.2169
2018,경기,경기성남시,N,3359687021000,3710854729000,351167708000,10.4524
2018,경기,경기수원시,N,2849229612000,3140728550000,291498938000,10.2308
2018,경기,경기시흥시,N,1890662961000,2135273419000,244610458000,12.9378
2018,경기,경기안산시,N,2380511537000,2672207459000,291695922000,12.2535
2018,경기,경기안성시,N,731953642000,948993422000,217039780000,29.6521
2018,경기,경기안양시,N,1435516777000,1535499810000,99983033000,6.965
2018,경기,경기양주시,N,710131094000,814170828000,104039734000,14.6508
2018,경기,경기양평군,N,580109035000,705017936000,124908901000,21.532
2018,경기,경기여주시,N,599332833000,899294509000,299961676000,50.0493
2018,경기,경기연천군,N,396543706000,579528423000,182984717000,46.1449
2018,경기,경기오산시,N,578452763000,747520195000,169067432000,29.2275
2018,경기,경기용인시,N,2361904307000,2712970003000,351065696000,14.8637
2018,경기,경기의왕시,N,424381146000,496687230000,72306084000,17.038
2018,경기,경기의정부시,N,1001660485000,1169723864000,168063379000,16.7785
2018,경기,경기이천시,N,853749522000,1136785636000,283036114000,33.1521
2018,경기,경기파주시,N,1135191453000,1391510460000,256319007000,22.5794
2018,경기,경기평택시,N,1592081153000,1961951108000,369869955000,23.2319
2018,경기,경기포천시,N,596520930000,984601648000,388080718000,65.0574
2018,경기,경기하남시,N,606072835000,755482597000,149409762000,24.6521
2018,경기,경기화성시,N,2376444261000,2905251494000,528807233000,22.252
2018,경남,경남거제시,N,726023364000,762105655000,36082291000,4.9699
2018,경남,경남거창군,N,515084802000,692508437000,177423635000,34.4455
2018,경남,경남고성군,N,429935996000,545311461000,115375465000,26.8355
2018,경남,경남김해시,N,1465307328000,1651109368000,185802040000,12.6801
2018,경남,경남남해군,N,434990593000,497816656000,62826063000,14.4431
2018,경남,경남밀양시,N,685521441000,820088051000,134566610000,19.6298
2018,경남,경남본청,Y,7961115937000,8598342630000,637226693000,8.0042
2018,경남,경남사천시,N,600108721000,690366501000,90257780000,15.0402
2018,경남,경남산청군,N,414573294000,463046515000,48473221000,11.6923
2018,경남,경남양산시,N,1038233528000,1159608685000,121375157000,11.6905
2018,경남,경남의령군,N,423709610000,513811093000,90101483000,21.2649
2018,경남,경남진주시,N,1239878229000,1952930100000,713051871000,57.5098
2018,경남,경남창녕군,N,476211726000,549066696000,72854970000,15.2989
2018,경남,경남창원시,N,2895628568000,3524653502000,629024934000,21.7233
2018,경남,경남통영시,N,549104915000,658933593000,109828678000,20.0014
2018,경남,경남하동군,N,506982532000,642213423000,135230891000,26.6737
2018,경남,경남함안군,N,455245574000,518518966000,63273392000,13.8987
2018,경남,경남함양군,N,459059662000,513945354000,54885692000,11.9561
2018,경남,경남합천군,N,520453283000,621517877000,101064594000,19.4186
2018,경북,경북경산시,N,956118949000,1021895984000,65777035000,6.8796
2018,경북,경북경주시,N,1187085050000,1463019772000,275934722000,23.2447
2018,경북,경북고령군,N,298230102000,324229102000,25999000000,8.7178
2018,경북,경북구미시,N,1131053956000,1344451698000,213397742000,18.8672
2018,경북,경북군위군,N,316836293000,338517631000,21681338000,6.8431
2018,경북,경북김천시,N,1015363658000,1142589042000,127225384000,12.53
2018,경북,경북문경시,N,630770000000,717589050000,86819050000,13.764
2018,경북,경북본청,Y,8988625470000,9758893695000,770268225000,8.5694
2018,경북,경북봉화군,N,377671104000,479176744000,101505640000,26.8767
2018,경북,경북상주시,N,783260031000,1084193219000,300933188000,38.4206
2018,경북,경북성주군,N,410617000000,504937200000,94320200000,22.9704
2018,경북,경북안동시,N,1038342584000,1213785925000,175443341000,16.8965
2018,경북,경북영덕군,N,409638832000,557300001000,147661169000,36.0467
2018,경북,경북영양군,N,276381336000,312981089000,36599753000,13.2425
2018,경북,경북영주시,N,660008787000,769627994000,109619207000,16.6087
2018,경북,경북영천시,N,685581213000,834805000000,149223787000,21.766
2018,경북,경북예천군,N,408280060000,500080087000,91800027000,22.4846
2018,경북,경북울릉군,N,158720521000,168918521000,10198000000,6.4251
2018,경북,경북울진군,N,708604145000,756963817000,48359672000,6.8246
2018,경북,경북의성군,N,521260211000,669266801000,148006590000,28.394
2018,경북,경북청도군,N,360074613000,399443778000,39369165000,10.9336
2018,경북,경북청송군,N,313115340000,373717340000,60602000000,19.3545
2018,경북,경북칠곡군,N,462600000000,520180000000,57580000000,12.447
2018,경북,경북포항시,N,1788612073000,2139522539000,350910466000,19.6191
2018,광주,광주광산구,N,558649256000,634397897000,75748641000,13.5592
2018,광주,광주남구,N,329053321000,403339849000,74286528000,22.5758
2018,광주,광주동구,N,223194668000,336243964000,113049296000,50.6505
2018,광주,광주본청,Y,4831332449000,5283243393000,451910944000,9.3538
2018,광주,광주북구,N,590398512000,666028439000,75629927000,12.81
2018,광주,광주서구,N,427343784000,497087193000,69743409000,16.3202
2018,대구,대구남구,N,310448396000,332674396000,22226000000,7.1593
2018,대구,대구달서구,N,675723545000,712729757000,37006212000,5.4765
2018,대구,대구달성군,N,670611471000,749359760000,78748289000,11.7428
2018,대구,대구동구,N,546915163000,630548157000,83632994000,15.2918
2018,대구,대구본청,Y,8225054197000,8634462535000,409408338000,4.9776
2018,대구,대구북구,N,559865401000,617341908000,57476507000,10.2661
2018,대구,대구서구,N,333071273000,388452314000,55381041000,16.6274
2018,대구,대구수성구,N,543168356000,610253930000,67085574000,12.3508
2018,대구,대구중구,N,215093513000,258680763000,43587250000,20.2643
2018,대전,대전대덕구,N,381256469000,424327621000,43071152000,11.2972
2018,대전,대전동구,N,445820244000,481021138000,35200894000,7.8958
2018,대전,대전본청,Y,5245889339000,5862377412000,616488073000,11.7518
2018,대전,대전서구,N,643714927000,740163531000,96448604000,14.9831
2018,대전,대전유성구,N,502720660000,557575837000,54855177000,10.9117
2018,대전,대전중구,N,396943784000,435185429000,38241645000,9.634
2018,부산,부산강서구,N,270964808000,377401444000,106436636000,39.2806
2018,부산,부산금정구,N,357298287000,420809298000,63511011000,17.7753
2018,부산,부산기장군,N,488140524000,574533685000,86393161000,17.6984
2018,부산,부산남구,N,335129589000,438914987000,103785398000,30.9687
2018,부산,부산동구,N,220102825000,265423388000,45320563000,20.5906
2018,부산,부산동래구,N,361830287000,460845140000,99014853000,27.365
2018,부산,부산본청,Y,11999130268000,12826758987000,827628719000,6.8974
2018,부산,부산부산진구,N,510289800000,574842603000,64552803000,12.6502
2018,부산,부산북구,N,404596914000,474093260000,69496346000,17.1767
2018,부산,부산사상구,N,338137556000,400413372000,62275816000,18.4173
2018,부산,부산사하구,N,423055754000,526171687000,103115933000,24.3741
2018,부산,부산서구,N,237936341000,298569286000,60632945000,25.4828
2018,부산,부산수영구,N,260739327000,330769511000,70030184000,26.8583
2018,부산,부산연제구,N,294989614000,356424912000,61435298000,20.8263
2018,부산,부산영도구,N,258236679000,336849129000,78612450000,30.442
2018,부산,부산중구,N,162753418000,189358527000,26605109000,16.3469
2018,부산,부산해운대구,N,517823282000,599473316000,81650034000,15.7679
2018,서울,서울강남구,N,1116394383000,1169410517000,53016134000,4.7489
2018,서울,서울강동구,N,643467658000,736926338000,93458680000,14.5242
2018,서울,서울강북구,N,625116482000,705572774000,80456292000,12.8706
2018,서울,서울강서구,N,882461807000,985743960000,103282153000,11.7039
2018,서울,서울관악구,N,629732299000,712787520000,83055221000,13.189
2018,서울,서울광진구,N,540058469000,651545781000,111487312000,20.6436
2018,서울,서울구로구,N,635781434000,718990675000,83209241000,13.0877
2018,서울,서울금천구,N,415503060000,482200253000,66697193000,16.0522
2018,서울,서울노원구,N,817693708000,921207073000,103513365000,12.6592
2018,서울,서울도봉구,N,552311772000,630606976000,78295204000,14.1759
2018,서울,서울동대문구,N,540606087000,640343450000,99737363000,18.4492
2018,서울,서울동작구,N,563783631000,654297029000,90513398000,16.0546
2018,서울,서울마포구,N,607190936000,689093124000,81902188000,13.4887
2018,서울,서울본청,Y,33867016155000,38995900654000,5128884499000,15.1442
2018,서울,서울서대문구,N,518422063000,606525493000,88103430000,16.9945
2018,서울,서울서초구,N,791158956000,873746295000,82587339000,10.4388
2018,서울,서울성동구,N,473653634000,538880941000,65227307000,13.7711
2018,서울,서울성북구,N,654567325000,738396015000,83828690000,12.8067
2018,서울,서울송파구,N,748745073000,834818601000,86073528000,11.4957
2018,서울,서울양천구,N,640412597000,798404190000,157991593000,24.6703
2018,서울,서울영등포구,N,551748191000,639746281000,87998090000,15.949
2018,서울,서울용산구,N,425137651000,481186065000,56048414000,13.1836
2018,서울,서울은평구,N,676732329000,774426730000,97694401000,14.4362
2018,서울,서울종로구,N,509143439000,583280229000,74136790000,14.5611
2018,서울,서울중구,N,457408501000,515446811000,58038310000,12.6885
2018,서울,서울중랑구,N,598910507000,697932532000,99022025000,16.5337
2018,세종,세종본청,Y,1723055251000,1876799705000,153744454000,8.9228
2018,울산,울산남구,N,465551969000,528806666000,63254697000,13.587
2018,울산,울산동구,N,259495692000,298025250000,38529558000,14.8479
2018,울산,울산본청,Y,3917128549000,4162609670000,245481121000,6.2669
2018,울산,울산북구,N,308229514000,365282770000,57053256000,18.51
2018,울산,울산울주군,N,1091774115000,980960974000,-110813141000,-10.1498
2018,울산,울산중구,N,353151079000,406538980000,53387901000,15.1176
2018,인천,인천강화군,N,444111527000,534279127000,90167600000,20.3029
2018,인천,인천계양구,N,432337227000,498792020000,66454793000,15.3711
2018,인천,인천남구,N,599021159000,630051428000,31030269000,5.1802
2018,인천,인천남동구,N,749535539000,819104559000,69569020000,9.2816
2018,인천,인천동구,N,257196669000,303615985000,46419316000,18.0482
2018,인천,인천본청,Y,9538301886000,10273476558000,735174672000,7.7076
2018,인천,인천부평구,N,737555302000,799418330000,61863028000,8.3876
2018,인천,인천서구,N,779809591000,879087159000,99277568000,12.731
2018,인천,인천연수구,N,535760677000,603111407000,67350730000,12.571
2018,인천,인천옹진군,N,271003935000,315179459000,44175524000,16.3007
2018,인천,인천중구,N,356594747000,377856762000,21262015000,5.9625
2018,전남,전남강진군,N,339940335000,453668611000,113728276000,33.4554
2018,전남,전남고흥군,N,561870778000,726091120000,164220342000,29.2274
2018,전남,전남곡성군,N,361641530000,438105724000,76464194000,21.1436
2018,전남,전남광양시,N,955420243000,1009658348000,54238105000,5.6769
2018,전남,전남구례군,N,279975525000,309580718000,29605193000,10.5742
2018,전남,전남나주시,N,646664726000,858388011000,211723285000,32.7408
2018,전남,전남담양군,N,367691888000,451553010000,83861122000,22.8074
2018,전남,전남목포시,N,696598340000,838106135000,141507795000,20.3141
2018,전남,전남무안군,N,445186164000,510118185000,64932021000,14.5854
2018,전남,전남보성군,N,436149441000,563936299000,127786858000,29.2989
2018,전남,전남본청,Y,7570448795000,8249438960000,678990165000,8.969
2018,전남,전남순천시,N,1204114785000,1411235247000,207120462000,17.2011
2018,전남,전남신안군,N,433790912000,629411830000,195620918000,45.0957
2018,전남,전남여수시,N,1119820728000,1569342181000,449521453000,40.1423
2018,전남,전남영광군,N,505715975000,635484908000,129768933000,25.6604
2018,전남,전남영암군,N,440419450000,576953739000,136534289000,31.001
2018,전남,전남완도군,N,379487033000,494940916000,115453883000,30.4237
2018,전남,전남장성군,N,400060888000,461145779000,61084891000,15.2689
2018,전남,전남장흥군,N,341954707000,466071342000,124116635000,36.2962
2018,전남,전남진도군,N,313325190000,382459653000,69134463000,22.0648
2018,전남,전남함평군,N,334852459000,410441573000,75589114000,22.5739
2018,전남,전남해남군,N,573285132000,884852316000,311567184000,54.3477
2018,전남,전남화순군,N,493796715000,617088839000,123292124000,24.9682
2018,전북,전북고창군,N,572335168000,657539303000,85204135000,14.8871
2018,전북,전북군산시,N,1014561053000,1199310727000,184749674000,18.2098
2018,전북,전북김제시,N,652346567000,796792772000,144446205000,22.1426
2018,전북,전북남원시,N,658880355000,777260078000,118379723000,17.9668
2018,전북,전북무주군,N,326466630000,383238453000,56771823000,17.3898
2018,전북,전북본청,Y,6407876434000,6773841398000,365964964000,5.7112
2018,전북,전북부안군,N,572280497000,621450674000,49170177000,8.592
2018,전북,전북순창군,N,354395879000,422366257000,67970378000,19.1792
2018,전북,전북완주군,N,615891223000,643653698000,27762475000,4.5077
2018,전북,전북익산시,N,1109587721000,1291036519000,181448798000,16.3528
2018,전북,전북임실군,N,379615281000,427469366000,47854085000,12.6059
2018,전북,전북장수군,N,314208743000,396015846000,81807103000,26.0359
2018,전북,전북전주시,N,1828571345000,2010765025000,182193680000,9.9637
2018,전북,전북정읍시,N,821975235000,949862441000,127887206000,15.5585
2018,전북,전북진안군,N,413229406000,463132570000,49903164000,12.0764
2018,제주,제주본청,Y,5776143019000,6122943424000,346800405000,6.004
2018,충남,충남계룡시,N,164241667000,232689366000,68447699000,41.675
2018,충남,충남공주시,N,601970816000,878021226000,276050410000,45.8578
2018,충남,충남금산군,N,375403230000,457568558000,82165328000,21.8872
2018,충남,충남논산시,N,694783192000,832986955000,138203763000,19.8916
2018,충남,충남당진시,N,848691963000,944193093000,95501130000,11.2527
2018,충남,충남보령시,N,704586736000,833519749000,128933013000,18.2991
2018,충남,충남본청,Y,6647717000000,7170658024000,522941024000,7.8665
2018,충남,충남부여군,N,496978375000,777267795000,280289420000,56.3987
2018,충남,충남서산시,N,815294631000,1067806354000,252511723000,30.9718
2018,충남,충남서천군,N,452743353000,553121752000,100378399000,22.1711
2018,충남,충남아산시,N,997304325000,1256086010000,258781685000,25.9481
2018,충남,충남예산군,N,550754195000,679606699000,128852504000,23.3956
2018,충남,충남천안시,N,1704700000000,2047791838000,343091838000,20.1262
2018,충남,충남청양군,N,359684099000,437098000000,77413901000,21.5227
2018,충남,충남태안군,N,476268190000,619771736000,143503546000,30.1308
2018,충남,충남홍성군,N,582565362000,641281012000,58715650000,10.0788
2018,충북,충북괴산군,N,358162115000,524142391000,165980276000,46.3422
2018,충북,충북단양군,N,336141990000,422845784000,86703794000,25.7938
2018,충북,충북보은군,N,366039101000,456720699000,90681598000,24.7737
2018,충북,충북본청,Y,4653600491000,5152175693000,498575202000,10.7138
2018,충북,충북영동군,N,431730571000,544762309000,113031738000,26.1811
2018,충북,충북옥천군,N,413435072000,482223352000,68788280000,16.6382
2018,충북,충북음성군,N,557157311000,674596687000,117439376000,21.0783
2018,충북,충북제천시,N,709954920000,898209157000,188254237000,26.5164
2018,충북,충북증평군,N,191227395000,223682170000,32454775000,16.9718
2018,충북,충북진천군,N,396359866000,478632265000,82272399000,20.757
2018,충북,충북청주시,N,2289791382000,2584441099000,294649717000,12.868
2018,충북,충북충주시,N,893121018000,1180786640000,287665622000,32.209
2019,강원,강원강릉시,N,964604065000,1374048587000,409444522000,42.4469
2019,강원,강원고성군,N,308024162000,497263008000,189238846000,61.4364
2019,강원,강원동해시,N,380717378000,542495830000,161778452000,42.4931
2019,강원,강원본청,Y,6724093516000,7761817728000,1037724212000,15.4329
2019,강원,강원삼척시,N,554391033000,830477790000,276086757000,49.8
2019,강원,강원속초시,N,372491854000,543129901000,170638047000,45.8099
2019,강원,강원양구군,N,364232815000,483251313000,119018498000,32.6765
2019,강원,강원양양군,N,295255343000,424052764000,128797421000,43.6224
2019,강원,강원영월군,N,403405596000,581643154000,178237558000,44.1832
2019,강원,강원원주시,N,1290473396000,1571428945000,280955549000,21.7715
2019,강원,강원인제군,N,470347012000,616682731000,146335719000,31.1123
2019,강원,강원정선군,N,461924410000,591309447000,129385037000,28.01
2019,강원,강원철원군,N,461030032000,548102435000,87072403000,18.8865
2019,강원,강원춘천시,N,1303897448000,1648900332000,345002884000,26.4594
2019,강원,강원태백시,N,387129319000,476005640000,88876321000,22.9578
2019,강원,강원평창군,N,418980466000,564311926000,145331460000,34.6869
2019,강원,강원홍천군,N,594637960000,780965479000,186327519000,31.3346
2019,강원,강원화천군,N,331635467000,465088103000,133452636000,40.2408
2019,강원,강원횡성군,N,472139037000,663443337000,191304300000,40.5186
2019,경기,경기가평군,N,454499352000,598469908000,143970556000,31.6767
2019,경기,경기고양시,N,2409329445000,3200403227000,791073782000,32.8338
2019,경기,경기과천시,N,486977889000,664400002000,177422113000,36.4333
2019,경기,경기광명시,N,878570360000,1046792731000,168222371000,19.1473
2019,경기,경기광주시,N,1045100911000,1457353068000,412252157000,39.4462
2019,경기,경기구리시,N,610029411000,790241328000,180211917000,29.5415
2019,경기,경기군포시,N,783150390000,891771497000,108621107000,13.8698
2019,경기,경기김포시,N,1205922676000,1623940082000,418017406000,34.6637
2019,경기,경기남양주시,N,1596685823000,2056268078000,459582255000,28.7835
2019,경기,경기동두천시,N,485089319000,626767719000,141678400000,29.2067
2019,경기,경기본청,Y,29466252442000,32788191283000,3321938841000,11.2737
2019,경기,경기부천시,N,1985793556000,2236630407000,250836851000,12.6316
2019,경기,경기성남시,N,3454134430000,3871397221000,417262791000,12.0801
2019,경기,경기수원시,N,2912059156000,3292535196000,380476040000,13.0655
2019,경기,경기시흥시,N,1631492356000,1939697364000,308205008000,18.891
2019,경기,경기안산시,N,2465682120000,2951978229000,486296109000,19.7226
2019,경기,경기안성시,N,869890455000,1107809352000,237918897000,27.3504
2019,경기,경기안양시,N,1566969675000,1892752807000,325783132000,20.7906
2019,경기,경기양주시,N,783412422000,953197975000,169785553000,21.6726
2019,경기,경기양평군,N,669122915000,812483821000,143360906000,21.4252
2019,경기,경기여주시,N,755337264000,1076661207000,321323943000,42.5405
2019,경기,경기연천군,N,426315605000,785202076000,358886471000,84.1833
2019,경기,경기오산시,N,659830404000,712511487000,52681083000,7.984
2019,경기,경기용인시,N,2409194218000,2910804453000,501610235000,20.8207
2019,경기,경기의왕시,N,480729348000,532909220000,52179872000,10.8543
2019,경기,경기의정부시,N,1123467884000,1616683982000,493216098000,43.9012
2019,경기,경기이천시,N,1036179636000,1918990776000,882811140000,85.1987
2019,경기,경기파주시,N,1372460498000,1841931126000,469470628000,34.2065
2019,경기,경기평택시,N,1829899912000,2447202544000,617302632000,33.7342
2019,경기,경기포천시,N,663514090000,1490176563000,826662473000,124.5885
2019,경기,경기하남시,N,708426369000,915891286000,207464917000,29.2853
2019,경기,경기화성시,N,2648742844000,3227555432000,578812588000,21.8524
2019,경남,경남거제시,N,738759577000,961790464000,223030887000,30.1899
2019,경남,경남거창군,N,562292849000,929538029000,367245180000,65.3121
2019,경남,경남고성군,N,511845932000,694458357000,182612425000,35.6772
2019,경남,경남김해시,N,1611338228000,1894545913000,283207685000,17.5759
2019,경남,경남남해군,N,525574259000,581591162000,56016903000,10.6582
2019,경남,경남밀양시,N,729666971000,956918458000,227251487000,31.1445
2019,경남,경남본청,Y,8735864793000,9614700780000,878835987000,10.0601
2019,경남,경남사천시,N,694870117000,791619476000,96749359000,13.9234
2019,경남,경남산청군,N,465445424000,533794676000,68349252000,14.6847
2019,경남,경남양산시,N,1178161575000,1287333305000,109171730000,9.2663
2019,경남,경남의령군,N,450898130000,594973093000,144074963000,31.9529
2019,경남,경남진주시,N,1656437636000,2201954427000,545516791000,32.9331
2019,경남,경남창녕군,N,523459744000,691239495000,167779751000,32.0521
2019,경남,경남창원시,N,3219820364000,3979805613000,759985249000,23.6033
2019,경남,경남통영시,N,589277444000,772971931000,183694487000,31.1728
2019,경남,경남하동군,N,535438362000,610694782000,75256420000,14.0551
2019,경남,경남함안군,N,489082544000,577147535000,88064991000,18.0062
2019,경남,경남함양군,N,502281663000,558626305000,56344642000,11.2177
2019,경남,경남합천군,N,559965393000,741006759000,181041366000,32.3308
2019,경북,경북경산시,N,985303010000,1137449810000,152146800000,15.4416
2019,경북,경북경주시,N,1318240774000,1645008986000,326768212000,24.7882
2019,경북,경북고령군,N,319732529000,365068587000,45336058000,14.1794
2019,경북,경북구미시,N,1240366505000,1543038253000,302671748000,24.4018
2019,경북,경북군위군,N,329481763000,395437553000,65955790000,20.018
2019,경북,경북김천시,N,1050690862000,1112545734000,61854872000,5.8871
2019,경북,경북문경시,N,690870000000,825027300000,134157300000,19.4186
2019,경북,경북본청,Y,9882832647000,11491843301000,1609010654000,16.2809
2019,경북,경북봉화군,N,424693136000,520711175000,96018039000,22.6088
2019,경북,경북상주시,N,906842113000,1504705778000,597863665000,65.9281
2019,경북,경북성주군,N,460926000000,567782300000,106856300000,23.183
2019,경북,경북안동시,N,1093881175000,1482089537000,388208362000,35.4891
2019,경북,경북영덕군,N,412323755000,607616606000,195292851000,47.364
2019,경북,경북영양군,N,292731309000,411211940000,118480631000,40.4742
2019,경북,경북영주시,N,721367399000,909934872000,188567473000,26.1403
2019,경북,경북영천시,N,737011000000,1077483309000,340472309000,46.1964
2019,경북,경북예천군,N,434639000000,539692161000,105053161000,24.1702
2019,경북,경북울릉군,N,172096074000,216733954000,44637880000,25.9378
2019,경북,경북울진군,N,588072919000,900613726000,312540807000,53.1466
2019,경북,경북의성군,N,551300849000,796183584000,244882735000,44.4191
2019,경북,경북청도군,N,376433010000,430387809000,53954799000,14.3332
2019,경북,경북청송군,N,336287728000,429483216000,93195488000,27.713
2019,경북,경북칠곡군,N,492600000000,593300000000,100700000000,20.4425
2019,경북,경북포항시,N,1912706142000,2323484667000,410778525000,21.4763
2019,광주,광주광산구,N,605658995000,758971201000,153312206000,25.3133
2019,광주,광주남구,N,355781714000,480744710000,124962996000,35.1235
2019,광주,광주동구,N,265234476000,406604022000,141369546000,53.2998
2019,광주,광주본청,Y,5435381444000,6229713080000,794331636000,14.6141
2019,광주,광주북구,N,676647316000,778691800000,102044484000,15.0809
2019,광주,광주서구,N,458986242000,585011280000,126025038000,27.4573
2019,대구,대구남구,N,332251126000,415587861000,83336735000,25.0825
2019,대구,대구달서구,N,735310946000,829391394000,94080448000,12.7946
2019,대구,대구달성군,N,735299578000,895337459000,160037881000,21.765
2019,대구,대구동구,N,601851537000,725919213000,124067676000,20.6143
2019,대구,대구본청,Y,8822143600000,9536320901000,714177301000,8.0953
2019,대구,대구북구,N,619537434000,713292003000,93754569000,15.133
2019,대구,대구서구,N,367905119000,489471921000,121566802000,33.043
2019,대구,대구수성구,N,609368518000,782403130000,173034612000,28.3957
2019,대구,대구중구,N,234459973000,340909210000,106449237000,45.4019
2019,대전,대전대덕구,N,410356693000,485936280000,75579587000,18.418
2019,대전,대전동구,N,468696771000,537839140000,69142369000,14.752
2019,대전,대전본청,Y,5752981715000,6737764485000,984782770000,17.1178
2019,대전,대전서구,N,725790932000,879196787000,153405855000,21.1364
2019,대전,대전유성구,N,537829536000,622000618000,84171082000,15.6501
2019,대전,대전중구,N,445516429000,509501217000,63984788000,14.3619
2019,부산,부산강서구,N,313545227000,389153929000,75608702000,24.1141
2019,부산,부산금정구,N,409879800000,497896935000,88017135000,21.4739
2019,부산,부산기장군,N,516251565000,633946461000,117694896000,22.798
2019,부산,부산남구,N,359959001000,518775561000,158816560000,44.1207
2019,부산,부산동구,N,239216022000,307735262000,68519240000,28.6432
2019,부산,부산동래구,N,395211120000,556541851000,161330731000,40.8214
2019,부산,부산본청,Y,12901267298000,13880725876000,979458578000,7.592
2019,부산,부산부산진구,N,541169121000,665187676000,124018555000,22.9168
2019,부산,부산북구,N,448226625000,576249587000,128022962000,28.5621
2019,부산,부산사상구,N,377428559000,461889911000,84461352000,22.3781
2019,부산,부산사하구,N,476737738000,599794685000,123056947000,25.8123
2019,부산,부산서구,N,251955981000,348184888000,96228907000,38.1927
2019,부산,부산수영구,N,304169637000,382486429000,78316792000,25.7477
2019,부산,부산연제구,N,328465346000,431553668000,103088322000,31.3848
2019,부산,부산영도구,N,301109131000,372388020000,71278889000,23.6721
2019,부산,부산중구,N,171122803000,210229793000,39106990000,22.8532
2019,부산,부산해운대구,N,577110014000,715532603000,138422589000,23.9855
2019,서울,서울강남구,N,1188043534000,1296726403000,108682869000,9.1481
2019,서울,서울강동구,N,885572160000,1001825923000,116253763000,13.1275
2019,서울,서울강북구,N,715833988000,784338220000,68504232000,9.5698
2019,서울,서울강서구,N,996651909000,1110049587000,113397678000,11.3779
2019,서울,서울관악구,N,715236851000,827654647000,112417796000,15.7176
2019,서울,서울광진구,N,593486175000,736989221000,143503046000,24.1797
2019,서울,서울구로구,N,706351154000,827795956000,121444802000,17.1933
2019,서울,서울금천구,N,477856701000,577152371000,99295670000,20.7794
2019,서울,서울노원구,N,905141308000,1052983157000,147841849000,16.3336
2019,서울,서울도봉구,N,610831818000,718140567000,107308749000,17.5676
2019,서울,서울동대문구,N,601097172000,711026989000,109929817000,18.2882
2019,서울,서울동작구,N,626113925000,732015271000,105901346000,16.9141
2019,서울,서울마포구,N,672582083000,755659435000,83077352000,12.352
2019,서울,서울본청,Y,38781400115000,42824982775000,4043582660000,10.4266
2019,서울,서울서대문구,N,594060767000,698926304000,104865537000,17.6523
2019,서울,서울서초구,N,872373855000,953289384000,80915529000,9.2753
2019,서울,서울성동구,N,537969389000,631861874000,93892485000,17.4531
2019,서울,서울성북구,N,702380126000,833274800000,130894674000,18.6359
2019,서울,서울송파구,N,856656527000,972932043000,116275516000,13.5732
2019,서울,서울양천구,N,721471022000,881222076000,159751054000,22.1424
2019,서울,서울영등포구,N,619121924000,722831346000,103709422000,16.751
2019,서울,서울용산구,N,493395738000,569384519000,75988781000,15.4012
2019,서울,서울은평구,N,767683256000,874676711000,106993455000,13.9372
2019,서울,서울종로구,N,571512931000,689452639000,117939708000,20.6364
2019,서울,서울중구,N,474528907000,575030425000,100501518000,21.1792
2019,서울,서울중랑구,N,701830991000,834902900000,133071909000,18.9607
2019,세종,세종본청,Y,1726445940000,1868184130000,141738190000,8.2098
2019,울산,울산남구,N,476382775000,537182982000,60800207000,12.7629
2019,울산,울산동구,N,269992674000,310720351000,40727677000,15.0847
2019,울산,울산본청,Y,4100049021000,4381556636000,281507615000,6.866
2019,울산,울산북구,N,320002853000,396228930000,76226077000,23.8204
2019,울산,울산울주군,N,952508462000,979084381000,26575919000,2.7901
2019,울산,울산중구,N,372889171000,416222363000,43333192000,11.6209
2019,인천,인천강화군,N,504156335000,624272411000,120116076000,23.8252
2019,인천,인천계양구,N,485816244000,579991759000,94175515000,19.385
2019,인천,인천남동구,N,820269193000,916965571000,96696378000,11.7884
2019,인천,인천동구,N,318754764000,428775597000,110020833000,34.5158
2019,인천,인천미추홀구,N,662722987000,709589746000,46866759000,7.0718
2019,인천,인천본청,Y,10768928815000,11841646252000,1072717437000,9.9612
2019,인천,인천부평구,N,843438200000,899218702000,55780502000,6.6135
2019,인천,인천서구,N,940293997000,1078439261000,138145264000,14.6917
2019,인천,인천연수구,N,609334745000,670908506000,61573761000,10.1051
2019,인천,인천옹진군,N,286449152000,376927812000,90478660000,31.5863
2019,인천,인천중구,N,403657170000,440041966000,36384796000,9.0138
2019,전남,전남강진군,N,352304014000,514151979000,161847965000,45.9399
2019,전남,전남고흥군,N,606020584000,916413252000,310392668000,51.2182
2019,전남,전남곡성군,N,402583144000,486270761000,83687617000,20.7877
2019,전남,전남광양시,N,987122694000,1096340241000,109217547000,11.0642
2019,전남,전남구례군,N,296826029000,363237800000,66411771000,22.374
2019,전남,전남나주시,N,698891250000,957914946000,259023696000,37.0621
2019,전남,전남담양군,N,372834938000,460968569000,88133631000,23.6388
2019,전남,전남목포시,N,765444288000,1053612080000,288167792000,37.6471
2019,전남,전남무안군,N,495469936000,830334552000,334864616000,67.5853
2019,전남,전남보성군,N,486016270000,722106354000,236090084000,48.5766
2019,전남,전남본청,Y,8423825265000,9707252100000,1283426835000,15.2357
2019,전남,전남순천시,N,1278353380000,1508805801000,230452421000,18.0273
2019,전남,전남신안군,N,466670449000,837859299000,371188850000,79.5398
2019,전남,전남여수시,N,1406247129000,1831273065000,425025936000,30.2241
2019,전남,전남영광군,N,511453496000,696434457000,184980961000,36.1677
2019,전남,전남영암군,N,474728488000,683541679000,208813191000,43.9858
2019,전남,전남완도군,N,462068848000,614772207000,152703359000,33.0478
2019,전남,전남장성군,N,408131102000,463953730000,55822628000,13.6776
2019,전남,전남장흥군,N,412333247000,585490366000,173157119000,41.9945
2019,전남,전남진도군,N,325917866000,581260186000,255342320000,78.3456
2019,전남,전남함평군,N,361563405000,461593434000,100030029000,27.666
2019,전남,전남해남군,N,745726870000,1212174468000,466447598000,62.5494
2019,전남,전남화순군,N,512450740000,761541254000,249090514000,48.6077
2019,전북,전북고창군,N,598417957000,743935566000,145517609000,24.3171
2019,전북,전북군산시,N,1177529543000,1564895486000,387365943000,32.8965
2019,전북,전북김제시,N,803525158000,1052312761000,248787603000,30.962
2019,전북,전북남원시,N,742507939000,886864262000,144356323000,19.4417
2019,전북,전북무주군,N,381275238000,471848975000,90573737000,23.7555
2019,전북,전북본청,Y,7053029207000,8006989687000,953960480000,13.5255
2019,전북,전북부안군,N,614224836000,673641068000,59416232000,9.6734
2019,전북,전북순창군,N,400910559000,485631783000,84721224000,21.1322
2019,전북,전북완주군,N,664896515000,730780843000,65884328000,9.909
2019,전북,전북익산시,N,1226426373000,1517921392000,291495019000,23.7678
2019,전북,전북임실군,N,412088505000,475462949000,63374444000,15.3788
2019,전북,전북장수군,N,346220235000,505630010000,159409775000,46.0429
2019,전북,전북전주시,N,1843197017000,2121918490000,278721473000,15.1216
2019,전북,전북정읍시,N,936344162000,1119899440000,183555278000,19.6034
2019,전북,전북진안군,N,441004868000,522412718000,81407850000,18.4596
2019,제주,제주본청,Y,6032330256000,6655811472000,623481216000,10.3357
2019,충남,충남계룡시,N,205427801000,350545616000,145117815000,70.6418
2019,충남,충남공주시,N,657957380000,1177880709000,519923329000,79.0208
2019,충남,충남금산군,N,399025736000,622656104000,223630368000,56.0441
2019,충남,충남논산시,N,734361388000,1016372444000,282011056000,38.4022
2019,충남,충남당진시,N,870785552000,1129554041000,258768489000,29.7167
2019,충남,충남보령시,N,720546769000,968186211000,247639442000,34.3683
2019,충남,충남본청,Y,7264644000000,7871978820000,607334820000,8.3601
2019,충남,충남부여군,N,539350904000,1042740679000,503389775000,93.3325
2019,충남,충남서산시,N,994000281000,1246081086000,252080805000,25.3602
2019,충남,충남서천군,N,506693070000,627443582000,120750512000,23.8311
2019,충남,충남아산시,N,1121079921000,1531464670000,410384749000,36.6062
2019,충남,충남예산군,N,601968153000,756872366000,154904213000,25.733
2019,충남,충남천안시,N,1887270000000,2364572656000,477302656000,25.2906
2019,충남,충남청양군,N,401610000000,532991696000,131381696000,32.7138
2019,충남,충남태안군,N,550480130000,680051076000,129570946000,23.5378
2019,충남,충남홍성군,N,620989417000,783675449000,162686032000,26.1979
2019,충북,충북괴산군,N,417954306000,596769305000,178814999000,42.7834
2019,충북,충북단양군,N,384891756000,446027725000,61135969000,15.8839
2019,충북,충북보은군,N,397305589000,506898114000,109592525000,27.5839
2019,충북,충북본청,Y,5147136746000,6040218791000,893082045000,17.351
2019,충북,충북영동군,N,480275342000,666547245000,186271903000,38.7844
2019,충북,충북옥천군,N,450187913000,566295707000,116107794000,25.791
2019,충북,충북음성군,N,595227137000,714356109000,119128972000,20.014
2019,충북,충북제천시,N,798583004000,994449114000,195866110000,24.5267
2019,충북,충북증평군,N,210850364000,255578689000,44728325000,21.2133
2019,충북,충북진천군,N,442483875000,587527185000,145043310000,32.7793
2019,충북,충북청주시,N,2489252246000,3219211323000,729959077000,29.3244
2019,충북,충북충주시,N,953574880000,1302677448000,349102568000,36.6099
2020,강원,강원강릉시,N,1068571763000,1317415195000,248843432000,23.2875
2020,강원,강원고성군,N,379986745000,474509149000,94522404000,24.8752
2020,강원,강원동해시,N,450675402000,535829269000,85153867000,18.8947
2020,강원,강원본청,Y,7443524404000,8924156397000,1480631993000,19.8915
2020,강원,강원삼척시,N,617901728000,793593696000,175691968000,28.4336
2020,강원,강원속초시,N,441087897000,606988453000,165900556000,37.6117
2020,강원,강원양구군,N,395173096000,549136574000,153963478000,38.961
2020,강원,강원양양군,N,358155692000,469228860000,111073168000,31.0125
2020,강원,강원영월군,N,459750212000,579916979000,120166767000,26.1374
2020,강원,강원원주시,N,1464607463000,1911938572000,447331109000,30.5427
2020,강원,강원인제군,N,495452429000,688848613000,193396184000,39.0343
2020,강원,강원정선군,N,496763098000,594800551000,98037453000,19.7353
2020,강원,강원철원군,N,500418757000,682218755000,181799998000,36.3296
2020,강원,강원춘천시,N,1473952526000,1801679468000,327726942000,22.2346
2020,강원,강원태백시,N,385505667000,470986384000,85480717000,22.1737
2020,강원,강원평창군,N,505440851000,613533395000,108092544000,21.3858
2020,강원,강원홍천군,N,660344043000,801102046000,140758003000,21.3159
2020,강원,강원화천군,N,416811593000,557239534000,140427941000,33.691
2020,강원,강원횡성군,N,543385729000,726509398000,183123669000,33.7005
2020,경기,경기가평군,N,494820438000,700778473000,205958035000,41.6228
2020,경기,경기고양시,N,2971152158000,3770132141000,798979983000,26.8913
2020,경기,경기과천시,N,1105090762000,1245731373000,140640611000,12.7266
2020,경기,경기광명시,N,973837919000,1215177073000,241339154000,24.7823
2020,경기,경기광주시,N,1125972017000,1602421637000,476449620000,42.3145
2020,경기,경기구리시,N,667802208000,870697526000,202895318000,30.3825
2020,경기,경기군포시,N,776651207000,1085040168000,308388961000,39.7075
2020,경기,경기김포시,N,1492267551000,2063497508000,571229957000,38.2793
2020,경기,경기남양주시,N,1872998335000,2515881049000,642882714000,34.3237
2020,경기,경기동두천시,N,555646578000,642189738000,86543160000,15.5752
2020,경기,경기본청,Y,31737661131000,39058035752000,7320374621000,23.0653
2020,경기,경기부천시,N,2320644314000,2769006977000,448362663000,19.3206
2020,경기,경기성남시,N,3508177986000,4709336169000,1201158183000,34.2388
2020,경기,경기수원시,N,2990512017000,4302763284000,1312251267000,43.8805
2020,경기,경기시흥시,N,1672163475000,2267270479000,595107004000,35.589
2020,경기,경기안산시,N,2627782766000,3096041985000,468259219000,17.8196
2020,경기,경기안성시,N,944618500000,1347473748000,402855248000,42.6474
2020,경기,경기안양시,N,1730805720000,2331957350000,601151630000,34.7325
2020,경기,경기양주시,N,929734550000,1157823357000,228088807000,24.5327
2020,경기,경기양평군,N,774966559000,1005176556000,230209997000,29.7058
2020,경기,경기여주시,N,932975595000,1308758547000,375782952000,40.2779
2020,경기,경기연천군,N,560569179000,740329697000,179760518000,32.0675
2020,경기,경기오산시,N,680603265000,836619628000,156016363000,22.9232
2020,경기,경기용인시,N,2600280729000,3399115848000,798835119000,30.7211
2020,경기,경기의왕시,N,497734548000,760469625000,262735077000,52.7862
2020,경기,경기의정부시,N,1341329373000,1785478231000,444148858000,33.1126
2020,경기,경기이천시,N,1354714579000,1770988627000,416274048000,30.7278
2020,경기,경기파주시,N,1647555987000,2202208786000,554652799000,33.6652
2020,경기,경기평택시,N,2026597343000,2657303054000,630705711000,31.1214
2020,경기,경기포천시,N,1095087466000,1508257158000,413169692000,37.7294
2020,경기,경기하남시,N,783857469000,1153719668000,369862199000,47.1849
2020,경기,경기화성시,N,2609066445000,3802151250000,1193084805000,45.7284
2020,경남,경남거제시,N,1093035956000,1326701114000,233665158000,21.3776
2020,경남,경남거창군,N,780794145000,872203667000,91409522000,11.7072
2020,경남,경남고성군,N,633307999000,736512594000,103204595000,16.2961
2020,경남,경남김해시,N,1801048718000,2227641164000,426592446000,23.6858
2020,경남,경남남해군,N,578022039000,678250322000,100228283000,17.3399
2020,경남,경남밀양시,N,862186475000,1109215041000,247028566000,28.6514
2020,경남,경남본청,Y,9999440102000,12059752410000,2060312308000,20.6043
2020,경남,경남사천시,N,708163399000,826648654000,118485255000,16.7313
2020,경남,경남산청군,N,486991615000,564761053000,77769438000,15.9694
2020,경남,경남양산시,N,1316598547000,1518179805000,201581258000,15.3108
2020,경남,경남의령군,N,499953094000,580362750000,80409656000,16.0834
2020,경남,경남진주시,N,1922385703000,2376669466000,454283763000,23.6312
2020,경남,경남창녕군,N,568483866000,755118202000,186634336000,32.8302
2020,경남,경남창원시,N,3443068786000,4682942885000,1239874099000,36.0107
2020,경남,경남통영시,N,678063797000,838695781000,160631984000,23.6898
2020,경남,경남하동군,N,606951683000,693851060000,86899377000,14.3173
2020,경남,경남함안군,N,616765277000,680490219000,63724942000,10.3321
2020,경남,경남함양군,N,524235727000,598469958000,74234231000,14.1605
2020,경남,경남합천군,N,656860342000,824259387000,167399045000,25.4847
2020,경북,경북경산시,N,1033040401000,1441632823000,408592422000,39.5524
2020,경북,경북경주시,N,1462337694000,1810848996000,348511302000,23.8325
2020,경북,경북고령군,N,345976990000,383043301000,37066311000,10.7135
2020,경북,경북구미시,N,1295438791000,1638899120000,343460329000,26.513
2020,경북,경북군위군,N,333473107000,458770687000,125297580000,37.5735
2020,경북,경북김천시,N,1080604939000,1237475840000,156870901000,14.517
2020,경북,경북문경시,N,743712000000,852026000000,108314000000,14.564
2020,경북,경북본청,Y,10893557000000,12985022284000,2091465284000,19.1991
2020,경북,경북봉화군,N,452884072000,534007022000,81122950000,17.9125
2020,경북,경북상주시,N,1203182587000,1603409829000,400227242000,33.264
2020,경북,경북성주군,N,497917000000,597714000000,99797000000,20.0429
2020,경북,경북안동시,N,1319317219000,1554898744000,235581525000,17.8563
2020,경북,경북영덕군,N,487248319000,596635965000,109387646000,22.4501
2020,경북,경북영양군,N,313629552000,410088073000,96458521000,30.7556
2020,경북,경북영주시,N,823606986000,1028303143000,204696157000,24.8536
2020,경북,경북영천시,N,822970000000,1064165766000,241195766000,29.308
2020,경북,경북예천군,N,502145321000,587183021000,85037700000,16.9349
2020,경북,경북울릉군,N,208784758000,265545657000,56760899000,27.1863
2020,경북,경북울진군,N,628280718000,832544415000,204263697000,32.5115
2020,경북,경북의성군,N,619843477000,780601146000,160757669000,25.9352
2020,경북,경북청도군,N,415247701000,499861830000,84614129000,20.3768
2020,경북,경북청송군,N,357602638000,433453716000,75851078000,21.211
2020,경북,경북칠곡군,N,539160000000,637700000000,98540000000,18.2766
2020,경북,경북포항시,N,2090024038000,2582524320000,492500282000,23.5643
2020,광주,광주광산구,N,679871265000,999923951000,320052686000,47.0755
2020,광주,광주남구,N,419172216000,664081409000,244909193000,58.4269
2020,광주,광주동구,N,312217032000,494375230000,182158198000,58.3435
2020,광주,광주본청,Y,6140721042000,7482323205000,1341602163000,21.8476
2020,광주,광주북구,N,723849511000,1085975438000,362125927000,50.0278
2020,광주,광주서구,N,514330213000,754062535000,239732322000,46.6106
2020,대구,대구남구,N,387736481000,619535395000,231798914000,59.7826
2020,대구,대구달서구,N,812521670000,1253156699000,440635029000,54.2306
2020,대구,대구달성군,N,806734142000,1107729290000,300995148000,37.3103
2020,대구,대구동구,N,659596564000,981211670000,321615106000,48.7594
2020,대구,대구본청,Y,10920689661000,13940221672000,3019532011000,27.6496
2020,대구,대구북구,N,682189194000,1038832981000,356643787000,52.2793
2020,대구,대구서구,N,404635975000,643388075000,238752100000,59.0042
2020,대구,대구수성구,N,684251801000,1113605472000,429353671000,62.7479
2020,대구,대구중구,N,300064650000,436692222000,136627572000,45.5327
2020,대전,대전대덕구,N,456907261000,587686523000,130779262000,28.6227
2020,대전,대전동구,N,537404122000,680515776000,143111654000,26.6302
2020,대전,대전본청,Y,6782711840000,7702791325000,920079485000,13.5651
2020,대전,대전서구,N,856914221000,1192649403000,335735182000,39.1796
2020,대전,대전유성구,N,593792714000,827627623000,233834909000,39.3799
2020,대전,대전중구,N,500593428000,636064649000,135471221000,27.0621
2020,부산,부산강서구,N,369344224000,551670008000,182325784000,49.3647
2020,부산,부산금정구,N,438823503000,634260389000,195436886000,44.5366
2020,부산,부산기장군,N,595170362000,759844389000,164674027000,27.6684
2020,부산,부산남구,N,425329131000,685967572000,260638441000,61.2792
2020,부산,부산동구,N,266788092000,377887863000,111099771000,41.6435
2020,부산,부산동래구,N,446973330000,687044487000,240071157000,53.7104
2020,부산,부산본청,Y,13780451724000,16179270235000,2398818511000,17.4074
2020,부산,부산부산진구,N,636685948000,874589715000,237903767000,37.366
2020,부산,부산북구,N,509389315000,729479074000,220089759000,43.2066
2020,부산,부산사상구,N,427024734000,592889573000,165864839000,38.842
2020,부산,부산사하구,N,488125210000,784590330000,296465120000,60.7355
2020,부산,부산서구,N,292730988000,444283853000,151552865000,51.7721
2020,부산,부산수영구,N,355893867000,490793942000,134900075000,37.9046
2020,부산,부산연제구,N,382334159000,570202891000,187868732000,49.1373
2020,부산,부산영도구,N,333852041000,442148387000,108296346000,32.4384
2020,부산,부산중구,N,194977064000,281734311000,86757247000,44.4961
2020,부산,부산해운대구,N,614831575000,950284773000,335453198000,54.5602
2020,서울,서울강남구,N,1352339704000,1836384624000,484044920000,35.7931
2020,서울,서울강동구,N,847729066000,1233241660000,385512594000,45.4759
2020,서울,서울강북구,N,817264895000,1053772853000,236507958000,28.939
2020,서울,서울강서구,N,1126119797000,1507619714000,381499917000,33.8774
2020,서울,서울관악구,N,810903745000,1182068408000,371164663000,45.7717
2020,서울,서울광진구,N,684269187000,1046251057000,361981870000,52.9005
2020,서울,서울구로구,N,771479717000,1123086382000,351606665000,45.5756
2020,서울,서울금천구,N,549936882000,798055956000,248119074000,45.1177
2020,서울,서울노원구,N,1000271778000,1444439482000,444167704000,44.4047
2020,서울,서울도봉구,N,680801509000,964395926000,283594417000,41.656
2020,서울,서울동대문구,N,671114985000,975413065000,304298080000,45.3422
2020,서울,서울동작구,N,736832256000,1038206533000,301374277000,40.9013
2020,서울,서울마포구,N,764829969000,1037188904000,272358935000,35.6104
2020,서울,서울본청,Y,41984488460000,49712658912000,7728170452000,18.4072
2020,서울,서울서대문구,N,668334768000,937044917000,268710149000,40.2059
2020,서울,서울서초구,N,934761333000,1230073901000,295312568000,31.5923
2020,서울,서울성동구,N,583629947000,853498364000,269868417000,46.2396
2020,서울,서울성북구,N,783678530000,1169855937000,386177407000,49.2775
2020,서울,서울송파구,N,961924270000,1352511009000,390586739000,40.6047
2020,서울,서울양천구,N,811895171000,1158910301000,347015130000,42.7414
2020,서울,서울영등포구,N,689876461000,1010784653000,320908192000,46.5168
2020,서울,서울용산구,N,571695063000,752915045000,181219982000,31.6987
2020,서울,서울은평구,N,866309639000,1202264234000,335954595000,38.78
2020,서울,서울종로구,N,639001995000,818455316000,179453321000,28.0834
2020,서울,서울중구,N,557679150000,724709400000,167030250000,29.951
2020,서울,서울중랑구,N,788606664000,1123328603000,334721939000,42.4447
2020,세종,세종본청,Y,1760324553000,2093990286000,333665733000,18.9548
2020,울산,울산남구,N,535713902000,708330744000,172616842000,32.2218
2020,울산,울산동구,N,295550080000,386166679000,90616599000,30.6603
2020,울산,울산본청,Y,4401890979000,5199873871000,797982892000,18.1282
2020,울산,울산북구,N,380782461000,526489560000,145707099000,38.2652
2020,울산,울산울주군,N,917131382000,1055581224000,138449842000,15.096
2020,울산,울산중구,N,386757096000,520795181000,134038085000,34.6569
2020,인천,인천강화군,N,566070468000,674506292000,108435824000,19.1559
2020,인천,인천계양구,N,599833977000,769531395000,169697418000,28.2907
2020,인천,인천남동구,N,894448447000,1164307346000,269858899000,30.1704
2020,인천,인천동구,N,379242784000,413947357000,34704573000,9.151
2020,인천,인천미추홀구,N,753898129000,942661397000,188763268000,25.0383
2020,인천,인천본청,Y,11920554441000,14419937118000,2499382677000,20.967
2020,인천,인천부평구,N,937695551000,1149446587000,211751036000,22.5821
2020,인천,인천서구,N,938069091000,1321176784000,383107693000,40.84
2020,인천,인천연수구,N,624037678000,824393899000,200356221000,32.1064
2020,인천,인천옹진군,N,337521753000,456373508000,118851755000,35.2131
2020,인천,인천중구,N,424857789000,557737943000,132880154000,31.2764
2020,전남,전남강진군,N,394717006000,603208781000,208491775000,52.8206
2020,전남,전남고흥군,N,731942129000,974921871000,242979742000,33.1966
2020,전남,전남곡성군,N,445275323000,554179873000,108904550000,24.4578
2020,전남,전남광양시,N,1064972234000,1230608699000,165636465000,15.5531
2020,전남,전남구례군,N,317482375000,440259961000,122777586000,38.6723
2020,전남,전남나주시,N,801551984000,1026031969000,224479985000,28.0057
2020,전남,전남담양군,N,401052238000,567164109000,166111871000,41.419
2020,전남,전남목포시,N,878466222000,1175760001000,297293779000,33.8424
2020,전남,전남무안군,N,599452854000,842541501000,243088647000,40.5518
2020,전남,전남보성군,N,573710795000,764110966000,190400171000,33.1875
2020,전남,전남본청,Y,9305125931000,11114550236000,1809424305000,19.4455
2020,전남,전남순천시,N,1398754419000,1716580936000,317826517000,22.7221
2020,전남,전남신안군,N,619959677000,921763694000,301804017000,48.6812
2020,전남,전남여수시,N,1430736753000,1707227283000,276490530000,19.325
2020,전남,전남영광군,N,578281786000,719449770000,141167984000,24.4116
2020,전남,전남영암군,N,579668646000,715546322000,135877676000,23.4406
2020,전남,전남완도군,N,555514327000,673134939000,117620612000,21.1733
2020,전남,전남장성군,N,424458119000,534737695000,110279576000,25.9813
2020,전남,전남장흥군,N,436350596000,612748866000,176398270000,40.4258
2020,전남,전남진도군,N,412993413000,626290254000,213296841000,51.6465
2020,전남,전남함평군,N,403586544000,523919457000,120332913000,29.8159
2020,전남,전남해남군,N,968482028000,1209753669000,241271641000,24.9124
2020,전남,전남화순군,N,575702952000,811817523000,236114571000,41.0133
2020,전북,전북고창군,N,685121664000,809101521000,123979857000,18.096
2020,전북,전북군산시,N,1391670411000,1727103895000,335433484000,24.1029
2020,전북,전북김제시,N,906167669000,1142696378000,236528709000,26.1021
2020,전북,전북남원시,N,813014159000,978956259000,165942100000,20.4107
2020,전북,전북무주군,N,415885713000,478812747000,62927034000,15.1308
2020,전북,전북본청,Y,7826158913000,9519532305000,1693373392000,21.6373
2020,전북,전북부안군,N,635142953000,690106192000,54963239000,8.6537
2020,전북,전북순창군,N,420363278000,487205874000,66842596000,15.9012
2020,전북,전북완주군,N,726969828000,872750202000,145780374000,20.0532
2020,전북,전북익산시,N,1392118138000,1727446136000,335327998000,24.0876
2020,전북,전북임실군,N,446741285000,537982080000,91240795000,20.4236
2020,전북,전북장수군,N,425711156000,518254688000,92543532000,21.7386
2020,전북,전북전주시,N,2058671878000,2510651812000,451979934000,21.9549
2020,전북,전북정읍시,N,1022991124000,1154983233000,131992109000,12.9026
2020,전북,전북진안군,N,449280745000,540237635000,90956890000,20.245
2020,제주,제주본청,Y,6758074945000,7305673823000,547598878000,8.1029
2020,충남,충남계룡시,N,255890134000,361069426000,105179292000,41.1033
2020,충남,충남공주시,N,890480505000,1144102271000,253621766000,28.4815
2020,충남,충남금산군,N,517036000000,753123744000,236087744000,45.6618
2020,충남,충남논산시,N,865748656000,1082458319000,216709663000,25.0315
2020,충남,충남당진시,N,1034955189000,1224148145000,189192956000,18.2803
2020,충남,충남보령시,N,787158802000,1109991745000,322832943000,41.0124
2020,충남,충남본청,Y,7783569000000,9747087444000,1963518444000,25.2265
2020,충남,충남부여군,N,790916331000,1098378207000,307461876000,38.8741
2020,충남,충남서산시,N,1039717798000,1242578360000,202860562000,19.5111
2020,충남,충남서천군,N,538264631000,681914338000,143649707000,26.6876
2020,충남,충남아산시,N,1139926815000,1767665760000,627738945000,55.0684
2020,충남,충남예산군,N,649810385000,843718517000,193908132000,29.8407
2020,충남,충남천안시,N,1982671000000,2762258126000,779587126000,39.32
2020,충남,충남청양군,N,475778976000,565510086000,89731110000,18.8598
2020,충남,충남태안군,N,609039898000,716894638000,107854740000,17.709
2020,충남,충남홍성군,N,715267233000,818906299000,103639066000,14.4896
2020,충북,충북괴산군,N,492211616000,662668962000,170457346000,34.6309
2020,충북,충북단양군,N,387079949000,479258853000,92178904000,23.8139
2020,충북,충북보은군,N,421869787000,554184186000,132314399000,31.3638
2020,충북,충북본청,Y,5740886601000,7214554338000,1473667737000,25.6697
2020,충북,충북영동군,N,582102054000,708909040000,126806986000,21.7843
2020,충북,충북옥천군,N,531081153000,618560504000,87479351000,16.4719
2020,충북,충북음성군,N,631020002000,807498697000,176478695000,27.9672
2020,충북,충북제천시,N,885343098000,1234236750000,348893652000,39.4077
2020,충북,충북증평군,N,236828080000,282957621000,46129541000,19.4781
2020,충북,충북진천군,N,525122828000,628889691000,103766863000,19.7605
2020,충북,충북청주시,N,2719402653000,3725036090000,1005633437000,36.9799
2020,충북,충북충주시,N,1087650871000,1552071694000,464420823000,42.6994
2021,강원,강원강릉시,N,1254753731000,1552762773000,298009042000,23.7504
2021,강원,강원고성군,N,388398595000,493059320000,104660725000,26.9467
2021,강원,강원동해시,N,453097332000,548060550000,94963218000,20.9587
2021,강원,강원본청,Y,7970144688000,9330775138000,1360630450000,17.0716
2021,강원,강원삼척시,N,603305974000,811899857000,208593883000,34.5751
2021,강원,강원속초시,N,500439610000,606528346000,106088736000,21.1991
2021,강원,강원양구군,N,421604404000,484844724000,63240320000,14.9999
2021,강원,강원양양군,N,365321276000,450600025000,85278749000,23.3435
2021,강원,강원영월군,N,460263877000,560873614000,100609737000,21.8591
2021,강원,강원원주시,N,1662779307000,2145721212000,482941905000,29.0443
2021,강원,강원인제군,N,506162015000,645161678000,138999663000,27.4615
2021,강원,강원정선군,N,544000096000,638030716000,94030620000,17.285
2021,강원,강원철원군,N,538019917000,615058130000,77038213000,14.3188
2021,강원,강원춘천시,N,1596037471000,1910692430000,314654959000,19.7148
2021,강원,강원태백시,N,383915952000,479029796000,95113844000,24.7747
2021,강원,강원평창군,N,534986494000,637671917000,102685423000,19.194
2021,강원,강원홍천군,N,699526911000,880997267000,181470356000,25.9419
2021,강원,강원화천군,N,368700067000,444895432000,76195365000,20.6659
2021,강원,강원횡성군,N,537443296000,686655135000,149211839000,27.7633
2021,경기,경기가평군,N,496296567000,836216886000,339920319000,68.4914
2021,경기,경기고양시,N,3079648159000,3966688925000,887040766000,28.8033
2021,경기,경기과천시,N,948731675000,1109046596000,160314921000,16.8978
2021,경기,경기광명시,N,1040174646000,1447384935000,407210289000,39.1483
2021,경기,경기광주시,N,1182377182000,1951008982000,768631800000,65.0073
2021,경기,경기구리시,N,817527433000,1137439792000,319912359000,39.1317
2021,경기,경기군포시,N,850966007000,1135835658000,284869651000,33.476
2021,경기,경기김포시,N,1515078722000,2098871480000,583792758000,38.5322
2021,경기,경기남양주시,N,1986680209000,2684136831000,697456622000,35.1066
2021,경기,경기동두천시,N,570851497000,778874532000,208023035000,36.4408
2021,경기,경기본청,Y,32625652195000,46374524876000,13748872681000,42.1413
2021,경기,경기부천시,N,2217132237000,2920584593000,703452356000,31.728
2021,경기,경기성남시,N,3464155108000,5248388739000,1784233631000,51.5056
2021,경기,경기수원시,N,2983930585000,4113150638000,1129220053000,37.8434
2021,경기,경기시흥시,N,1584363824000,2260852750000,676488926000,42.6978
2021,경기,경기안산시,N,2439536357000,2995685891000,556149534000,22.7973
2021,경기,경기안성시,N,1110652527000,1405471357000,294818830000,26.5447
2021,경기,경기안양시,N,1791967132000,2419103534000,627136402000,34.9971
2021,경기,경기양주시,N,917527359000,1207549252000,290021893000,31.6091
2021,경기,경기양평군,N,779242299000,1114450228000,335207929000,43.0172
2021,경기,경기여주시,N,974652571000,1555030495000,580377924000,59.5472
2021,경기,경기연천군,N,560094268000,820872795000,260778527000,46.5598
2021,경기,경기오산시,N,723956623000,875808058000,151851435000,20.9752
2021,경기,경기용인시,N,2640466107000,3355215789000,714749682000,27.0691
2021,경기,경기의왕시,N,565216553000,822373373000,257156820000,45.497
2021,경기,경기의정부시,N,1441971384000,1862803272000,420831888000,29.1845
2021,경기,경기이천시,N,1584396758000,2069512929000,485116171000,30.6184
2021,경기,경기파주시,N,1697103601000,2328248140000,631144539000,37.1895
2021,경기,경기평택시,N,2215301342000,2871209888000,655908546000,29.6081
2021,경기,경기포천시,N,1170824364000,1533244878000,362420514000,30.9543
2021,경기,경기하남시,N,991061766000,1462670653000,471608887000,47.5862
2021,경기,경기화성시,N,2899649251000,3722323538000,822674287000,28.3715
2021,경남,경남거제시,N,1074726155000,1319986897000,245260742000,22.8208
2021,경남,경남거창군,N,829943472000,996222653000,166279181000,20.035
2021,경남,경남고성군,N,636289386000,744215951000,107926565000,16.9619
2021,경남,경남김해시,N,1957401159000,2263311100000,305909941000,15.6284
2021,경남,경남남해군,N,569922650000,634703660000,64781010000,11.3666
2021,경남,경남밀양시,N,926048095000,1186593263000,260545168000,28.1352
2021,경남,경남본청,Y,11204033618000,12994093000000,1790059382000,15.9769
2021,경남,경남사천시,N,710572896000,862823586000,152250690000,21.4265
2021,경남,경남산청군,N,511910878000,611623014000,99712136000,19.4784
2021,경남,경남양산시,N,1407565012000,1682917753000,275352741000,19.5623
2021,경남,경남의령군,N,524473399000,620294026000,95820627000,18.2699
2021,경남,경남진주시,N,2207476020000,2977825070000,770349050000,34.8973
2021,경남,경남창녕군,N,595449930000,723969162000,128519232000,21.5835
2021,경남,경남창원시,N,3496410419000,4601248505000,1104838086000,31.5992
2021,경남,경남통영시,N,706832776000,911148945000,204316169000,28.9059
2021,경남,경남하동군,N,851019135000,966791173000,115772038000,13.6039
2021,경남,경남함안군,N,617877724000,726268704000,108390980000,17.5425
2021,경남,경남함양군,N,536938925000,597703364000,60764439000,11.3168
2021,경남,경남합천군,N,676521247000,788589451000,112068204000,16.5654
2021,경북,경북경산시,N,1076462460000,1340609798000,264147338000,24.5385
2021,경북,경북경주시,N,1534818308000,2007403295000,472584987000,30.7909
2021,경북,경북고령군,N,340174168000,406150378000,65976210000,19.3948
2021,경북,경북구미시,N,1367191042000,1956754517000,589563475000,43.1222
2021,경북,경북군위군,N,385372648000,461451963000,76079315000,19.7418
2021,경북,경북김천시,N,1184430579000,1368532361000,184101782000,15.5435
2021,경북,경북문경시,N,773415000000,892039480000,118624480000,15.3378
2021,경북,경북본청,Y,11770805307000,13520147068000,1749341761000,14.8617
2021,경북,경북봉화군,N,461184925000,553282213000,92097288000,19.9697
2021,경북,경북상주시,N,1331952641000,1472121176000,140168535000,10.5235
2021,경북,경북성주군,N,522000000000,618820534000,96820534000,18.548
2021,경북,경북안동시,N,1354816464000,1652070674000,297254210000,21.9406
2021,경북,경북영덕군,N,503612309000,604846942000,101234633000,20.1017
2021,경북,경북영양군,N,354493877000,415272037000,60778160000,17.1451
2021,경북,경북영주시,N,837856388000,1068582233000,230725845000,27.5376
2021,경북,경북영천시,N,905355083000,1209017629000,303662546000,33.5407
2021,경북,경북예천군,N,531612298000,632303463000,100691165000,18.9407
2021,경북,경북울릉군,N,209116863000,278718556000,69601693000,33.2836
2021,경북,경북울진군,N,586722782000,750237445000,163514663000,27.8692
2021,경북,경북의성군,N,630785110000,825071070000,194285960000,30.8007
2021,경북,경북청도군,N,513804869000,591331268000,77526399000,15.0887
2021,경북,경북청송군,N,389437411000,464386271000,74948860000,19.2454
2021,경북,경북칠곡군,N,547800000000,656700000000,108900000000,19.8795
2021,경북,경북포항시,N,2499843999000,3076032839000,576188840000,23.049
2021,광주,광주광산구,N,729950596000,1069318096000,339367500000,46.4918
2021,광주,광주남구,N,476821855000,692943302000,216121447000,45.3254
2021,광주,광주동구,N,397538946000,506693838000,109154892000,27.4577
2021,광주,광주본청,Y,6738387521000,8213567714000,1475180193000,21.8922
2021,광주,광주북구,N,819428993000,1154441370000,335012377000,40.8836
2021,광주,광주서구,N,557436723000,772890560000,215453837000,38.6508
2021,대구,대구남구,N,456985409000,635353496000,178368087000,39.0315
2021,대구,대구달서구,N,868332582000,1149122467000,280789885000,32.3367
2021,대구,대구달성군,N,890887770000,1118249605000,227361835000,25.5208
2021,대구,대구동구,N,724453890000,981403261000,256949371000,35.468
2021,대구,대구본청,Y,10308622124000,12233566918000,1924944794000,18.6732
2021,대구,대구북구,N,741548847000,1013645097000,272096250000,36.693
2021,대구,대구서구,N,472446848000,676465440000,204018592000,43.1834
2021,대구,대구수성구,N,798502123000,1076214197000,277712074000,34.7791
2021,대구,대구중구,N,326879469000,445668364000,118788895000,36.3403
2021,대전,대전대덕구,N,510896059000,648323048000,137426989000,26.8992
2021,대전,대전동구,N,587418833000,719718395000,132299562000,22.5222
2021,대전,대전본청,Y,6620095602000,8113950458000,1493854856000,22.5655
2021,대전,대전서구,N,894715866000,1112826029000,218110163000,24.3776
2021,대전,대전유성구,N,632231578000,821171616000,188940038000,29.8846
2021,대전,대전중구,N,540965515000,696501034000,155535519000,28.7515
2021,부산,부산강서구,N,397332217000,537872825000,140540608000,35.3711
2021,부산,부산금정구,N,465190641000,634546561000,169355920000,36.4057
2021,부산,부산기장군,N,650824036000,823473902000,172649866000,26.5279
2021,부산,부산남구,N,486827375000,708108606000,221281231000,45.4537
2021,부산,부산동구,N,294548672000,430545572000,135996900000,46.1713
2021,부산,부산동래구,N,433484207000,689845999000,256361792000,59.1398
2021,부산,부산본청,Y,14511899442000,17433339639000,2921440197000,20.1313
2021,부산,부산부산진구,N,657940976000,899484832000,241543856000,36.7121
2021,부산,부산북구,N,536616725000,743630046000,207013321000,38.5775
2021,부산,부산사상구,N,451935262000,609107324000,157172062000,34.7776
2021,부산,부산사하구,N,543014006000,809219254000,266205248000,49.0236
2021,부산,부산서구,N,322596248000,475231642000,152635394000,47.3147
2021,부산,부산수영구,N,375134747000,492258711000,117123964000,31.2218
2021,부산,부산연제구,N,395810134000,591178645000,195368511000,49.3591
2021,부산,부산영도구,N,350463113000,461719335000,111256222000,31.7455
2021,부산,부산중구,N,208904269000,283765673000,74861404000,35.8353
2021,부산,부산해운대구,N,685092300000,969958812000,284866512000,41.5807
2021,서울,서울강남구,N,1484112798000,2018121260000,534008462000,35.9817
2021,서울,서울강동구,N,875717032000,1173649952000,297932920000,34.0216
2021,서울,서울강북구,N,896721035000,1085477796000,188756761000,21.0497
2021,서울,서울강서구,N,1156713663000,1489240975000,332527312000,28.7476
2021,서울,서울관악구,N,849868537000,1179079604000,329211067000,38.7367
2021,서울,서울광진구,N,765060832000,1010079027000,245018195000,32.026
2021,서울,서울구로구,N,822877353000,1122156797000,299279444000,36.3699
2021,서울,서울금천구,N,584934552000,752201165000,167266613000,28.5958
2021,서울,서울노원구,N,1068077843000,1382530252000,314452409000,29.441
2021,서울,서울도봉구,N,729028034000,955811817000,226783783000,31.1077
2021,서울,서울동대문구,N,726322550000,1034290353000,307967803000,42.401
2021,서울,서울동작구,N,782881416000,1018269943000,235388527000,30.0669
2021,서울,서울마포구,N,815825781000,1027160721000,211334940000,25.9044
2021,서울,서울본청,Y,41999130244000,50984179593000,8985049349000,21.3934
2021,서울,서울서대문구,N,761671187000,911237124000,149565937000,19.6365
2021,서울,서울서초구,N,961635168000,1124612810000,162977642000,16.948
2021,서울,서울성동구,N,636077769000,863866094000,227788325000,35.8114
2021,서울,서울성북구,N,883781422000,1167008855000,283227433000,32.0472
2021,서울,서울송파구,N,1054720348000,1308275066000,253554718000,24.04
2021,서울,서울양천구,N,907749651000,1183646537000,275896886000,30.3935
2021,서울,서울영등포구,N,748836552000,985516855000,236680303000,31.6064
2021,서울,서울용산구,N,578848146000,724751133000,145902987000,25.2057
2021,서울,서울은평구,N,920780078000,1205604773000,284824695000,30.933
2021,서울,서울종로구,N,651879062000,780351895000,128472833000,19.7081
2021,서울,서울중구,N,583934631000,681817480000,97882849000,16.7626
2021,서울,서울중랑구,N,842273126000,1104802094000,262528968000,31.1691
2021,세종,세종본청,Y,2116899111000,2607121985000,490222874000,23.1576
2021,울산,울산남구,N,549470617000,697653565000,148182948000,26.9683
2021,울산,울산동구,N,295600804000,398036021000,102435217000,34.6532
2021,울산,울산본청,Y,4593786048000,5329421901000,735635853000,16.0137
2021,울산,울산북구,N,400274431000,531238683000,130964252000,32.7186
2021,울산,울산울주군,N,950204107000,1128094527000,177890420000,18.7213
2021,울산,울산중구,N,408384696000,517053469000,108668773000,26.6094
2021,인천,인천강화군,N,571774745000,690863190000,119088445000,20.8279
2021,인천,인천계양구,N,576972209000,767540621000,190568412000,33.029
2021,인천,인천남동구,N,947509080000,1250456872000,302947792000,31.9731
2021,인천,인천동구,N,385648257000,462593592000,76945335000,19.9522
2021,인천,인천미추홀구,N,787533492000,1001407248000,213873756000,27.1574
2021,인천,인천본청,Y,12950012640000,16388381995000,3438369355000,26.5511
2021,인천,인천부평구,N,983954345000,1230644519000,246690174000,25.0713
2021,인천,인천서구,N,1064400116000,1455599688000,391199572000,36.7531
2021,인천,인천연수구,N,638141134000,855062351000,216921217000,33.9927
2021,인천,인천옹진군,N,338845758000,500125944000,161280186000,47.5969
2021,인천,인천중구,N,444063321000,570233848000,126170527000,28.4127
2021,전남,전남강진군,N,428403829000,628164903000,199761074000,46.6292
2021,전남,전남고흥군,N,755211908000,950457112000,195245204000,25.853
2021,전남,전남곡성군,N,483838432000,548344665000,64506233000,13.3322
2021,전남,전남광양시,N,1060520273000,1190327267000,129806994000,12.2399
2021,전남,전남구례군,N,324895681000,607055418000,282159737000,86.8463
2021,전남,전남나주시,N,768500601000,1089003210000,320502609000,41.7049
2021,전남,전남담양군,N,438668683000,631062382000,192393699000,43.8585
2021,전남,전남목포시,N,918821772000,1392429335000,473607563000,51.5451
2021,전남,전남무안군,N,650010052000,876464304000,226454252000,34.8386
2021,전남,전남보성군,N,578530694000,811803646000,233272952000,40.3216
2021,전남,전남본청,Y,10221324791000,12764748839000,2543424048000,24.8835
2021,전남,전남순천시,N,1458811712000,1752262391000,293450679000,20.1157
2021,전남,전남신안군,N,588731150000,804485099000,215753949000,36.6473
2021,전남,전남여수시,N,1335318672000,1825987808000,490669136000,36.7455
2021,전남,전남영광군,N,621149569000,769083489000,147933920000,23.8162
2021,전남,전남영암군,N,629640094000,777991456000,148351362000,23.5613
2021,전남,전남완도군,N,565485581000,666416619000,100931038000,17.8486
2021,전남,전남장성군,N,461957813000,572157886000,110200073000,23.855
2021,전남,전남장흥군,N,513133957000,616663781000,103529824000,20.176
2021,전남,전남진도군,N,440759635000,686130810000,245371175000,55.6701
2021,전남,전남함평군,N,475248939000,555848041000,80599102000,16.9593
2021,전남,전남해남군,N,1000629667000,1248128604000,247498937000,24.7343
2021,전남,전남화순군,N,632526529000,792167276000,159640747000,25.2386
2021,전북,전북고창군,N,726738582000,837385634000,110647052000,15.2252
2021,전북,전북군산시,N,1473449922000,1843432919000,369982997000,25.11
2021,전북,전북김제시,N,971376734000,1215071578000,243694844000,25.0876
2021,전북,전북남원시,N,928380636000,1053535069000,125154433000,13.4809
2021,전북,전북무주군,N,452995883000,517816476000,64820593000,14.3093
2021,전북,전북본청,Y,8772482523000,10077586226000,1305103703000,14.8772
2021,전북,전북부안군,N,656377045000,750386042000,94008997000,14.3224
2021,전북,전북순창군,N,483200683000,553164988000,69964305000,14.4793
2021,전북,전북완주군,N,830455832000,977252733000,146796901000,17.6767
2021,전북,전북익산시,N,1545139935000,1800466904000,255326969000,16.5245
2021,전북,전북임실군,N,474378052000,529101610000,54723558000,11.5359
2021,전북,전북장수군,N,466730167000,519797556000,53067389000,11.37
2021,전북,전북전주시,N,2116452566000,2669724102000,553271536000,26.1415
2021,전북,전북정읍시,N,985026043000,1206492483000,221466440000,22.4833
2021,전북,전북진안군,N,483570588000,548454362000,64883774000,13.4176
2021,제주,제주본청,Y,6499212139000,7489010672000,989798533000,15.2295
2021,충남,충남계룡시,N,296460585000,391504842000,95044257000,32.0597
2021,충남,충남공주시,N,845854000000,1240775308000,394921308000,46.6891
2021,충남,충남금산군,N,549575771000,705831121000,156255350000,28.432
2021,충남,충남논산시,N,942708472000,1208457962000,265749490000,28.19
2021,충남,충남당진시,N,1000310014000,1280789913000,280479899000,28.0393
2021,충남,충남보령시,N,834752548000,1141029024000,306276476000,36.6907
2021,충남,충남본청,Y,8711295000000,10270898166000,1559603166000,17.9032
2021,충남,충남부여군,N,760861029000,1061475302000,300614273000,39.5097
2021,충남,충남서산시,N,1125628995000,1302873904000,177244909000,15.7463
2021,충남,충남서천군,N,539221013000,667482641000,128261628000,23.7865
2021,충남,충남아산시,N,1234499712000,1774138229000,539638517000,43.7131
2021,충남,충남예산군,N,736056175000,900633686000,164577511000,22.3594
2021,충남,충남천안시,N,2427800000000,2928792260000,500992260000,20.6356
2021,충남,충남청양군,N,490668178000,588476360000,97808182000,19.9337
2021,충남,충남태안군,N,591404214000,699348794000,107944580000,18.2523
2021,충남,충남홍성군,N,772761261000,911558160000,138796899000,17.9612
2021,충북,충북괴산군,N,545788637000,684022404000,138233767000,25.3273
2021,충북,충북단양군,N,475706861000,547678363000,71971502000,15.1294
2021,충북,충북보은군,N,402903137000,586028669000,183125532000,45.4515
2021,충북,충북본청,Y,6653569515000,7680430808000,1026861293000,15.4332
2021,충북,충북영동군,N,532700080000,684239143000,151539063000,28.4474
2021,충북,충북옥천군,N,525682121000,662541768000,136859647000,26.0347
2021,충북,충북음성군,N,627118923000,944032197000,316913274000,50.5348
2021,충북,충북제천시,N,972335605000,1331830020000,359494415000,36.9723
2021,충북,충북증평군,N,249791040000,304143078000,54352038000,21.759
2021,충북,충북진천군,N,563951115000,709571447000,145620332000,25.8214
2021,충북,충북청주시,N,2960579873000,3999357606000,1038777733000,35.087
2021,충북,충북충주시,N,1140950437000,1633888030000,492937593000,43.2041
2022,강원,강원강릉시,N,1339125819000,1774677711000,435551892000,32.5251
2022,강원,강원고성군,N,419341380000,559765556000,140424176000,33.4868
2022,강원,강원동해시,N,508552752000,715669409000,207116657000,40.7267
2022,강원,강원본청,Y,8348261917000,9505225817000,1156963900000,13.8587
2022,강원,강원삼척시,N,630051292000,956596505000,326545213000,51.8284
2022,강원,강원속초시,N,522213937000,621742082000,99528145000,19.0589
2022,강원,강원양구군,N,456683528000,621770787000,165087259000,36.1492
2022,강원,강원양양군,N,411125177000,553672026000,142546849000,34.6724
2022,강원,강원영월군,N,516978432000,774924003000,257945571000,49.8948
2022,강원,강원원주시,N,1623719866000,2154662742000,530942876000,32.6992
2022,강원,강원인제군,N,602574441000,759431963000,156857522000,26.0312
2022,강원,강원정선군,N,556753818000,748692517000,191938699000,34.4746
2022,강원,강원철원군,N,554435648000,682583622000,128147974000,23.1132
2022,강원,강원춘천시,N,1548764927000,2180382746000,631617819000,40.782
2022,강원,강원태백시,N,423919441000,574328882000,150409441000,35.4807
2022,강원,강원평창군,N,570012941000,791658692000,221645751000,38.8843
2022,강원,강원홍천군,N,809704302000,1146593966000,336889664000,41.6065
2022,강원,강원화천군,N,386467533000,500225776000,113758243000,29.4354
2022,강원,강원횡성군,N,600272203000,1040249203000,439977000000,73.2962
2022,경기,경기가평군,N,656207531000,817659856000,161452325000,24.6039
2022,경기,경기고양시,N,3663040864000,4074217841000,411176977000,11.225
2022,경기,경기과천시,N,770287556000,878721686000,108434130000,14.0771
2022,경기,경기광명시,N,1018269480000,1491038159000,472768679000,46.4286
2022,경기,경기광주시,N,1667927748000,2282478923000,614551175000,36.8452
2022,경기,경기구리시,N,890069640000,1091129021000,201059381000,22.5892
2022,경기,경기군포시,N,969950800000,1149110435000,179159635000,18.471
2022,경기,경기김포시,N,1661758445000,2024998487000,363240042000,21.8588
2022,경기,경기남양주시,N,2188448819000,2774684131000,586235312000,26.7877
2022,경기,경기동두천시,N,729460080000,944648136000,215188056000,29.4996
2022,경기,경기본청,Y,39723621157000,42064367305000,2340746148000,5.8926
2022,경기,경기부천시,N,2439383197000,2987475884000,548092687000,22.4685
2022,경기,경기성남시,N,3931864213000,6160007574000,2228143361000,56.6689
2022,경기,경기수원시,N,3452882300000,4310184068000,857301768000,24.8286
2022,경기,경기시흥시,N,1543553023000,2036777421000,493224398000,31.9538
2022,경기,경기안산시,N,2380123998000,2767001851000,386877853000,16.2545
2022,경기,경기안성시,N,1391628387000,1667606330000,275977943000,19.8313
2022,경기,경기안양시,N,1910475288000,2460502607000,550027319000,28.7901
2022,경기,경기양주시,N,1060098768000,1259561811000,199463043000,18.8155
2022,경기,경기양평군,N,955509293000,1230150701000,274641408000,28.7429
2022,경기,경기여주시,N,1204453416000,1670933321000,466479905000,38.7296
2022,경기,경기연천군,N,672053986000,862083828000,190029842000,28.276
2022,경기,경기오산시,N,709941567000,956422224000,246480657000,34.7184
2022,경기,경기용인시,N,3136365012000,3921696230000,785331218000,25.0395
2022,경기,경기의왕시,N,639819662000,819733495000,179913833000,28.1195
2022,경기,경기의정부시,N,1535202811000,1906837650000,371634839000,24.2075
2022,경기,경기이천시,N,1540129067000,1903568181000,363439114000,23.598
2022,경기,경기파주시,N,1876046362000,2232269781000,356223419000,18.988
2022,경기,경기평택시,N,2236814496000,3082854760000,846040264000,37.8234
2022,경기,경기포천시,N,1264027486000,1847694577000,583667091000,46.1752
2022,경기,경기하남시,N,1015636405000,1351578688000,335942283000,33.077
2022,경기,경기화성시,N,3361339846000,4380392311000,1019052465000,30.3169
2022,경남,경남거제시,N,1216525737000,1619424369000,402898632000,33.1188
2022,경남,경남거창군,N,851905643000,1053582093000,201676450000,23.6736
2022,경남,경남고성군,N,698439927000,929696075000,231256148000,33.1104
2022,경남,경남김해시,N,2011472221000,2401876002000,390403781000,19.4089
2022,경남,경남남해군,N,623726010000,838643606000,214917596000,34.4571
2022,경남,경남밀양시,N,1053781305000,1394132048000,340350743000,32.298
2022,경남,경남본청,Y,11844410855000,13568725872000,1724315017000,14.558
2022,경남,경남사천시,N,844406858000,1048107225000,203700367000,24.1235
2022,경남,경남산청군,N,641059775000,772349064000,131289289000,20.48
2022,경남,경남양산시,N,1571123893000,1891329953000,320206060000,20.3807
2022,경남,경남의령군,N,555894658000,768954013000,213059355000,38.3273
2022,경남,경남진주시,N,2042452236000,2551061158000,508608922000,24.9019
2022,경남,경남창녕군,N,666008421000,852128639000,186120218000,27.9456
2022,경남,경남창원시,N,3619728933000,4795622270000,1175893337000,32.4857
2022,경남,경남통영시,N,778150126000,1092151125000,314000999000,40.3522
2022,경남,경남하동군,N,763934882000,912996715000,149061833000,19.5124
2022,경남,경남함안군,N,707115868000,812382651000,105266783000,14.8868
2022,경남,경남함양군,N,575556679000,730488236000,154931557000,26.9186
2022,경남,경남합천군,N,751003634000,991957605000,240953971000,32.0843
2022,경북,경북경산시,N,1228136710000,1640205449000,412068739000,33.5524
2022,경북,경북경주시,N,1685081064000,2302309774000,617228710000,36.629
2022,경북,경북고령군,N,414856307000,492994989000,78138682000,18.8351
2022,경북,경북구미시,N,1694404751000,2484865457000,790460706000,46.6512
2022,경북,경북군위군,N,455238912000,657790216000,202551304000,44.4934
2022,경북,경북김천시,N,1300483899000,1830963350000,530479451000,40.7909
2022,경북,경북문경시,N,864763000000,1213815553000,349052553000,40.364
2022,경북,경북본청,Y,12513454899000,14585454494000,2071999595000,16.5582
2022,경북,경북봉화군,N,515300655000,609768073000,94467418000,18.3325
2022,경북,경북상주시,N,1424841028000,2017613803000,592772775000,41.6027
2022,경북,경북성주군,N,553000000000,689300000000,136300000000,24.6474
2022,경북,경북안동시,N,1437407183000,2261535091000,824127908000,57.3343
2022,경북,경북영덕군,N,531859823000,739050449000,207190626000,38.9559
2022,경북,경북영양군,N,387266009000,470390691000,83124682000,21.4645
2022,경북,경북영주시,N,894402137000,1410653507000,516251370000,57.7203
2022,경북,경북영천시,N,1070035000000,1504932382000,434897382000,40.6433
2022,경북,경북예천군,N,599714724000,708260072000,108545348000,18.0995
2022,경북,경북울릉군,N,254502310000,380348740000,125846430000,49.4481
2022,경북,경북울진군,N,634824991000,1109001741000,474176750000,74.6941
2022,경북,경북의성군,N,693450170000,895593542000,202143372000,29.1504
2022,경북,경북청도군,N,603846756000,695540346000,91693590000,15.1849
2022,경북,경북청송군,N,417635116000,529803007000,112167891000,26.8579
2022,경북,경북칠곡군,N,616270000000,704774979000,88504979000,14.3614
2022,경북,경북포항시,N,2609286749000,3310555475000,701268726000,26.8759
2022,광주,광주광산구,N,873410265000,1079281935000,205871670000,23.571
2022,광주,광주남구,N,547009387000,732170307000,185160920000,33.8497
2022,광주,광주동구,N,417164478000,574755492000,157591014000,37.7767
2022,광주,광주본청,Y,7451380916000,8293374915000,841993999000,11.2998
2022,광주,광주북구,N,973002419000,1237239359000,264236940000,27.1569
2022,광주,광주서구,N,660806392000,804728340000,143921948000,21.7797
2022,대구,대구남구,N,531515168000,718858077000,187342909000,35.247
2022,대구,대구달서구,N,953278118000,1146188782000,192910664000,20.2366
2022,대구,대구달성군,N,952220239000,1270862329000,318642090000,33.4631
2022,대구,대구동구,N,785822559000,1005492559000,219670000000,27.9541
2022,대구,대구본청,Y,11110717302000,12594293078000,1483575776000,13.3527
2022,대구,대구북구,N,838741971000,984754999000,146013028000,17.4086
2022,대구,대구서구,N,559197646000,748796514000,189598868000,33.9055
2022,대구,대구수성구,N,821514661000,989331715000,167817054000,20.4278
2022,대구,대구중구,N,383076176000,543539599000,160463423000,41.8881
2022,대전,대전대덕구,N,576268821000,779803936000,203535115000,35.3195
2022,대전,대전동구,N,651929284000,874850744000,222921460000,34.1941
2022,대전,대전본청,Y,7217447812000,8310634416000,1093186604000,15.1464
2022,대전,대전서구,N,973580641000,1208175829000,234595188000,24.0961
2022,대전,대전유성구,N,726609057000,966912695000,240303638000,33.0719
2022,대전,대전중구,N,585317401000,782810563000,197493162000,33.7412
2022,부산,부산강서구,N,451737784000,559749342000,108011558000,23.9102
2022,부산,부산금정구,N,541532450000,715629850000,174097400000,32.149
2022,부산,부산기장군,N,728450932000,975554787000,247103855000,33.9218
2022,부산,부산남구,N,533285566000,734813373000,201527807000,37.7898
2022,부산,부산동구,N,332639862000,479313283000,146673421000,44.0938
2022,부산,부산동래구,N,487631556000,712264399000,224632843000,46.0661
2022,부산,부산본청,Y,15529614860000,18001797607000,2472182747000,15.9192
2022,부산,부산부산진구,N,724338646000,946360561000,222021915000,30.6517
2022,부산,부산북구,N,598581539000,779590653000,181009114000,30.2397
2022,부산,부산사상구,N,491855085000,654337639000,162482554000,33.0346
2022,부산,부산사하구,N,586028535000,845309959000,259281424000,44.2438
2022,부산,부산서구,N,358314021000,567141975000,208827954000,58.2807
2022,부산,부산수영구,N,407793173000,519273139000,111479966000,27.3374
2022,부산,부산연제구,N,446707473000,593602517000,146895044000,32.8839
2022,부산,부산영도구,N,369429983000,511007900000,141577917000,38.3233
2022,부산,부산중구,N,237931741000,367177762000,129246021000,54.3206
2022,부산,부산해운대구,N,813507411000,1031618722000,218111311000,26.8112
2022,서울,서울강남구,N,1633800554000,1858682528000,224881974000,13.7643
2022,서울,서울강동구,N,944353801000,1244974612000,300620811000,31.8335
2022,서울,서울강북구,N,1026665015000,1216388309000,189723294000,18.4796
2022,서울,서울강서구,N,1362773413000,1631242712000,268469299000,19.7002
2022,서울,서울관악구,N,980566878000,1269880907000,289314029000,29.5048
2022,서울,서울광진구,N,909943966000,1152261114000,242317148000,26.6299
2022,서울,서울구로구,N,931225700000,1154741423000,223515723000,24.0023
2022,서울,서울금천구,N,664767010000,818704138000,153937128000,23.1566
2022,서울,서울노원구,N,1178098309000,1400483031000,222384722000,18.8766
2022,서울,서울도봉구,N,798883800000,977607796000,178723996000,22.3717
2022,서울,서울동대문구,N,801661584000,1087107583000,285445999000,35.6068
2022,서울,서울동작구,N,894637473000,1139016390000,244378917000,27.316
2022,서울,서울마포구,N,838962176000,1012049049000,173086873000,20.6311
2022,서울,서울본청,Y,47721110506000,59044933544000,11323823038000,23.7292
2022,서울,서울서대문구,N,804947988000,994121921000,189173933000,23.5014
2022,서울,서울서초구,N,1013080839000,1221902768000,208821929000,20.6126
2022,서울,서울성동구,N,704938711000,893931155000,188992444000,26.8098
2022,서울,서울성북구,N,993908757000,1310468713000,316559956000,31.85
2022,서울,서울송파구,N,1188620383000,1392393386000,203773003000,17.1437
2022,서울,서울양천구,N,1004485995000,1287170135000,282684140000,28.1422
2022,서울,서울영등포구,N,839493129000,1092503799000,253010670000,30.1385
2022,서울,서울용산구,N,677534607000,951124036000,273589429000,40.3801
2022,서울,서울은평구,N,1046076054000,1238663843000,192587789000,18.4105
2022,서울,서울종로구,N,687883642000,934370015000,246486373000,35.8326
2022,서울,서울중구,N,624758223000,730207187000,105448964000,16.8784
2022,서울,서울중랑구,N,957411272000,1132962019000,175550747000,18.336
2022,세종,세종본청,Y,2321067388000,2557832923000,236765535000,10.2007
2022,울산,울산남구,N,593581279000,721469540000,127888261000,21.5452
2022,울산,울산동구,N,322047457000,416944371000,94896914000,29.4667
2022,울산,울산본청,Y,5041609918000,5544707386000,503097468000,9.9789
2022,울산,울산북구,N,447737234000,553733316000,105996082000,23.6737
2022,울산,울산울주군,N,989994974000,1318122342000,328127368000,33.1443
2022,울산,울산중구,N,426638746000,544511632000,117872886000,27.6283
2022,인천,인천강화군,N,631859416000,829887382000,198027966000,31.3405
2022,인천,인천계양구,N,635061671000,760655700000,125594029000,19.7767
2022,인천,인천남동구,N,1036851046000,1201273745000,164422699000,15.8579
2022,인천,인천동구,N,416910107000,548736365000,131826258000,31.6198
2022,인천,인천미추홀구,N,884931251000,1047641951000,162710700000,18.3868
2022,인천,인천본청,Y,14397052515000,16726326571000,2329274056000,16.1788
2022,인천,인천부평구,N,1029003397000,1180166352000,151162955000,14.6902
2022,인천,인천서구,N,1068234258000,1307921373000,239687115000,22.4377
2022,인천,인천연수구,N,724980807000,858954193000,133973386000,18.4796
2022,인천,인천옹진군,N,431812916000,600896543000,169083627000,39.1567
2022,인천,인천중구,N,503961115000,584844963000,80883848000,16.0496
2022,전남,전남강진군,N,480250678000,773153051000,292902373000,60.9895
2022,전남,전남고흥군,N,841564157000,1000655603000,159091446000,18.9043
2022,전남,전남곡성군,N,500549711000,668774478000,168224767000,33.608
2022,전남,전남광양시,N,1173060661000,1313127907000,140067246000,11.9403
2022,전남,전남구례군,N,352156147000,565828333000,213672186000,60.6754
2022,전남,전남나주시,N,908976482000,1171415246000,262438764000,28.8719
2022,전남,전남담양군,N,484101096000,657928161000,173827065000,35.9072
2022,전남,전남목포시,N,1027210109000,1499455569000,472245460000,45.9736
2022,전남,전남무안군,N,625022269000,884389929000,259367660000,41.4973
2022,전남,전남보성군,N,615683989000,931091714000,315407725000,51.2288
2022,전남,전남본청,Y,11275009220000,12543851490000,1268842270000,11.2536
2022,전남,전남순천시,N,1571256519000,2107808005000,536551486000,34.1479
2022,전남,전남신안군,N,627627374000,976168280000,348540906000,55.5331
2022,전남,전남여수시,N,1458940251000,2059596184000,600655933000,41.1707
2022,전남,전남영광군,N,665414584000,864249737000,198835153000,29.8814
2022,전남,전남영암군,N,682157162000,861160203000,179003041000,26.2407
2022,전남,전남완도군,N,586146631000,853160035000,267013404000,45.554
2022,전남,전남장성군,N,499371682000,642325467000,142953785000,28.6267
2022,전남,전남장흥군,N,534469414000,723836720000,189367306000,35.4309
2022,전남,전남진도군,N,450298571000,547879393000,97580822000,21.6702
2022,전남,전남함평군,N,501967562000,710084665000,208117103000,41.4603
2022,전남,전남해남군,N,1010885724000,1496360303000,485474579000,48.0247
2022,전남,전남화순군,N,669803546000,938263451000,268459905000,40.0804
2022,전북,전북고창군,N,745143216000,936029857000,190886641000,25.6174
2022,전북,전북군산시,N,1556973708000,2136647959000,579674251000,37.2308
2022,전북,전북김제시,N,1003615677000,1323378977000,319763300000,31.8611
2022,전북,전북남원시,N,974700253000,1278978528000,304278275000,31.2176
2022,전북,전북무주군,N,488613597000,651441889000,162828292000,33.3246
2022,전북,전북본청,Y,9100518130000,10387845485000,1287327355000,14.1456
2022,전북,전북부안군,N,755146719000,958444423000,203297704000,26.9216
2022,전북,전북순창군,N,483451189000,669877459000,186426270000,38.5615
2022,전북,전북완주군,N,861914382000,1130811956000,268897574000,31.1977
2022,전북,전북익산시,N,1642924828000,2002437467000,359512639000,21.8825
2022,전북,전북임실군,N,517198035000,710126888000,192928853000,37.3027
2022,전북,전북장수군,N,449960727000,579455736000,129495009000,28.7792
2022,전북,전북전주시,N,2359343244000,2840296875000,480953631000,20.3851
2022,전북,전북정읍시,N,1147860952000,1545234561000,397373609000,34.6186
2022,전북,전북진안군,N,517090880000,702386014000,185295134000,35.8342
2022,제주,제주본청,Y,7092804666000,9081627781000,1988823115000,28.04
2022,충남,충남계룡시,N,311750984000,457121878000,145370894000,46.6305
2022,충남,충남공주시,N,989900000000,1558358046000,568458046000,57.4258
2022,충남,충남금산군,N,605413000000,823641788000,218228788000,36.0463
2022,충남,충남논산시,N,975602641000,1426745027000,451142386000,46.2424
2022,충남,충남당진시,N,1185404885000,1463807533000,278402648000,23.4859
2022,충남,충남보령시,N,897102686000,1309880887000,412778201000,46.0124
2022,충남,충남본청,Y,9380086299000,10661376768000,1281290469000,13.6597
2022,충남,충남부여군,N,774751697000,1055988550000,281236853000,36.3003
2022,충남,충남서산시,N,1214428663000,1472394492000,257965829000,21.2417
2022,충남,충남서천군,N,609574725000,799955043000,190380318000,31.2317
2022,충남,충남아산시,N,1287398199000,1946526318000,659128119000,51.1985
2022,충남,충남예산군,N,762801276000,1043995051000,281193775000,36.8633
2022,충남,충남천안시,N,2533200000000,3392042541000,858842541000,33.9035
2022,충남,충남청양군,N,525551763000,756090353000,230538590000,43.866
2022,충남,충남태안군,N,694661652000,884615040000,189953388000,27.3447
2022,충남,충남홍성군,N,809757656000,1052389907000,242632251000,29.9636
2022,충북,충북괴산군,N,563631157000,837818114000,274186957000,48.6465
2022,충북,충북단양군,N,408617265000,598192928000,189575663000,46.3944
2022,충북,충북보은군,N,469165401000,743627188000,274461787000,58.5
2022,충북,충북본청,Y,7022966510000,8403948586000,1380982076000,19.6638
2022,충북,충북영동군,N,681468888000,847549251000,166080363000,24.3709
2022,충북,충북옥천군,N,609447474000,769212519000,159765045000,26.2147
2022,충북,충북음성군,N,784189913000,1062475913000,278286000000,35.4871
2022,충북,충북제천시,N,1075272752000,1629417179000,554144427000,51.5352
2022,충북,충북증평군,N,271833450000,370367854000,98534404000,36.2481
2022,충북,충북진천군,N,640350633000,783432568000,143081935000,22.3443
2022,충북,충북청주시,N,3316222980000,4700579004000,1384356024000,41.745
2022,충북,충북충주시,N,1311305024000,1843863645000,532558621000,40.6129
2023,강원,강원강릉시,N,1595231939000,1877071234000,281839295000,17.6676
2023,강원,강원고성군,N,455493789000,550479454000,94985665000,20.8533
2023,강원,강원동해시,N,519584646000,639470638000,119885992000,23.0734
2023,강원,강원본청,Y,8676740292000,9252785748000,576045456000,6.639
2023,강원,강원삼척시,N,638830288000,978096022000,339265734000,53.1073
2023,강원,강원속초시,N,549306257000,634569054000,85262797000,15.5219
2023,강원,강원양구군,N,499752099000,592080648000,92328549000,18.4749
2023,강원,강원양양군,N,498174198000,550754507000,52580309000,10.5546
2023,강원,강원영월군,N,568538409000,739540336000,171001927000,30.0775
2023,강원,강원원주시,N,1751367835000,2086311411000,334943576000,19.1247
2023,강원,강원인제군,N,654451844000,699330707000,44878863000,6.8575
2023,강원,강원정선군,N,642234224000,723540191000,81305967000,12.6599
2023,강원,강원철원군,N,575844920000,753144077000,177299157000,30.7894
2023,강원,강원춘천시,N,1787371341000,2129829120000,342457779000,19.1599
2023,강원,강원태백시,N,653980825000,696323681000,42342856000,6.4746
2023,강원,강원평창군,N,631834247000,746853888000,115019641000,18.2041
2023,강원,강원홍천군,N,921478985000,1149920834000,228441849000,24.7908
2023,강원,강원화천군,N,423995993000,508974759000,84978766000,20.0424
2023,강원,강원횡성군,N,673089872000,844310284000,171220412000,25.438
2023,경기,경기가평군,N,658434801000,833087586000,174652785000,26.5254
2023,경기,경기고양시,N,3672206760000,4228374691000,556167931000,15.1453
2023,경기,경기과천시,N,739666246000,881623924000,141957678000,19.1921
2023,경기,경기광명시,N,1147202749000,1328231332000,181028583000,15.78
2023,경기,경기광주시,N,1610253606000,2058344715000,448091109000,27.8274
2023,경기,경기구리시,N,911299405000,1009561008000,98261603000,10.7826
2023,경기,경기군포시,N,1008814433000,1120273547000,111459114000,11.0485
2023,경기,경기김포시,N,1738232574000,1907945211000,169712637000,9.7635
2023,경기,경기남양주시,N,2374012003000,2790620763000,416608760000,17.5487
2023,경기,경기동두천시,N,790856386000,946199069000,155342683000,19.6423
2023,경기,경기본청,Y,38229645876000,38809114365000,579468489000,1.5158
2023,경기,경기부천시,N,2576077402000,2830201547000,254124145000,9.8648
2023,경기,경기성남시,N,4806706133000,6026391044000,1219684911000,25.3747
2023,경기,경기수원시,N,3759954298000,4266323853000,506369555000,13.4674
2023,경기,경기시흥시,N,1642402356000,2148802861000,506400505000,30.8329
2023,경기,경기안산시,N,2387703281000,2677029679000,289326398000,12.1174
2023,경기,경기안성시,N,1416198216000,1529362273000,113164057000,7.9907
2023,경기,경기안양시,N,2234662266000,2481956827000,247294561000,11.0663
2023,경기,경기양주시,N,1092795956000,1238554737000,145758781000,13.3382
2023,경기,경기양평군,N,952802577000,1102123187000,149320610000,15.6717
2023,경기,경기여주시,N,1296765460000,1605306662000,308541202000,23.7931
2023,경기,경기연천군,N,718288661000,845965996000,127677335000,17.7752
2023,경기,경기오산시,N,820479627000,924387663000,103908036000,12.6643
2023,경기,경기용인시,N,3567052716000,3965453648000,398400932000,11.1689
2023,경기,경기의왕시,N,695049416000,828359573000,133310157000,19.18
2023,경기,경기의정부시,N,1485744623000,1685603742000,199859119000,13.4518
2023,경기,경기이천시,N,1553857745000,2071446973000,517589228000,33.3099
2023,경기,경기파주시,N,2048535488000,2386991218000,338455730000,16.5218
2023,경기,경기평택시,N,2588759650000,2933681525000,344921875000,13.3238
2023,경기,경기포천시,N,1522247003000,1891206182000,368959179000,24.2378
2023,경기,경기하남시,N,1157406113000,1359956290000,202550177000,17.5004
2023,경기,경기화성시,N,3500564823000,4199604598000,699039775000,19.9693
2023,경남,경남거제시,N,1422933056000,1532627106000,109694050000,7.709
2023,경남,경남거창군,N,921525304000,968731807000,47206503000,5.1226
2023,경남,경남고성군,N,788593089000,875233782000,86640693000,10.9867
2023,경남,경남김해시,N,2168409550000,2534169297000,365759747000,16.8677
2023,경남,경남남해군,N,742417314000,751273123000,8855809000,1.1928
2023,경남,경남밀양시,N,1225571311000,1395286499000,169715188000,13.8478
2023,경남,경남본청,Y,12742649623000,13300186618000,557536995000,4.3754
2023,경남,경남사천시,N,961045653000,1035005324000,73959671000,7.6958
2023,경남,경남산청군,N,684623088000,798900563000,114277475000,16.692
2023,경남,경남양산시,N,1744707458000,1887926746000,143219288000,8.2088
2023,경남,경남의령군,N,593751057000,673764442000,80013385000,13.4759
2023,경남,경남진주시,N,2299433406000,2619511398000,320077992000,13.9199
2023,경남,경남창녕군,N,751223174000,788021281000,36798107000,4.8984
2023,경남,경남창원시,N,3991354862000,4456138720000,464783858000,11.6448
2023,경남,경남통영시,N,873372867000,1015988857000,142615990000,16.3293
2023,경남,경남하동군,N,710557618000,757259235000,46701617000,6.5725
2023,경남,경남함안군,N,819813308000,800095746000,-19717562000,-2.4051
2023,경남,경남함양군,N,671812103000,715760536000,43948433000,6.5418
2023,경남,경남합천군,N,875197685000,998984082000,123786397000,14.1438
2023,경북,경북경산시,N,1409393775000,1593315183000,183921408000,13.0497
2023,경북,경북경주시,N,2101324247000,2300855257000,199531010000,9.4955
2023,경북,경북고령군,N,437111967000,486426203000,49314236000,11.2818
2023,경북,경북구미시,N,2308603284000,2606718866000,298115582000,12.9132
2023,경북,경북군위군,N,508648819000,628628010000,119979191000,23.5878
2023,경북,경북김천시,N,1385888163000,1582477355000,196589192000,14.1851
2023,경북,경북문경시,N,1058354952000,1224838077000,166483125000,15.7304
2023,경북,경북본청,Y,13372746411000,14130623798000,757877387000,5.6673
2023,경북,경북봉화군,N,543143603000,928741191000,385597588000,70.9937
2023,경북,경북상주시,N,1485951659000,1917559127000,431607468000,29.0459
2023,경북,경북성주군,N,621000000000,674628000000,53628000000,8.6357
2023,경북,경북안동시,N,1772750665000,2155222690000,382472025000,21.5751
2023,경북,경북영덕군,N,674782907000,709169390000,34386483000,5.0959
2023,경북,경북영양군,N,429917028000,525905264000,95988236000,22.3272
2023,경북,경북영주시,N,1194502921000,1379495065000,184992144000,15.487
2023,경북,경북영천시,N,1223400000000,1453177114000,229777114000,18.7818
2023,경북,경북예천군,N,677749918000,804201441000,126451523000,18.6575
2023,경북,경북울릉군,N,314447131000,329564997000,15117866000,4.8078
2023,경북,경북울진군,N,819670659000,968802424000,149131765000,18.1941
2023,경북,경북의성군,N,751396350000,931564471000,180168121000,23.9778
2023,경북,경북청도군,N,708826636000,801087436000,92260800000,13.016
2023,경북,경북청송군,N,475453541000,564754924000,89301383000,18.7824
2023,경북,경북칠곡군,N,678500000000,765167000000,86667000000,12.7733
2023,경북,경북포항시,N,2653517044000,2953979590000,300462546000,11.3232
2023,광주,광주광산구,N,902690317000,1045526605000,142836288000,15.8234
2023,광주,광주남구,N,560535398000,679883416000,119348018000,21.2918
2023,광주,광주동구,N,434927938000,567440912000,132512974000,30.4678
2023,광주,광주본청,Y,7467959832000,7840253038000,372293206000,4.9852
2023,광주,광주북구,N,1039525847000,1176305221000,136779374000,13.1579
2023,광주,광주서구,N,689267505000,797546822000,108279317000,15.7093
2023,대구,대구남구,N,618060208000,812469340000,194409132000,31.4547
2023,대구,대구달서구,N,1018223801000,1143566464000,125342663000,12.3099
2023,대구,대구달성군,N,1052991343000,1336533763000,283542420000,26.9273
2023,대구,대구동구,N,891282014000,1084626014000,193344000000,21.6928
2023,대구,대구본청,Y,11649756416000,11706861207000,57104791000,0.4902
2023,대구,대구북구,N,902837271000,990525132000,87687861000,9.7125
2023,대구,대구서구,N,688005564000,715585290000,27579726000,4.0086
2023,대구,대구수성구,N,907483515000,975126336000,67642821000,7.4539
2023,대구,대구중구,N,459354487000,521830408000,62475921000,13.6008
2023,대전,대전대덕구,N,616594941000,680355168000,63760227000,10.3407
2023,대전,대전동구,N,753048656000,828078439000,75029783000,9.9635
2023,대전,대전본청,Y,7540100248000,7720318485000,180218237000,2.3901
2023,대전,대전서구,N,1083569492000,1234440380000,150870888000,13.9235
2023,대전,대전유성구,N,876658139000,981009600000,104351461000,11.9033
2023,대전,대전중구,N,698198255000,794965068000,96766813000,13.8595
2023,부산,부산강서구,N,472311512000,581871044000,109559532000,23.1965
2023,부산,부산금정구,N,606779977000,703286208000,96506231000,15.9046
2023,부산,부산기장군,N,868323243000,1023039226000,154715983000,17.8178
2023,부산,부산남구,N,579554617000,783477824000,203923207000,35.1862
2023,부산,부산동구,N,401454548000,473141510000,71686962000,17.8568
2023,부산,부산동래구,N,536886054000,790657902000,253771848000,47.2674
2023,부산,부산본청,Y,16690868257000,17642278542000,951410285000,5.7002
2023,부산,부산부산진구,N,804384298000,911281363000,106897065000,13.2893
2023,부산,부산북구,N,664960871000,839924229000,174963358000,26.3118
2023,부산,부산사상구,N,536578148000,662941355000,126363207000,23.5498
2023,부산,부산사하구,N,638623673000,822486716000,183863043000,28.7905
2023,부산,부산서구,N,430232918000,525881781000,95648863000,22.2319
2023,부산,부산수영구,N,435501613000,555227245000,119725632000,27.4914
2023,부산,부산연제구,N,496807529000,635089796000,138282267000,27.8342
2023,부산,부산영도구,N,406288425000,517775196000,111486771000,27.4403
2023,부산,부산중구,N,307929520000,369553062000,61623542000,20.0122
2023,부산,부산해운대구,N,915629244000,1015823162000,100193918000,10.9426
2023,서울,서울강남구,N,1760317141000,1913343976000,153026835000,8.6931
2023,서울,서울강동구,N,1120081570000,1254931448000,134849878000,12.0393
2023,서울,서울강북구,N,1207452398000,1370615225000,163162827000,13.513
2023,서울,서울강서구,N,1454533977000,1628815276000,174281299000,11.9819
2023,서울,서울관악구,N,1055110684000,1202203614000,147092930000,13.941
2023,서울,서울광진구,N,976997616000,1161266150000,184268534000,18.8607
2023,서울,서울구로구,N,1033041023000,1291111637000,258070614000,24.9816
2023,서울,서울금천구,N,756213617000,882706777000,126493160000,16.7272
2023,서울,서울노원구,N,1261564376000,1424038916000,162474540000,12.8788
2023,서울,서울도봉구,N,874719714000,1011501889000,136782175000,15.6373
2023,서울,서울동대문구,N,912903523000,1164357003000,251453480000,27.5444
2023,서울,서울동작구,N,957899217000,1231271494000,273372277000,28.5387
2023,서울,서울마포구,N,853018700000,1032074320000,179055620000,20.9908
2023,서울,서울본청,Y,52387838215000,56915595613000,4527757398000,8.6428
2023,서울,서울서대문구,N,878984509000,987782909000,108798400000,12.3777
2023,서울,서울서초구,N,1090781167000,1277534024000,186752857000,17.121
2023,서울,서울성동구,N,753811971000,867679030000,113867059000,15.1055
2023,서울,서울성북구,N,1138797732000,1378346749000,239549017000,21.0353
2023,서울,서울송파구,N,1330580138000,1581932720000,251352582000,18.8905
2023,서울,서울양천구,N,1130992894000,1237802684000,106809790000,9.4439
2023,서울,서울영등포구,N,887828212000,1161765346000,273937134000,30.8547
2023,서울,서울용산구,N,800080840000,975451279000,175370439000,21.9191
2023,서울,서울은평구,N,1131582694000,1231242418000,99659724000,8.8071
2023,서울,서울종로구,N,794024734000,891841558000,97816824000,12.3191
2023,서울,서울중구,N,629343019000,685356702000,56013683000,8.9003
2023,서울,서울중랑구,N,1114388200000,1255300998000,140912798000,12.6449
2023,세종,세종본청,Y,2503293576000,2812074129000,308780553000,12.335
2023,울산,울산남구,N,686993622000,747702144000,60708522000,8.8368
2023,울산,울산동구,N,342740710000,412866895000,70126185000,20.4604
2023,울산,울산본청,Y,5194230336000,6024775739000,830545403000,15.9898
2023,울산,울산북구,N,486984906000,556944421000,69959515000,14.3658
2023,울산,울산울주군,N,1159757063000,1625843842000,466086779000,40.1883
2023,울산,울산중구,N,451196744000,560090912000,108894168000,24.1345
2023,인천,인천강화군,N,705160882000,785561474000,80400592000,11.4017
2023,인천,인천계양구,N,657817383000,758148951000,100331568000,15.2522
2023,인천,인천남동구,N,1118525337000,1205106097000,86580760000,7.7406
2023,인천,인천동구,N,492400274000,590520336000,98120062000,19.9269
2023,인천,인천미추홀구,N,979446890000,1066106483000,86659593000,8.8478
2023,인천,인천본청,Y,15379013711000,16238348334000,859334623000,5.5877
2023,인천,인천부평구,N,1119113079000,1177938251000,58825172000,5.2564
2023,인천,인천서구,N,1171947513000,1318853158000,146905645000,12.5352
2023,인천,인천연수구,N,794883384000,845610675000,50727291000,6.3817
2023,인천,인천옹진군,N,439215570000,532486609000,93271039000,21.2358
2023,인천,인천중구,N,539331304000,616467452000,77136148000,14.3022
2023,전남,전남강진군,N,512675425000,680157426000,167482001000,32.6682
2023,전남,전남고흥군,N,884938028000,1047958023000,163019995000,18.4216
2023,전남,전남곡성군,N,534420754000,593247470000,58826716000,11.0076
2023,전남,전남광양시,N,1242136901000,1129392330000,-112744571000,-9.0767
2023,전남,전남구례군,N,418432706000,527770549000,109337843000,26.1303
2023,전남,전남나주시,N,1028052861000,1216468362000,188415501000,18.3274
2023,전남,전남담양군,N,546394065000,621830527000,75436462000,13.8062
2023,전남,전남목포시,N,1059979334000,1280766822000,220787488000,20.8294
2023,전남,전남무안군,N,688824222000,902732148000,213907926000,31.0541
2023,전남,전남보성군,N,779158033000,936667865000,157509832000,20.2154
2023,전남,전남본청,Y,11809873234000,12589360995000,779487761000,6.6003
2023,전남,전남순천시,N,1693250104000,2060456566000,367206462000,21.6865
2023,전남,전남신안군,N,686450269000,1026303029000,339852760000,49.5087
2023,전남,전남여수시,N,1639176055000,1979011963000,339835908000,20.7321
2023,전남,전남영광군,N,716438514000,823320678000,106882164000,14.9185
2023,전남,전남영암군,N,695831692000,861084500000,165252808000,23.749
2023,전남,전남완도군,N,716365965000,795420032000,79054067000,11.0354
2023,전남,전남장성군,N,551699273000,622292788000,70593515000,12.7957
2023,전남,전남장흥군,N,562080692000,746967504000,184886812000,32.8933
2023,전남,전남진도군,N,482944252000,674165023000,191220771000,39.5948
2023,전남,전남함평군,N,602453146000,719426002000,116972856000,19.4161
2023,전남,전남해남군,N,1117421329000,1336020939000,218599610000,19.5629
2023,전남,전남화순군,N,774431869000,898342974000,123911105000,16.0003
2023,전북,전북고창군,N,835694414000,913230716000,77536302000,9.2781
2023,전북,전북군산시,N,1858643915000,2077292852000,218648937000,11.7639
2023,전북,전북김제시,N,1078221550000,1213015887000,134794337000,12.5015
2023,전북,전북남원시,N,1119666231000,1305117434000,185451203000,16.5631
2023,전북,전북무주군,N,602984960000,626645035000,23660075000,3.9238
2023,전북,전북본청,Y,9861808073000,10116079430000,254271357000,2.5783
2023,전북,전북부안군,N,848239126000,877534440000,29295314000,3.4537
2023,전북,전북순창군,N,570227073000,625460563000,55233490000,9.6862
2023,전북,전북완주군,N,959848557000,1093463118000,133614561000,13.9204
2023,전북,전북익산시,N,1774976437000,1916494169000,141517732000,7.9729
2023,전북,전북임실군,N,555376984000,614744355000,59367371000,10.6896
2023,전북,전북장수군,N,515519149000,573358745000,57839596000,11.2197
2023,전북,전북전주시,N,2679106222000,2898189841000,219083619000,8.1775
2023,전북,전북정읍시,N,1339152869000,1436385345000,97232476000,7.2607
2023,전북,전북진안군,N,613399714000,700468682000,87068968000,14.1945
2023,제주,제주본청,Y,8070231073000,8671539741000,601308668000,7.4509
2023,충남,충남계룡시,N,322824632000,401719229000,78894597000,24.4388
2023,충남,충남공주시,N,1115000000000,1431779204000,316779204000,28.4107
2023,충남,충남금산군,N,727000000000,820547924000,93547924000,12.8677
2023,충남,충남논산시,N,1142615557000,1369216585000,226601028000,19.8318
2023,충남,충남당진시,N,1186175872000,1427191558000,241015686000,20.3187
2023,충남,충남보령시,N,946997032000,1283272647000,336275615000,35.5097
2023,충남,충남본청,Y,9890664709000,10763399425000,872734716000,8.8238
2023,충남,충남부여군,N,884479246000,1172001519000,287522273000,32.5075
2023,충남,충남서산시,N,1227665571000,1423174255000,195508684000,15.9252
2023,충남,충남서천군,N,625668368000,704212034000,78543666000,12.5536
2023,충남,충남아산시,N,1574900444000,2006336225000,431435781000,27.3945
2023,충남,충남예산군,N,834417800000,1017351858000,182934058000,21.9236
2023,충남,충남천안시,N,2663740825000,3106605733000,442864908000,16.6257
2023,충남,충남청양군,N,622300000000,782938208000,160638208000,25.8136
2023,충남,충남태안군,N,794995360000,941298975000,146303615000,18.4031
2023,충남,충남홍성군,N,916897265000,1031800734000,114903469000,12.5318
2023,충북,충북괴산군,N,620351669000,844835711000,224484042000,36.1866
2023,충북,충북단양군,N,473188726000,599328282000,126139556000,26.6573
2023,충북,충북보은군,N,559526813000,705605729000,146078916000,26.1076
2023,충북,충북본청,Y,7774159302000,8207086094000,432926792000,5.5688
2023,충북,충북영동군,N,751974068000,847273539000,95299471000,12.6732
2023,충북,충북옥천군,N,696473053000,781164180000,84691127000,12.16
2023,충북,충북음성군,N,911079264000,986358484000,75279220000,8.2626
2023,충북,충북제천시,N,1279037615000,1485380367000,206342752000,16.1327
2023,충북,충북증평군,N,317039678000,391543228000,74503550000,23.4998
2023,충북,충북진천군,N,723479036000,821938743000,98459707000,13.6092
2023,충북,충북청주시,N,3778912858000,4386492553000,607579695000,16.0782
2023,충북,충북충주시,N,1513745856000,2039452659000,525706803000,34.7289
2024,강원,강원강릉시,N,1483123863000,1685627618000,202503755000,13.6539
2024,강원,강원고성군,N,432373233000,500267490000,67894257000,15.7027
2024,강원,강원동해시,N,539712684000,624134981000,84422297000,15.6421
2024,강원,강원본청,Y,8659092237000,9401417210000,742324973000,8.5728
2024,강원,강원삼척시,N,689807868000,1019101190000,329293322000,47.737
2024,강원,강원속초시,N,551835193000,651749827000,99914634000,18.1059
2024,강원,강원양구군,N,496708889000,576886202000,80177313000,16.1417
2024,강원,강원양양군,N,478682318000,525662046000,46979728000,9.8144
2024,강원,강원영월군,N,625184806000,705348394000,80163588000,12.8224
2024,강원,강원원주시,N,1765440901000,2039774144000,274333243000,15.5391
2024,강원,강원인제군,N,618386348000,738216350000,119830002000,19.3779
2024,강원,강원정선군,N,689002130000,798071224000,109069094000,15.83
2024,강원,강원철원군,N,612814098000,771836233000,159022135000,25.9495
2024,강원,강원춘천시,N,1798638260000,2065746154000,267107894000,14.8506
2024,강원,강원태백시,N,652632017000,684584106000,31952089000,4.8959
2024,강원,강원평창군,N,638528738000,809152148000,170623410000,26.7213
2024,강원,강원홍천군,N,812959883000,1130873071000,317913188000,39.1056
2024,강원,강원화천군,N,430182419000,506725552000,76543133000,17.7932
2024,강원,강원횡성군,N,698166168000,843395837000,145229669000,20.8016
2024,경기,경기가평군,N,649667839000,798512005000,148844166000,22.9108
2024,경기,경기고양시,N,3896070993000,4178797610000,282726617000,7.2567
2024,경기,경기과천시,N,762104795000,937476469000,175371674000,23.0115
2024,경기,경기광명시,N,1182497444000,1686362400000,503864956000,42.6102
2024,경기,경기광주시,N,1823308338000,2217798370000,394490032000,21.6359
2024,경기,경기구리시,N,971131615000,1147639213000,176507598000,18.1755
2024,경기,경기군포시,N,994645647000,1053564504000,58918857000,5.9236
2024,경기,경기김포시,N,1636513845000,1901218804000,264704959000,16.1749
2024,경기,경기남양주시,N,2491965848000,2933422207000,441456359000,17.7152
2024,경기,경기동두천시,N,880536446000,992393211000,111856765000,12.7033
2024,경기,경기본청,Y,40392565019000,41714016485000,1321451466000,3.2715
2024,경기,경기부천시,N,2684703146000,2938785448000,254082302000,9.4641
2024,경기,경기성남시,N,4595852780000,5726488702000,1130635922000,24.6012
2024,경기,경기수원시,N,3732102679000,4361283179000,629180500000,16.8586
2024,경기,경기시흥시,N,1700142707000,2041186234000,341043527000,20.0597
2024,경기,경기안산시,N,2454169594000,2766847895000,312678301000,12.7407
2024,경기,경기안성시,N,1435410416000,1575242886000,139832470000,9.7416
2024,경기,경기안양시,N,2292260607000,2589365064000,297104457000,12.9612
2024,경기,경기양주시,N,1130271262000,1294334109000,164062847000,14.5154
2024,경기,경기양평군,N,974667490000,1097797399000,123129909000,12.633
2024,경기,경기여주시,N,1249605537000,1404276707000,154671170000,12.3776
2024,경기,경기연천군,N,693677172000,755681885000,62004713000,8.9386
2024,경기,경기오산시,N,860338095000,1068453610000,208115515000,24.19
2024,경기,경기용인시,N,3463910971000,3762912179000,299001208000,8.6319
2024,경기,경기의왕시,N,717415506000,868861399000,151445893000,21.1099
2024,경기,경기의정부시,N,1399191895000,1607269381000,208077486000,14.8713
2024,경기,경기이천시,N,1574970243000,1871868716000,296898473000,18.8511
2024,경기,경기파주시,N,2124744790000,2605886952000,481142162000,22.6447
2024,경기,경기평택시,N,2636474704000,2953514488000,317039784000,12.0251
2024,경기,경기포천시,N,1430339701000,1810950809000,380611108000,26.6098
2024,경기,경기하남시,N,1044218700000,1232385459000,188166759000,18.0199
2024,경기,경기화성시,N,3802094262000,4294300679000,492206417000,12.9457
2024,경남,경남거제시,N,1391774228000,1524099993000,132325765000,9.5077
2024,경남,경남거창군,N,897053799000,959019338000,61965539000,6.9077
2024,경남,경남고성군,N,781355512000,864777724000,83422212000,10.6766
2024,경남,경남김해시,N,2162610982000,2393803164000,231192182000,10.6904
2024,경남,경남남해군,N,718345126000,771067912000,52722786000,7.3395
2024,경남,경남밀양시,N,1200095428000,1275021400000,74925972000,6.2433
2024,경남,경남본청,Y,12619394334000,13572696966000,953302632000,7.5543
2024,경남,경남사천시,N,1003365846000,1080614024000,77248178000,7.6989
2024,경남,경남산청군,N,687905149000,800179034000,112273885000,16.3211
2024,경남,경남양산시,N,1809069432000,1880995220000,71925788000,3.9758
2024,경남,경남의령군,N,619188914000,677906084000,58717170000,9.4829
2024,경남,경남진주시,N,2069725517000,2298867787000,229142270000,11.0711
2024,경남,경남창녕군,N,777307622000,839423553000,62115931000,7.9912
2024,경남,경남창원시,N,3998476335000,4604843788000,606367453000,15.165
2024,경남,경남통영시,N,908600050000,1077977610000,169377560000,18.6416
2024,경남,경남하동군,N,741649743000,915025651000,173375908000,23.3771
2024,경남,경남함안군,N,860174885000,827140367000,-33034518000,-3.8404
2024,경남,경남함양군,N,706516291000,746942865000,40426574000,5.722
2024,경남,경남합천군,N,848269967000,972319470000,124049503000,14.6238
2024,경북,경북경산시,N,1439680495000,1538136183000,98455688000,6.8387
2024,경북,경북경주시,N,2163538950000,2298811669000,135272719000,6.2524
2024,경북,경북고령군,N,447288770000,499409491000,52120721000,11.6526
2024,경북,경북구미시,N,2485327034000,2746170783000,260843749000,10.4953
2024,경북,경북김천시,N,1609912945000,1827198031000,217285086000,13.4967
2024,경북,경북문경시,N,1046270163000,1215067820000,168797657000,16.1333
2024,경북,경북본청,Y,13716511834000,14758163083000,1041651249000,7.5941
2024,경북,경북봉화군,N,666658634000,831746795000,165088161000,24.7635
2024,경북,경북상주시,N,1737491126000,2041475621000,303984495000,17.4956
2024,경북,경북성주군,N,627000000000,664186000000,37186000000,5.9308
2024,경북,경북안동시,N,1848696201000,2198781012000,350084811000,18.9368
2024,경북,경북영덕군,N,640285232000,732157674000,91872442000,14.3487
2024,경북,경북영양군,N,427451027000,507292712000,79841685000,18.6786
2024,경북,경북영주시,N,1312978837000,1429948479000,116969642000,8.9087
2024,경북,경북영천시,N,1290317171000,1426723359000,136406188000,10.5715
2024,경북,경북예천군,N,750141566000,824337563000,74195997000,9.8909
2024,경북,경북울릉군,N,336424142000,351919395000,15495253000,4.6059
2024,경북,경북울진군,N,778316426000,1002532015000,224215589000,28.8078
2024,경북,경북의성군,N,767474883000,944326760000,176851877000,23.0433
2024,경북,경북청도군,N,720623011000,895479853000,174856842000,24.2647
2024,경북,경북청송군,N,485283318000,574283320000,89000002000,18.3398
2024,경북,경북칠곡군,N,722680000000,792303698000,69623698000,9.6341
2024,경북,경북포항시,N,2671655647000,3081050894000,409395247000,15.3237
2024,광주,광주광산구,N,984709394000,1098922635000,114213241000,11.5987
2024,광주,광주남구,N,610630324000,703558678000,92928354000,15.2184
2024,광주,광주동구,N,410220001000,494984723000,84764722000,20.6632
2024,광주,광주본청,Y,7319929890000,8315050064000,995120174000,13.5947
2024,광주,광주북구,N,1039124894000,1187278383000,148153489000,14.2575
2024,광주,광주서구,N,700740465000,813186172000,112445707000,16.0467
2024,대구,대구군위군,N,521832134000,622721932000,100889798000,19.3338
2024,대구,대구남구,N,697939237000,871486045000,173546808000,24.8656
2024,대구,대구달서구,N,1127706001000,1208964976000,81258975000,7.2057
2024,대구,대구달성군,N,1107156888000,1413093570000,305936682000,27.6326
2024,대구,대구동구,N,949354418000,1136305725000,186951307000,19.6925
2024,대구,대구본청,Y,11345683502000,12230149969000,884466467000,7.7956
2024,대구,대구북구,N,922732731000,1013546278000,90813547000,9.8418
2024,대구,대구서구,N,724982774000,788877660000,63894886000,8.8133
2024,대구,대구수성구,N,911990122000,987258737000,75268615000,8.2532
2024,대구,대구중구,N,490777606000,566187472000,75409866000,15.3654
2024,대전,대전대덕구,N,649386932000,728325063000,78938131000,12.1558
2024,대전,대전동구,N,783216093000,859789780000,76573687000,9.7768
2024,대전,대전본청,Y,7473315038000,7985324219000,512009181000,6.8512
2024,대전,대전서구,N,1102612864000,1215580920000,112968056000,10.2455
2024,대전,대전유성구,N,893427478000,967126723000,73699245000,8.249
2024,대전,대전중구,N,742655080000,814073724000,71418644000,9.6167
2024,부산,부산강서구,N,502742804000,629269016000,126526212000,25.1672
2024,부산,부산금정구,N,664018380000,748235575000,84217195000,12.683
2024,부산,부산기장군,N,892412134000,1015244147000,122832013000,13.764
2024,부산,부산남구,N,684975979000,765726069000,80750090000,11.7887
2024,부산,부산동구,N,407403531000,513365960000,105962429000,26.0092
2024,부산,부산동래구,N,619802174000,766710827000,146908653000,23.7025
2024,부산,부산본청,Y,17143080729000,18976841537000,1833760808000,10.6968
2024,부산,부산부산진구,N,875340540000,1005832006000,130491466000,14.9075
2024,부산,부산북구,N,742940312000,886957505000,144017193000,19.3848
2024,부산,부산사상구,N,583400645000,677806904000,94406259000,16.1821
2024,부산,부산사하구,N,664900171000,894611628000,229711457000,34.5483
2024,부산,부산서구,N,467569277000,563822527000,96253250000,20.5859
2024,부산,부산수영구,N,498499723000,613110932000,114611209000,22.9912
2024,부산,부산연제구,N,551578496000,639731592000,88153096000,15.982
2024,부산,부산영도구,N,482380192000,560229581000,77849389000,16.1386
2024,부산,부산중구,N,340479462000,405423100000,64943638000,19.0742
2024,부산,부산해운대구,N,936400316000,1065541740000,129141424000,13.7913
2024,서울,서울강남구,N,1779044555000,2014213608000,235169053000,13.2188
2024,서울,서울강동구,N,1160069905000,1321273780000,161203875000,13.896
2024,서울,서울강북구,N,1303402840000,1382122987000,78720147000,6.0396
2024,서울,서울강서구,N,1503740711000,1698539722000,194799011000,12.9543
2024,서울,서울관악구,N,1110495555000,1249443917000,138948362000,12.5123
2024,서울,서울광진구,N,1012782939000,1088209070000,75426131000,7.4474
2024,서울,서울구로구,N,1152368824000,1291750522000,139381698000,12.0952
2024,서울,서울금천구,N,783042167000,852454096000,69411929000,8.8644
2024,서울,서울노원구,N,1349294164000,1449486851000,100192687000,7.4256
2024,서울,서울도봉구,N,933595789000,1099549630000,165953841000,17.7758
2024,서울,서울동대문구,N,966984220000,1201424978000,234440758000,24.2445
2024,서울,서울동작구,N,1079231656000,1220998611000,141766955000,13.1359
2024,서울,서울마포구,N,964582705000,1065415719000,100833014000,10.4535
2024,서울,서울본청,Y,50524459781000,52668999990000,2144540209000,4.2446
2024,서울,서울서대문구,N,962614849000,1021700811000,59085962000,6.1381
2024,서울,서울서초구,N,1143260447000,1407539243000,264278796000,23.1162
2024,서울,서울성동구,N,779959960000,881739675000,101779715000,13.0494
2024,서울,서울성북구,N,1252491785000,1421554268000,169062483000,13.4981
2024,서울,서울송파구,N,1408145527000,1714065218000,305919691000,21.725
2024,서울,서울양천구,N,1131888748000,1272953645000,141064897000,12.4628
2024,서울,서울영등포구,N,1012851665000,1265457681000,252606016000,24.9401
2024,서울,서울용산구,N,865870969000,990081104000,124210135000,14.3451
2024,서울,서울은평구,N,1162679505000,1240718292000,78038787000,6.712
2024,서울,서울종로구,N,823924594000,888800311000,64875717000,7.874
2024,서울,서울중구,N,644534977000,711488981000,66954004000,10.388
2024,서울,서울중랑구,N,1237046297000,1314559463000,77513166000,6.266
2024,세종,세종본청,Y,2163037863000,2329047172000,166009309000,7.6748
2024,울산,울산남구,N,683436474000,757953578000,74517104000,10.9033
2024,울산,울산동구,N,390805212000,433845983000,43040771000,11.0134
2024,울산,울산본청,Y,5404273282000,6045272337000,640999055000,11.861
2024,울산,울산북구,N,495323317000,554224143000,58900826000,11.8914
2024,울산,울산울주군,N,1273852453000,1578545963000,304693510000,23.9191
2024,울산,울산중구,N,538860709000,607814395000,68953686000,12.7962
2024,인천,인천강화군,N,719705517000,839772772000,120067255000,16.6828
2024,인천,인천계양구,N,687997183000,766955002000,78957819000,11.4765
2024,인천,인천남동구,N,1202919571000,1294471473000,91551902000,7.6108
2024,인천,인천동구,N,560723387000,633467842000,72744455000,12.9733
2024,인천,인천미추홀구,N,1024495255000,1131600391000,107105136000,10.4544
2024,인천,인천본청,Y,16485879506000,17235311595000,749432089000,4.5459
2024,인천,인천부평구,N,1165413943000,1225407063000,59993120000,5.1478
2024,인천,인천서구,N,1296949776000,1484278517000,187328741000,14.4438
2024,인천,인천연수구,N,822726313000,929172861000,106446548000,12.9383
2024,인천,인천옹진군,N,508874235000,544623926000,35749691000,7.0253
2024,인천,인천중구,N,570354560000,650383030000,80028470000,14.0314
2024,전남,전남강진군,N,528109215000,682096981000,153987766000,29.1583
2024,전남,전남고흥군,N,857589519000,1011364974000,153775455000,17.9311
2024,전남,전남곡성군,N,523568504000,591417808000,67849304000,12.959
2024,전남,전남광양시,N,1130523756000,1195057786000,64534030000,5.7083
2024,전남,전남구례군,N,389107677000,500930078000,111822401000,28.7382
2024,전남,전남나주시,N,981049556000,1196284546000,215234990000,21.9393
2024,전남,전남담양군,N,501730837000,587788809000,86057972000,17.1522
2024,전남,전남목포시,N,1054276364000,1235949036000,181672672000,17.232
2024,전남,전남무안군,N,680647644000,880971490000,200323846000,29.4314
2024,전남,전남보성군,N,775989074000,932759905000,156770831000,20.2027
2024,전남,전남본청,Y,12246177945000,13030587467000,784409522000,6.4053
2024,전남,전남순천시,N,1796550221000,2167278062000,370727841000,20.6355
2024,전남,전남신안군,N,683979244000,979038686000,295059442000,43.1387
2024,전남,전남여수시,N,1562910756000,1878930152000,316019396000,20.2199
2024,전남,전남영광군,N,730589280000,831685074000,101095794000,13.8376
2024,전남,전남영암군,N,706539919000,861727906000,155187987000,21.9645
2024,전남,전남완도군,N,630053154000,743896925000,113843771000,18.0689
2024,전남,전남장성군,N,571655289000,668117855000,96462566000,16.8743
2024,전남,전남장흥군,N,560488521000,735705908000,175217387000,31.2615
2024,전남,전남진도군,N,485856832000,693394412000,207537580000,42.7158
2024,전남,전남함평군,N,544345615000,649792376000,105446761000,19.3713
2024,전남,전남해남군,N,1103473958000,1470398947000,366924989000,33.2518
2024,전남,전남화순군,N,689197256000,873862275000,184665019000,26.7942
2024,전북,전북고창군,N,885041721000,930603411000,45561690000,5.148
2024,전북,전북군산시,N,1839942975000,2014245854000,174302879000,9.4733
2024,전북,전북김제시,N,1126826922000,1322476512000,195649590000,17.3629
2024,전북,전북남원시,N,1097525555000,1198870364000,101344809000,9.2339
2024,전북,전북무주군,N,507030922000,556309460000,49278538000,9.719
2024,전북,전북본청,Y,9990801613000,10420035657000,429234044000,4.2963
2024,전북,전북부안군,N,858346706000,862663725000,4317019000,0.5029
2024,전북,전북순창군,N,551094147000,597022905000,45928758000,8.3341
2024,전북,전북완주군,N,1018157087000,1237486488000,219329401000,21.5418
2024,전북,전북익산시,N,1791155590000,1921318173000,130162583000,7.267
2024,전북,전북임실군,N,514967515000,589221083000,74253568000,14.4191
2024,전북,전북장수군,N,467287968000,532509557000,65221589000,13.9575
2024,전북,전북전주시,N,2789519389000,2948290660000,158771271000,5.6917
2024,전북,전북정읍시,N,1341319838000,1507922153000,166602315000,12.4208
2024,전북,전북진안군,N,606220408000,695259825000,89039417000,14.6876
2024,제주,제주본청,Y,8573698842000,8972388204000,398689362000,4.6501
2024,충남,충남계룡시,N,347929143000,409828632000,61899489000,17.7908
2024,충남,충남공주시,N,1165556000000,1548331840000,382775840000,32.8406
2024,충남,충남금산군,N,771100000000,932140193000,161040193000,20.8845
2024,충남,충남논산시,N,1267969019000,1403690133000,135721114000,10.7038
2024,충남,충남당진시,N,1118028590000,1501903137000,383874547000,34.3349
2024,충남,충남보령시,N,992471328000,1290122354000,297651026000,29.9909
2024,충남,충남본청,Y,10810889000000,11643822218000,832933218000,7.7046
2024,충남,충남부여군,N,823384939000,1018944533000,195559594000,23.7507
2024,충남,충남서산시,N,1249623931000,1489686414000,240062483000,19.2108
2024,충남,충남서천군,N,682612359000,781643918000,99031559000,14.5077
2024,충남,충남아산시,N,1695869841000,2126299223000,430429382000,25.381
2024,충남,충남예산군,N,820458670000,988079897000,167621227000,20.4302
2024,충남,충남천안시,N,2643752611000,3183596181000,539843570000,20.4196
2024,충남,충남청양군,N,592400000000,696847922000,104447922000,17.6313
2024,충남,충남태안군,N,683033049000,846752429000,163719380000,23.9695
2024,충남,충남홍성군,N,917041792000,990325407000,73283615000,7.9913
2024,충북,충북괴산군,N,599996599000,774897968000,174901369000,29.1504
2024,충북,충북단양군,N,440374221000,565720440000,125346219000,28.4636
2024,충북,충북보은군,N,641704145000,754857568000,113153423000,17.6333
2024,충북,충북본청,Y,8018462382000,8498448469000,479986087000,5.986
2024,충북,충북영동군,N,679270784000,847522222000,168251438000,24.7694
2024,충북,충북옥천군,N,663381330000,718675471000,55294141000,8.3352
2024,충북,충북음성군,N,877355898000,1017126038000,139770140000,15.9308
2024,충북,충북제천시,N,1373376692000,1532955335000,159578643000,11.6194
2024,충북,충북증평군,N,320632853000,364606165000,43973312000,13.7145
2024,충북,충북진천군,N,757714416000,822699346000,64984930000,8.5764
2024,충북,충북청주시,N,3846971320000,4571171433000,724200113000,18.8252
2024,충북,충북충주시,N,1712843735000,1996412310000,283568575000,16.5554
