회계연도,지역명,자치단체명,자치단체코드,본청여부,전년도현재액,증감액총계,조성액,사용액,당해년도현재액
2014,서울,서울본청,1100000,Y,4446431691059,-485849495254,1018452665939,1504302161193,3960582195805
2014,서울,서울종로구,1111000,N,80805903651,3337997436,6244310596,2906313160,84143901087
2014,서울,서울중구,1112000,N,16855075912,1593271626,11725237988,10131966362,18448347538
2014,서울,서울용산구,1113000,N,16720658487,8359669679,14201981969,5842312290,25080328166
2014,서울,서울성동구,1114000,N,40761366670,-3412677695,14177383703,17590061398,37348688975
2014,서울,서울광진구,1115000,N,27632317301,6513234921,13450955051,6937720130,34145552222
2014,서울,서울동대문구,1116000,N,15733275182,-4184179298,12290731915,16474911213,11549095884
2014,서울,서울중랑구,1117000,N,12337330101,10483351678,15422121198,4938769520,22820681779
2014,서울,서울성북구,1118000,N,15034725924,-398169326,6202963504,6601132830,14636556598
2014,서울,서울강북구,1119000,N,28672334462,1356891080,6439824430,5082933350,30029225542
2014,서울,서울도봉구,1120000,N,14109088774,-366470283,4115192437,4481662720,13742618491
2014,서울,서울노원구,1121000,N,13098540850,884961104,12193934637,11308973533,13983501954
2014,서울,서울은평구,1122000,N,13371399051,7686882334,12359665814,4672783480,21058281385
2014,서울,서울서대문구,1123000,N,12309910842,541928428,3825162328,3283233900,12851839270
2014,서울,서울마포구,1124000,N,45139582558,3779578760,20506344698,16726765938,48919161318
2014,서울,서울양천구,1125000,N,16006538734,-17206159,6219992261,6237198420,15989332575
2014,서울,서울강서구,1126000,N,45853853010,34264837460,41891112530,7626275070,80118690470
2014,서울,서울구로구,1127000,N,39491660576,12007713444,36605798081,24598084637,51499374020
2014,서울,서울금천구,1128000,N,8746083600,2004543470,6266954750,4262411280,10750627070
2014,서울,서울영등포구,1129000,N,59436153194,-37864165778,10480079414,48344245192,21571987416
2014,서울,서울동작구,1130000,N,43347476907,-3124120644,6505123275,9629243919,40223356263
2014,서울,서울관악구,1131000,N,12144014126,3702776375,6901490735,3198714360,15846790501
2014,서울,서울서초구,1132000,N,178586338129,5084192292,16203390432,11119198140,183670530421
2014,서울,서울강남구,1133000,N,213847063611,11842096495,29918651705,18076555210,225689160106
2014,서울,서울송파구,1134000,N,21059470832,-4312166687,12926220724,17238387411,16747304145
2014,서울,서울강동구,1135000,N,22186927609,233109501,13931260058,13698150557,22420037110
2014,부산,부산본청,2600000,Y,715714127720,59872830186,618187157119,558314326933,775586957906
2014,부산,부산중구,2611000,N,2180803348,471337145,545695385,74358240,2652140493
2014,부산,부산서구,2612000,N,1935345197,20527600,251294840,230767240,1955872797
2014,부산,부산동구,2613000,N,4925570705,332538762,583823362,251284600,5258109467
2014,부산,부산영도구,2614000,N,4519889340,198436770,443910610,245473840,4718326110
2014,부산,부산부산진구,2615000,N,3807713010,171418090,1528389240,1356971150,3979131100
2014,부산,부산동래구,2616000,N,42110496560,-13958592360,2040127180,15998719540,28151904200
2014,부산,부산남구,2617000,N,2765837122,888490874,1184801594,296310720,3654327996
2014,부산,부산북구,2618000,N,4216906810,587164920,1189118920,601954000,4804071730
2014,부산,부산해운대구,2619000,N,14889013070,936280506,1506003486,569722980,15825293576
2014,부산,부산사하구,2620000,N,3638268144,1507910381,1962669261,454758880,5146178525
2014,부산,부산금정구,2621000,N,3388519758,-183521470,840241200,1023762670,3204998288
2014,부산,부산강서구,2622000,N,2078660013,133204493,753932993,620728500,2211864506
2014,부산,부산연제구,2623000,N,20658618320,-6162758420,1516648420,7679406840,14495859900
2014,부산,부산수영구,2624000,N,4286103390,4760366410,5194771750,434405340,9046469800
2014,부산,부산사상구,2625000,N,10441854335,332621419,1576444281,1243822862,10774475754
2014,부산,부산기장군,2671000,N,5790900803,286887154,1166980694,880093540,6077787957
2014,대구,대구본청,2700000,Y,445829692655,73268044797,126389528930,53121484133,519097737452
2014,대구,대구중구,2711000,N,4902051314,521024197,911171797,390147600,5423075511
2014,대구,대구동구,2712000,N,2010128740,107989738,825909478,717919740,2118118478
2014,대구,대구서구,2713000,N,4698567031,225108311,661120901,436012590,4923675342
2014,대구,대구남구,2714000,N,2242869898,79046711,326920831,247874120,2321916609
2014,대구,대구북구,2715000,N,2074519643,436673335,1049341265,612667930,2511192978
2014,대구,대구수성구,2716000,N,7226510463,555542884,1098880094,543337210,7782053347
2014,대구,대구달서구,2717000,N,4412520266,764415217,1284795797,520380580,5176935483
2014,대구,대구달성군,2771000,N,10382182219,285999653,1652486627,1366486974,10668181872
2014,인천,인천본청,2800000,Y,564061105677,-61567231255,108580777671,170148008926,502493874422
2014,인천,인천중구,2811000,N,16985528984,918508597,1841339852,922831255,17904037581
2014,인천,인천동구,2812000,N,21918979002,682323506,1184260213,501936707,22601302508
2014,인천,인천남구,2813000,N,10534282580,-601382523,1569168389,2170550912,9932900057
2014,인천,인천연수구,2814000,N,13780336986,1010484266,1537434856,526950590,14790821252
2014,인천,인천남동구,2815000,N,24190320504,7376605329,8495430924,1118825595,31566925833
2014,인천,인천부평구,2816000,N,27102851457,-416971362,2951556482,3368527844,26685880095
2014,인천,인천계양구,2817000,N,5290791822,478955540,982242654,503287114,5769747362
2014,인천,인천서구,2818000,N,21380026389,1426542226,2748274104,1321731878,22806568615
2014,인천,인천강화군,2871000,N,4063645838,777894514,929673734,151779220,4841540352
2014,인천,인천옹진군,2872000,N,3622555324,-59042644,343588256,402630900,3563512680
2014,광주,광주본청,2900000,Y,101330199184,9116746412,18354954315,9238207903,110446945596
2014,광주,광주동구,2911000,N,2237950418,184497453,325898633,141401180,2422447871
2014,광주,광주서구,2912000,N,5598477048,1380789770,1922168662,541378892,6979266818
2014,광주,광주남구,2913000,N,1853766948,1392910221,1560039657,167129436,3246677169
2014,광주,광주북구,2914000,N,7637536989,2404331003,3864221963,1459890960,10041867992
2014,광주,광주광산구,2915000,N,5190466172,1786445164,2323227084,536781920,6976911336
2014,대전,대전본청,3000000,Y,275942024104,238550424996,292306507356,53756082360,514492449100
2014,대전,대전동구,3011000,N,10363250098,1123478193,2637729893,1514251700,11486728291
2014,대전,대전중구,3012000,N,13099194077,827663721,1444231141,616567420,13926857798
2014,대전,대전서구,3013000,N,20884426536,3388410394,13879169252,10490758858,24272836930
2014,대전,대전유성구,3014000,N,31805309397,-2433935995,4352522625,6786458620,29371373402
2014,대전,대전대덕구,3015000,N,8665803546,1073989698,3277524498,2203534800,9739793244
2014,울산,울산본청,3100000,Y,227343691611,12442687136,53844181837,41401494701,239786378747
2014,울산,울산중구,3111000,N,5053155507,508075070,955433830,447358760,5561230577
2014,울산,울산남구,3112000,N,10228455284,961888705,2033323823,1071435118,11190343989
2014,울산,울산동구,3113000,N,3561609726,656397220,1685224660,1028827440,4218006946
2014,울산,울산북구,3114000,N,3306148481,580401101,1202007331,621606230,3886549582
2014,울산,울산울주군,3171000,N,69949089512,4786984710,15568088340,10781103630,74736074222
2014,세종,세종본청,3200000,Y,23397552864,6333611707,8753975477,2420363770,29731164571
2014,경기,경기본청,4100000,Y,904647794275,-42104300853,833860991637,875965292490,862543493422
2014,경기,경기수원시,4111000,N,133856851412,9515744070,26710219938,17194475868,143372595482
2014,경기,경기성남시,4112000,N,327552345046,36805033986,75474953281,38669919295,364357379032
2014,경기,경기의정부시,4113000,N,37084350959,5690961062,8079477807,2388516745,42775312021
2014,경기,경기안양시,4114000,N,153292277606,16417615740,24290802825,7873187085,169709893346
2014,경기,경기부천시,4115000,N,71066300400,1890808246,3384706168,1493897922,72957108646
2014,경기,경기광명시,4116000,N,50781072106,3162495349,5177474858,2014979509,53943567455
2014,경기,경기평택시,4117000,N,32047948605,3709545659,7554170119,3844624460,35757494264
2014,경기,경기동두천시,4118000,N,21948163460,870292650,1517962310,647669660,22818456110
2014,경기,경기안산시,4119000,N,388402528328,8595579762,35448932982,26853353220,396998108090
2014,경기,경기고양시,4120000,N,53789229618,2321078081,6693857470,4372779389,56110307699
2014,경기,경기과천시,4121000,N,209829602851,-54869390729,7717890715,62587281444,154960212122
2014,경기,경기구리시,4122000,N,21050455303,1574924566,2777003206,1202078640,22625379869
2014,경기,경기남양주시,4123000,N,47673393040,2954374130,7164571350,4210197220,50627767170
2014,경기,경기오산시,4124000,N,23036781905,1334758534,2445419124,1110660590,24371540439
2014,경기,경기시흥시,4125000,N,37360136246,5691922554,35201434474,29509511920,43052058800
2014,경기,경기군포시,4126000,N,29991778074,1178426340,2243528830,1065102490,31170204414
2014,경기,경기의왕시,4127000,N,13613438679,10465217375,11110963725,645746350,24078656054
2014,경기,경기하남시,4128000,N,16951564565,1598648781,2941450671,1342801890,18550213346
2014,경기,경기용인시,4129000,N,194620885832,25596488975,45691921082,20095432107,220217374807
2014,경기,경기파주시,4130000,N,37986484277,1485754450,4230997080,2745242630,39472238727
2014,경기,경기이천시,4131000,N,13993321710,153660652,3298748140,3145087488,14146982362
2014,경기,경기안성시,4132000,N,46893771398,-6827511728,7986807602,14814319330,40066259670
2014,경기,경기김포시,4133000,N,8775489120,530888690,2376298620,1845409930,9306377810
2014,경기,경기화성시,4134000,N,37537266433,7852674300,14102728176,6250053876,45389940733
2014,경기,경기광주시,4135000,N,31015224163,5893351219,15444384151,9551032932,36908575382
2014,경기,경기양주시,4136000,N,22282395135,1093897120,2041431880,947534760,23376292255
2014,경기,경기포천시,4137000,N,31837861453,-937088,3534247702,3535184790,31836924365
2014,경기,경기여주시,4138000,N,39965312488,39613826938,42661643348,3047816410,79579139426
2014,경기,경기연천군,4175000,N,11596944410,684928911,3779221131,3094292220,12281873321
2014,경기,경기가평군,4177000,N,36788824118,5686063940,6808405430,1122341490,42474888058
2014,경기,경기양평군,4178000,N,31155668155,771345795,3968085085,3196739290,31927013950
2014,강원,강원본청,4200000,Y,400382729988,39944818353,195938400703,155993582350,440327548341
2014,강원,강원춘천시,4211000,N,159500101706,6318106478,92827576390,86509469912,165818208184
2014,강원,강원원주시,4212000,N,23856683883,2539979631,4723610216,2183630585,26396663514
2014,강원,강원강릉시,4213000,N,18447159366,2456356074,3792759514,1336403440,20903515440
2014,강원,강원동해시,4214000,N,9610633968,479897693,996838363,516940670,10090531661
2014,강원,강원태백시,4215000,N,7609983457,823519402,1177291702,353772300,8433502859
2014,강원,강원속초시,4216000,N,16988915898,1691424985,2755784695,1064359710,18680340883
2014,강원,강원삼척시,4217000,N,5696686698,307090031,617997791,310907760,6003776729
2014,강원,강원홍천군,4271000,N,21092030842,1689622477,3688662065,1999039588,22781653319
2014,강원,강원횡성군,4272000,N,9346136189,272398630,884368160,611969530,9618534819
2014,강원,강원영월군,4273000,N,4324922028,136321035,384227055,247906020,4461243063
2014,강원,강원평창군,4274000,N,15531260565,1866440089,2782086609,915646520,17397700654
2014,강원,강원정선군,4275000,N,39248882810,140815781,927741401,786925620,39389698591
2014,강원,강원철원군,4276000,N,6583309874,299972146,4552886470,4252914324,6883282020
2014,강원,강원화천군,4277000,N,18098628873,839539243,1382203129,542663886,18938168116
2014,강원,강원양구군,4278000,N,17718674434,1347143323,2165936751,818793428,19065817757
2014,강원,강원인제군,4279000,N,7049451641,630255667,2156902844,1526647177,7679707308
2014,강원,강원고성군,4280000,N,3916148640,30319254,235337894,205018640,3946467894
2014,강원,강원양양군,4281000,N,13029821480,851162685,1137008087,285845402,13880984165
2014,충북,충북본청,4300000,Y,162994628021,-8738153733,38886680142,47624833875,154256474288
2014,충북,충북충주시,4312000,N,15941405691,484425100,2355606730,1871181630,16425830791
2014,충북,충북제천시,4313000,N,16049524039,3599622770,13647748992,10048126222,19649146809
2014,충북,충북청주시(신),4314000,N,82168697223,3377321002,17802714030,14425393028,85546018225
2014,충북,충북보은군,4372000,N,8524265987,178710312,576290922,397580610,8702976299
2014,충북,충북옥천군,4373000,N,11525670640,-2491770970,704618770,3196389740,9033899670
2014,충북,충북영동군,4374000,N,6530166237,97753523,673527233,575773710,6627919760
2014,충북,충북진천군,4375000,N,4347434629,612576580,1275784140,663207560,4960011209
2014,충북,충북괴산군,4376000,N,6317233010,337960680,734764870,396804190,6655193690
2014,충북,충북음성군,4377000,N,6858674655,1348847517,2263238367,914390850,8207522172
2014,충북,충북단양군,4378000,N,5486032300,1210102530,1486968530,276866000,6696134830
2014,충북,충북증평군,4379000,N,4243193105,164946595,463148555,298201960,4408139700
2014,충남,충남본청,4400000,Y,217492406598,11114190555,24740488485,13626297930,228606597153
2014,충남,충남천안시,4411000,N,34627889859,5955528041,10046249519,4090721478,40583417900
2014,충남,충남공주시,4412000,N,5522055283,278980924,1229696194,950715270,5801036207
2014,충남,충남보령시,4413000,N,10167718569,615738136,14304892886,13689154750,10783456705
2014,충남,충남아산시,4414000,N,23232090989,2735938732,8950651507,6214712775,25968029721
2014,충남,충남서산시,4415000,N,15602443534,2298572718,4494370448,2195797730,17901016252
2014,충남,충남논산시,4416000,N,7803034421,435318191,1150568601,715250410,8238352612
2014,충남,충남계룡시,4417000,N,11154099148,-5621756174,652777106,6274533280,5532342974
2014,충남,충남당진시,4418000,N,15399111587,-525398825,2294265947,2819664772,14873712762
2014,충남,충남금산군,4471000,N,4802471003,-573926046,1899831531,2473757577,4228544957
2014,충남,충남부여군,4473000,N,6459630996,430018031,2056355481,1626337450,6889649027
2014,충남,충남서천군,4474000,N,19679887161,5587075525,7170028665,1582953140,25266962686
2014,충남,충남청양군,4475000,N,12837336061,-2031444286,2911798553,4943242839,10805891775
2014,충남,충남홍성군,4476000,N,25236161261,3808207629,4768436429,960228800,29044368890
2014,충남,충남예산군,4477000,N,19797533570,7262623191,10795141579,3532518388,27060156761
2014,충남,충남태안군,4478000,N,3769584466,-1576835565,2008829727,3585665292,2192748901
2014,전북,전북본청,4500000,Y,303480260187,16396157415,44878545734,28482388319,319876417602
2014,전북,전북전주시,4511000,N,29044471270,949382142,21108499329,20159117187,29993853412
2014,전북,전북군산시,4512000,N,29361794027,-6971813176,5302507254,12274320430,22389980851
2014,전북,전북익산시,4513000,N,27437231615,-602760198,2816705390,3419465588,26834471417
2014,전북,전북정읍시,4514000,N,35876496457,2248737757,17005299247,14756561490,38125234214
2014,전북,전북남원시,4515000,N,9275732826,-352152909,1269396291,1621549200,8923579917
2014,전북,전북김제시,4516000,N,23884962694,-714608340,2305740980,3020349320,23170354354
2014,전북,전북완주군,4571000,N,7646570041,761224022,1355353632,594129610,8407794063
2014,전북,전북진안군,4572000,N,5561604898,1063965290,1480089920,416124630,6625570188
2014,전북,전북무주군,4573000,N,3840956610,-599516468,572588462,1172104930,3241440142
2014,전북,전북장수군,4574000,N,13551307631,9176639635,10928360185,1751720550,22727947266
2014,전북,전북임실군,4575000,N,7794719332,292035409,4033683330,3741647921,8086754741
2014,전북,전북순창군,4576000,N,14008909832,3992719833,6186551189,2193831356,18001629665
2014,전북,전북고창군,4577000,N,11669214278,999244387,1968742575,969498188,12668458665
2014,전북,전북부안군,4578000,N,9656483477,239223919,476874830,237650911,9895707396
2014,전남,전남본청,4600000,Y,249046226958,42208755821,237256906966,195048151145,291254982779
2014,전남,전남목포시,4611000,N,22694585269,2056888910,8022070291,5965181381,24751474179
2014,전남,전남여수시,4612000,N,45555435658,6364436522,10124814363,3760377841,51919872180
2014,전남,전남순천시,4613000,N,24652698319,2153541274,6311043280,4157502006,26806239593
2014,전남,전남나주시,4614000,N,14921678632,5081568037,6671834487,1590266450,20003246669
2014,전남,전남광양시,4615000,N,15444796330,1024077850,4718614384,3694536534,16468874180
2014,전남,전남담양군,4671000,N,15682074690,5756552336,7339998706,1583446370,21438627026
2014,전남,전남곡성군,4672000,N,7278585972,-52633356,2264038774,2316672130,7225952616
2014,전남,전남구례군,4673000,N,9346916249,502871979,1884318739,1381446760,9849788228
2014,전남,전남고흥군,4674000,N,19222155920,6703279762,7423639852,720360090,25925435682
2014,전남,전남보성군,4675000,N,2569637250,227152709,522974419,295821710,2796789959
2014,전남,전남화순군,4676000,N,2490109730,108092870,897909432,789816562,2598202600
2014,전남,전남장흥군,4677000,N,1596426816,-208604647,306064103,514668750,1387822169
2014,전남,전남강진군,4678000,N,4686484116,255662703,614898573,359235870,4942146819
2014,전남,전남해남군,4679000,N,44448652353,8229417951,10697492691,2468074740,52678070304
2014,전남,전남영암군,4680000,N,50251003457,-4774959759,2738547141,7513506900,45476043698
2014,전남,전남무안군,4681000,N,5195704700,1022807550,1856633910,833826360,6218512250
2014,전남,전남함평군,4682000,N,13352443200,-2805383307,1696529421,4501912728,10547059893
2014,전남,전남영광군,4683000,N,51939901160,5931851654,9144822944,3212971290,57871752814
2014,전남,전남장성군,4684000,N,5392935530,563564430,909480710,345916280,5956499960
2014,전남,전남완도군,4685000,N,6257720824,1283804594,1604234544,320429950,7541525418
2014,전남,전남진도군,4686000,N,4650706302,-1656282988,333280712,1989563700,2994423314
2014,전남,전남신안군,4687000,N,3858926447,486025504,1238324234,752298730,4344951951
2014,경북,경북본청,4700000,Y,592644386531,90819581595,171378602050,80559020455,683463968126
2014,경북,경북포항시,4711000,N,41019681357,1862456719,6215598579,4353141860,42882138076
2014,경북,경북경주시,4712000,N,25612526050,955460467,5432048207,4476587740,26567986517
2014,경북,경북김천시,4713000,N,7634083599,330667328,1742860028,1412192700,7964750927
2014,경북,경북안동시,4714000,N,8423255955,399296335,1816913685,1417617350,8822552290
2014,경북,경북구미시,4715000,N,14926246637,5973258898,8985558678,3012299780,20899505535
2014,경북,경북영주시,4716000,N,4860761878,218036461,1666562081,1448525620,5078798339
2014,경북,경북영천시,4717000,N,11663296857,1780385190,2563342400,782957210,13443682047
2014,경북,경북상주시,4718000,N,32272299769,3281361990,3940778030,659416040,35553661759
2014,경북,경북문경시,4719000,N,5079521953,765179426,1568202646,803023220,5844701379
2014,경북,경북경산시,4720000,N,11743442871,-1031590950,1843001468,2874592418,10711851921
2014,경북,경북군위군,4771000,N,1613479005,324741260,865949804,541208544,1938220265
2014,경북,경북의성군,4772000,N,802242836,148114157,833259387,685145230,950356993
2014,경북,경북청송군,4773000,N,1229596594,-82304340,95654560,177958900,1147292254
2014,경북,경북영양군,4774000,N,1332616794,1116438545,1491416250,374977705,2449055339
2014,경북,경북영덕군,4775000,N,1097783921,124056703,142416703,18360000,1221840624
2014,경북,경북청도군,4776000,N,1870808000,120144870,844343000,724198130,1990952870
2014,경북,경북고령군,4777000,N,2505793365,3997403,322197973,318200570,2509790768
2014,경북,경북성주군,4778000,N,4446652660,715911920,2446462340,1730550420,5162564580
2014,경북,경북칠곡군,4779000,N,3532248770,427864500,1073343870,645479370,3960113270
2014,경북,경북예천군,4780000,N,1676807902,-312062634,830955656,1143018290,1364745268
2014,경북,경북봉화군,4781000,N,4057670005,2471023700,5005251630,2534227930,6528693705
2014,경북,경북울진군,4782000,N,3314620093,968100050,1771535050,803435000,4282720143
2014,경북,경북울릉군,4783000,N,1789098618,169723950,212381550,42657600,1958822568
2014,경남,경남본청,4800000,Y,399349440663,-6506210504,103228172403,109734382907,392843230159
2014,경남,경남창원시,4811000,N,109234571984,194615506,41917239397,41722623891,109429187490
2014,경남,경남진주시,4813000,N,33110270073,1072609468,4459331718,3386722250,34182879541
2014,경남,경남통영시,4815000,N,18630119948,929443941,2018224971,1088781030,19559563889
2014,경남,경남사천시,4816000,N,5880159819,994839128,2061802868,1066963740,6874998947
2014,경남,경남김해시,4817000,N,22791564042,-130469936,7511865444,7642335380,22661094106
2014,경남,경남밀양시,4818000,N,7831356529,1044121783,2044055413,999933630,8875478312
2014,경남,경남거제시,4819000,N,25258370792,2378804810,4865151060,2486346250,27637175602
2014,경남,경남양산시,4820000,N,26508534184,1129157790,3985220970,2856063180,27637691974
2014,경남,경남의령군,4871000,N,24169967296,2259583841,3884608911,1625025070,26429551137
2014,경남,경남함안군,4872000,N,8286279378,652116010,5212179150,4560063140,8938395388
2014,경남,경남창녕군,4873000,N,18629835629,-130767711,2630470609,2761238320,18499067918
2014,경남,경남고성군,4874000,N,1087653912,329644920,506989830,177344910,1417298832
2014,경남,경남남해군,4875000,N,11688219501,339755330,831928090,492172760,12027974831
2014,경남,경남하동군,4876000,N,12646241244,448655570,1268458800,819803230,13094896814
2014,경남,경남산청군,4877000,N,4583830532,324997541,1016327541,691330000,4908828073
2014,경남,경남함양군,4878000,N,4321211913,160345310,1460754500,1300409190,4481557223
2014,경남,경남거창군,4879000,N,11109376186,1730982218,2640593758,909611540,12840358404
2014,경남,경남합천군,4880000,N,9511659580,278248280,1247461230,969212950,9789907860
2014,제주,제주본청,4900000,Y,332538033045,27341633812,164117691456,136776057644,359879666857
2015,서울,서울본청,1100000,Y,3960582195805,-127506401289,1051245604239,1178752005528,3833075794516
2015,서울,서울종로구,1111000,N,84143901087,2553550169,5209197929,2655647760,86697451256
2015,서울,서울중구,1112000,N,18448347371,2957825823,10527495255,7569669432,21406173194
2015,서울,서울용산구,1113000,N,25080328166,7101641721,10617245381,3515603660,32181969887
2015,서울,서울성동구,1114000,N,37348688975,-3773933395,12587434703,16361368098,33574755580
2015,서울,서울광진구,1115000,N,34133996190,11471761021,16458675581,4986914560,45605757211
2015,서울,서울동대문구,1116000,N,11549095884,-108401877,6938205121,7046606998,11440694007
2015,서울,서울중랑구,1117000,N,22820681779,-44129519,6287014991,6331144510,22776552260
2015,서울,서울성북구,1118000,N,14636556598,-1725527579,3861672076,5587199655,12911029019
2015,서울,서울강북구,1119000,N,30029225542,3697495098,9976428769,6278933671,33726720640
2015,서울,서울도봉구,1120000,N,13742618491,1714793804,5870826096,4156032292,15457412295
2015,서울,서울노원구,1121000,N,13983501954,501905321,12476269249,11974363928,14485407275
2015,서울,서울은평구,1122000,N,21058281385,331310354,5139485044,4808174690,21389591739
2015,서울,서울서대문구,1123000,N,12851839270,-109569237,4124817543,4234386780,12742270033
2015,서울,서울마포구,1124000,N,48919161318,5004640242,22069607802,17064967560,53923801560
2015,서울,서울양천구,1125000,N,15869761726,2027880658,5703980378,3676099720,17897642384
2015,서울,서울강서구,1126000,N,80118690550,3073980876,10376668766,7302687890,83192671426
2015,서울,서울구로구,1127000,N,49499374020,6918805075,34881420686,27962615611,56418179095
2015,서울,서울금천구,1128000,N,10750627070,2031181020,5891579920,3860398900,12781808090
2015,서울,서울영등포구,1129000,N,21571987416,3485522435,10456765629,6971243194,25057509851
2015,서울,서울동작구,1130000,N,40223356263,15060361579,21087682199,6027320620,55283717842
2015,서울,서울관악구,1131000,N,15846790501,-1925161322,4277361078,6202522400,13921629179
2015,서울,서울서초구,1132000,N,183670530421,3427653279,14542205969,11114552690,187098183700
2015,서울,서울강남구,1133000,N,225689160106,4612660334,24795694973,20183034639,230301820440
2015,서울,서울송파구,1134000,N,16747304145,4967996692,14562359768,9594363076,21715300837
2015,서울,서울강동구,1135000,N,22421245230,4145987958,15519616589,11373628631,26567233188
2015,부산,부산본청,2600000,Y,775586957906,94952057386,622823664918,527871607532,870539015292
2015,부산,부산중구,2611000,N,2652140493,-72833770,342142714,414976484,2579306723
2015,부산,부산서구,2612000,N,1955872797,489962915,658926045,168963130,2445835712
2015,부산,부산동구,2613000,N,5258109467,-264894476,396741204,661635680,4993214991
2015,부산,부산영도구,2614000,N,4718326110,-117960190,317891470,435851660,4600365920
2015,부산,부산부산진구,2615000,N,3979131100,930590140,1415588360,484998220,4909721240
2015,부산,부산동래구,2616000,N,28151904200,10722647540,11310180330,587532790,38874551740
2015,부산,부산남구,2617000,N,3654327996,626437262,789384702,162947440,4280765258
2015,부산,부산북구,2618000,N,4804071730,2393171380,2823855990,430684610,7197243110
2015,부산,부산해운대구,2619000,N,15825293576,1084124351,1915887641,831763290,16909417927
2015,부산,부산사하구,2620000,N,5146178525,542999591,1007871231,464871640,5689178116
2015,부산,부산금정구,2621000,N,3204998288,142559900,615666690,473106790,3347558188
2015,부산,부산강서구,2622000,N,2211864506,276685702,809756372,533070670,2488550208
2015,부산,부산연제구,2623000,N,14495859900,228125480,2603519220,2375393740,14723985380
2015,부산,부산수영구,2624000,N,9046469800,574189180,726187530,151998350,9620658980
2015,부산,부산사상구,2625000,N,10774475754,1226601645,2694102215,1467500570,12001077399
2015,부산,부산기장군,2671000,N,6077787957,7525609064,8024290684,498681620,13603397021
2015,대구,대구본청,2700000,Y,508272980936,53748369800,276447120132,222698750332,562021350736
2015,대구,대구중구,2711000,N,5423075511,753198345,938160245,184961900,6176273856
2015,대구,대구동구,2712000,N,2118118478,198180375,870838448,672658073,2316298853
2015,대구,대구서구,2713000,N,4923675342,473880492,732891112,259010620,5397555834
2015,대구,대구남구,2714000,N,2321916609,507278375,800514225,293235850,2829194984
2015,대구,대구북구,2715000,N,2511192978,695154265,1260963105,565808840,3206347243
2015,대구,대구수성구,2716000,N,7782053347,591029608,1262142441,671112833,8373082955
2015,대구,대구달서구,2717000,N,5176935483,871230991,1364528341,493297350,6048166474
2015,대구,대구달성군,2771000,N,10668181872,-755507945,1466441415,2221949360,9912673927
2015,인천,인천본청,2800000,Y,502493874422,-62577830815,76449416594,139027247409,439916043607
2015,인천,인천중구,2811000,N,17904037581,945777683,1911985631,966207948,18849815264
2015,인천,인천동구,2812000,N,22601302508,-9742509546,3947227500,13689737046,12858792962
2015,인천,인천남구,2813000,N,9932900057,654814798,1273276612,618461814,10587714855
2015,인천,인천연수구,2814000,N,14790821252,912820000,1347899560,435079560,15703641252
2015,인천,인천남동구,2815000,N,31566925833,-1068489982,3793150398,4861640380,30498435851
2015,인천,인천부평구,2816000,N,26685880095,1673508892,2725281543,1051772651,28359388987
2015,인천,인천계양구,2817000,N,5769747362,1370666811,1897000381,526333570,7140414173
2015,인천,인천서구,2818000,N,22806568615,2196904581,2796452433,599547852,25003473196
2015,인천,인천강화군,2871000,N,4841540352,399198597,1296307627,897109030,5240738949
2015,인천,인천옹진군,2872000,N,3563512680,-53173835,338203495,391377330,3510338845
2015,광주,광주본청,2900000,Y,110446945596,17663347382,31508783622,13845436240,128110292978
2015,광주,광주동구,2911000,N,2422447871,113241459,300533632,187292173,2535689330
2015,광주,광주서구,2912000,N,7299267118,1529545239,2485666115,956120876,8828812357
2015,광주,광주남구,2913000,N,3246433569,-146276116,963661124,1109937240,3100157453
2015,광주,광주북구,2914000,N,10041867992,129483600,2707189070,2577705470,10171351592
2015,광주,광주광산구,2915000,N,6976911336,451851228,953573708,501722480,7428762564
2015,대전,대전본청,3000000,Y,514492449100,-151667600978,-95431387288,56236213690,362824848122
2015,대전,대전동구,3011000,N,10502053126,89707722,6879575492,6789867770,10591760848
2015,대전,대전중구,3012000,N,13926857798,-1990510810,825147920,2815658730,11936346988
2015,대전,대전서구,3013000,N,24272836930,-712092189,12200882226,12912974415,23560744741
2015,대전,대전유성구,3014000,N,29371373402,7686498736,11401351836,3714853100,37057872138
2015,대전,대전대덕구,3015000,N,16581989110,2899379320,3789527710,890148390,19481368430
2015,울산,울산본청,3100000,Y,239786378747,52991995624,97000625015,44008629391,292778374371
2015,울산,울산중구,3111000,N,5561230577,413442970,959699700,546256730,5974673547
2015,울산,울산남구,3112000,N,11190343989,894764009,1698430295,803666286,12085107998
2015,울산,울산동구,3113000,N,4218006946,519120075,1339051318,819931243,4737127021
2015,울산,울산북구,3114000,N,3869824043,799675723,1328799572,529123849,4669499766
2015,울산,울산울주군,3171000,N,11617772922,-2488287558,5290236032,7778523590,9129485364
2015,세종,세종본청,3200000,Y,29731164571,39153442931,43598949581,4445506650,68884607502
2015,경기,경기본청,4100000,Y,862543493422,241514217597,1358031167397,1116516949800,1104057711019
2015,경기,경기수원시,4111000,N,71686297741,6315142502,23971356947,17656214445,78001440243
2015,경기,경기성남시,4112000,N,364357379032,-6876143492,65809716016,72685859508,357481235540
2015,경기,경기의정부시,4113000,N,42775312021,6821269824,9649563361,2828293537,49596581845
2015,경기,경기안양시,4114000,N,168597491819,-4945138482,26587737807,31532876289,163652353337
2015,경기,경기부천시,4115000,N,72957108646,24593574713,31634637653,7041062940,97550683359
2015,경기,경기광명시,4116000,N,53943567455,2999422470,5013410500,2013988030,56942989925
2015,경기,경기평택시,4117000,N,53961878605,-6134708716,10525926159,16660634875,47827169889
2015,경기,경기동두천시,4118000,N,22818456110,375463060,1564372380,1188909320,23193919170
2015,경기,경기안산시,4119000,N,396998108090,9968759312,34710102552,24741343240,406966867402
2015,경기,경기고양시,4120000,N,93088944223,-4143056298,8908154719,13051211017,88945887925
2015,경기,경기과천시,4121000,N,157959187352,-2111019606,8457833625,10568853231,155848167746
2015,경기,경기구리시,4122000,N,22625379869,-942312296,2991974654,3934286950,21683067573
2015,경기,경기남양주시,4123000,N,50627767170,9749945994,13608445844,3858499850,60377713164
2015,경기,경기오산시,4124000,N,24371540439,-906986303,2378894957,3285881260,23464554136
2015,경기,경기시흥시,4125000,N,43052058800,14731190676,16661694160,1930503484,57783249476
2015,경기,경기군포시,4126000,N,31170204414,85167178,2576195467,2491028289,31255371592
2015,경기,경기의왕시,4127000,N,24078656054,1375391799,4091138229,2715746430,25454047853
2015,경기,경기하남시,4128000,N,18550213346,886679535,2832201745,1945522210,19436892881
2015,경기,경기용인시,4129000,N,220217374807,23773691444,44058074048,20284382604,243991066251
2015,경기,경기파주시,4130000,N,39472233391,-368478905,4234734565,4603213470,39103754486
2015,경기,경기이천시,4131000,N,14146982362,1014770018,3259770598,2245000580,15161752380
2015,경기,경기안성시,4132000,N,40066259670,1462871212,7557114232,6094243020,41529130882
2015,경기,경기김포시,4133000,N,9306377810,511076150,2253163572,1742087422,9817453960
2015,경기,경기화성시,4134000,N,45389940733,75814665386,82439379036,6624713650,121204606119
2015,경기,경기광주시,4135000,N,37934283382,3250914316,7996998514,4746084198,41185197698
2015,경기,경기양주시,4136000,N,23376292255,-4824867933,2597223637,7422091570,18551424322
2015,경기,경기포천시,4137000,N,31836924365,-1013342420,3476300440,4489642860,30823581945
2015,경기,경기여주시,4138000,N,79579139426,6496643592,9149540585,2652896993,86075783018
2015,경기,경기연천군,4175000,N,12678987281,1918801805,5148706355,3229904550,14597789086
2015,경기,경기가평군,4177000,N,42474888058,3250686980,5598419560,2347732580,45725575038
2015,경기,경기양평군,4178000,N,31826789240,1911531519,6649479519,4737948000,33738320759
2015,강원,강원본청,4200000,Y,440327548341,9670572225,215298154356,205627582131,449998120566
2015,강원,강원춘천시,4211000,N,165818208184,-12489915788,85071607438,97561523226,153328292396
2015,강원,강원원주시,4212000,N,26396663514,1936649362,4403483161,2466833799,28333312876
2015,강원,강원강릉시,4213000,N,20903515440,2454345253,3649611023,1195265770,23357860693
2015,강원,강원동해시,4214000,N,10090531661,604562259,1332272773,727710514,10695093920
2015,강원,강원태백시,4215000,N,8433502859,378558294,727743934,349185640,8812061153
2015,강원,강원속초시,4216000,N,18680340883,1677238433,2707056213,1029817780,20357579316
2015,강원,강원삼척시,4217000,N,6003776729,117085885,466019585,348933700,6120862614
2015,강원,강원홍천군,4271000,N,22781651259,2668671754,4843017802,2174346048,25450323013
2015,강원,강원횡성군,4272000,N,9618534819,925269598,1325236708,399967110,10543804417
2015,강원,강원영월군,4273000,N,4461243063,436713836,636701286,199987450,4897956899
2015,강원,강원평창군,4274000,N,17397700654,994640764,1889958884,895318120,18392341418
2015,강원,강원정선군,4275000,N,39389698591,683404145,1929132445,1245728300,40073102736
2015,강원,강원철원군,4276000,N,6884742179,-718783287,6735498831,7454282118,6165958892
2015,강원,강원화천군,4277000,N,18938168116,2981673009,3509189566,527516557,21919841125
2015,강원,강원양구군,4278000,N,19065817757,1457115261,2316513151,859397890,20522933018
2015,강원,강원인제군,4279000,N,7679707308,2135754675,3315073100,1179318425,9815461983
2015,강원,강원고성군,4280000,N,3946467894,2381063321,2662356211,281292890,6327531215
2015,강원,강원양양군,4281000,N,13880984165,773664234,1346151194,572486960,14654648399
2015,충북,충북본청,4300000,Y,154256474288,17487613435,48903118264,31415504829,171744087723
2015,충북,충북충주시,4312000,N,16425830791,1529379388,3182066278,1652686890,17955210179
2015,충북,충북제천시,4313000,N,19649146809,2100105482,6354314982,4254209500,21749252291
2015,충북,충북청주시,4314000,N,85546018225,53751982004,78459670818,24707688814,139298000229
2015,충북,충북보은군,4372000,N,8680382203,210865663,474446733,263581070,8891247866
2015,충북,충북옥천군,4373000,N,9033899670,-1952577700,859074820,2811652520,7081321970
2015,충북,충북영동군,4374000,N,6627919760,78926760,687581740,608654980,6706846520
2015,충북,충북진천군,4375000,N,4960011209,825981914,1359971344,533989430,5785993123
2015,충북,충북괴산군,4376000,N,6655193690,1089733190,1986875380,897142190,7744926880
2015,충북,충북음성군,4377000,N,8207522172,1284915174,2341225809,1056310635,9492437346
2015,충북,충북단양군,4378000,N,6696134830,161513740,399889600,238375860,6857648570
2015,충북,충북증평군,4379000,N,4408139700,415336395,712397775,297061380,4823476095
2015,충남,충남본청,4400000,Y,228606597153,-1852014581,24314879691,26166894272,226754582572
2015,충남,충남천안시,4411000,N,40583417900,10791099340,20032249614,9241150274,51374517240
2015,충남,충남공주시,4412000,N,5801036207,405317409,768922829,363605420,6206353616
2015,충남,충남보령시,4413000,N,10853493072,471049523,12047116983,11576067460,11324542595
2015,충남,충남아산시,4414000,N,33468029721,-901720115,9314024585,10215744700,32566309606
2015,충남,충남서산시,4415000,N,17901016252,1116693956,4031324171,2914630215,19017710208
2015,충남,충남논산시,4416000,N,8238352612,306323360,1045479130,739155770,8544675972
2015,충남,충남계룡시,4417000,N,5532342974,84048003,5972834453,5888786450,5616390977
2015,충남,충남당진시,4418000,N,14873712762,3406400507,6460957277,3054556770,18280113269
2015,충남,충남금산군,4471000,N,4228544957,-3280318944,2544792646,5825111590,948226013
2015,충남,충남부여군,4473000,N,6889649027,-522135391,1350790329,1872925720,6367513636
2015,충남,충남서천군,4474000,N,25388711686,5868636988,6653055306,784418318,31257348674
2015,충남,충남청양군,4475000,N,10805891775,-1335500383,4453359547,5788859930,9470391392
2015,충남,충남홍성군,4476000,N,29044368890,852522627,4364890487,3512367860,29896891517
2015,충남,충남예산군,4477000,N,27060156761,6218855759,10390934799,4172079040,33279012520
2015,충남,충남태안군,4478000,N,2192748901,29911005,553360385,523449380,2222659906
2015,전북,전북본청,4500000,Y,354876417602,1659663094,38810093348,37150430254,356536080696
2015,전북,전북전주시,4511000,N,29993853412,9414505956,37673917626,28259411670,39408359368
2015,전북,전북군산시,4512000,N,22389540471,6159980466,12799074326,6639093860,28549520937
2015,전북,전북익산시,4513000,N,26834310447,-1246919732,2698958199,3945877931,25587390715
2015,전북,전북정읍시,4514000,N,37966174656,4306394487,21912301607,17605907120,42272569143
2015,전북,전북남원시,4515000,N,8923579917,657248865,1946795815,1289546950,9580828782
2015,전북,전북김제시,4516000,N,23170354354,2669990686,7437858496,4767867810,25840345040
2015,전북,전북완주군,4571000,N,8407794063,476299347,1099757617,623458270,8884093410
2015,전북,전북진안군,4572000,N,6625569323,206728755,1033643129,826914374,6832298078
2015,전북,전북무주군,4573000,N,3241440142,204989044,1083143724,878154680,3446429186
2015,전북,전북장수군,4574000,N,22727947266,2640759701,7706436231,5065676530,25368706967
2015,전북,전북임실군,4575000,N,8086754741,1137666580,5811723100,4674056520,9224421321
2015,전북,전북순창군,4576000,N,18001629665,-3806303020,2359205910,6165508930,14195326645
2015,전북,전북고창군,4577000,N,12668458665,1585694708,2370188755,784494047,14254153373
2015,전북,전북부안군,4578000,N,9895707396,511813479,1004882049,493068570,10407520875
2015,전남,전남본청,4600000,Y,376049154647,16809033114,214565699617,197756666503,392858187761
2015,전남,전남목포시,4611000,N,24739743979,2583172937,11032499027,8449326090,27322916916
2015,전남,전남여수시,4612000,N,51919872180,2087761996,7089210418,5001448422,54007634176
2015,전남,전남순천시,4613000,N,26806239593,-1717002260,2241967380,3958969640,25089237333
2015,전남,전남나주시,4614000,N,20003246669,912184819,3934483889,3022299070,20915431488
2015,전남,전남광양시,4615000,N,16468874180,559681470,2398323760,1838642290,17028555650
2015,전남,전남담양군,4671000,N,33158152756,-1030967014,3578057107,4609024121,32127185742
2015,전남,전남곡성군,4672000,N,7225952616,-5371174720,9755201201,15126375921,1854777896
2015,전남,전남구례군,4673000,N,8888403147,-837351430,788404100,1625755530,8051051717
2015,전남,전남고흥군,4674000,N,25925435682,34254334118,37035625288,2781291170,60179769800
2015,전남,전남보성군,4675000,N,2796789959,282414840,678791980,396377140,3079204799
2015,전남,전남화순군,4676000,N,2598202600,-574605150,648647960,1223253110,2023597450
2015,전남,전남장흥군,4677000,N,1393960219,818814893,1050782893,231968000,2212775112
2015,전남,전남강진군,4678000,N,4942146819,137178210,579682960,442504750,5079325029
2015,전남,전남해남군,4679000,N,52678070304,11757826424,13813328324,2055501900,64435896728
2015,전남,전남영암군,4680000,N,45476043689,-2484362259,2108929690,4593291949,42991681430
2015,전남,전남무안군,4681000,N,6218512250,1213037850,1590886220,377848370,7431550100
2015,전남,전남함평군,4682000,N,10547059893,897181832,1506880752,609698920,11444241725
2015,전남,전남영광군,4683000,N,57871752814,2592519347,6913547567,4321028220,60464272161
2015,전남,전남장성군,4684000,N,5956499960,352324670,722479650,370154980,6308824630
2015,전남,전남완도군,4685000,N,7528868403,198321953,1941651833,1743329880,7727190356
2015,전남,전남진도군,4686000,N,3094562558,1060866118,1395221788,334355670,4155428676
2015,전남,전남신안군,4687000,N,4283020181,-1268217912,420435288,1688653200,3014802269
2015,경북,경북본청,4700000,Y,686800971126,30606361020,126712508437,96106147417,717407332146
2015,경북,경북포항시,4711000,N,42882138076,41165597460,50535627830,9370030370,84047735536
2015,경북,경북경주시,4712000,N,26567986517,3493183799,5585769179,2092585380,30061170316
2015,경북,경북김천시,4713000,N,7964750927,5753166407,6183275627,430109220,13717917334
2015,경북,경북안동시,4714000,N,8822552290,273662684,2396621434,2122958750,9096214974
2015,경북,경북구미시,4715000,N,20899505535,-604663884,10623990892,11228654776,20294841651
2015,경북,경북영주시,4716000,N,5078798339,1031853271,2393102601,1361249330,6110651610
2015,경북,경북영천시,4717000,N,13443682047,319885081,1190699361,870814280,13763567128
2015,경북,경북상주시,4718000,N,35555394161,3494794874,4124935809,630140935,39050189035
2015,경북,경북문경시,4719000,N,5844701379,319393454,1301235744,981842290,6164094833
2015,경북,경북경산시,4720000,N,10711851921,2666154030,3854527443,1188373413,13378005951
2015,경북,경북군위군,4771000,N,1938219361,-294731412,216438668,511170080,1643487949
2015,경북,경북의성군,4772000,N,950356993,59437398,451405468,391968070,1009794391
2015,경북,경북청송군,4773000,N,1147292254,1928498616,2005538616,77040000,3075790870
2015,경북,경북영양군,4774000,N,2449055339,2344203700,2728946970,384743270,4793259039
2015,경북,경북영덕군,4775000,N,1221840624,217453671,268474671,51021000,1439294295
2015,경북,경북청도군,4776000,N,1978963830,309568680,1176629850,867061170,2288532510
2015,경북,경북고령군,4777000,N,2509790768,316675027,527755047,211080020,2826465795
2015,경북,경북성주군,4778000,N,5162564580,576557360,2229170880,1652613520,5739121940
2015,경북,경북칠곡군,4779000,N,3960113270,192890240,985130780,792240540,4153003510
2015,경북,경북예천군,4780000,N,1364745348,7768853833,9929598953,2160745120,9133599181
2015,경북,경북봉화군,4781000,N,6528693705,2236944335,5276048365,3039104030,8765638040
2015,경북,경북울진군,4782000,N,4282720143,-180975081,3018529159,3199504240,4101745062
2015,경북,경북울릉군,4783000,N,1958822568,-167829270,111394050,279223320,1790993298
2015,경남,경남본청,4800000,Y,392843230159,-194742094749,78244460551,272986555300,198101135410
2015,경남,경남창원시,4811000,N,109429187490,24071671405,42641197837,18569526432,133500858895
2015,경남,경남진주시,4813000,N,34182879541,-20437358674,3181700756,23619059430,13745520867
2015,경남,경남통영시,4815000,N,19559563889,1021523933,2243173553,1221649620,20581087822
2015,경남,경남사천시,4816000,N,6874998947,192137579,1631779209,1439641630,7067136526
2015,경남,경남김해시,4817000,N,22661094106,743676713,8268128593,7524451880,23404770819
2015,경남,경남밀양시,4818000,N,8875478312,237307845,1699967295,1462659450,9112786157
2015,경남,경남거제시,4819000,N,27637175602,2567376263,6661528153,4094151890,30204551865
2015,경남,경남양산시,4820000,N,27637691974,728921681,5332892976,4603971295,28366613655
2015,경남,경남의령군,4871000,N,26429551137,-9782071734,3501384616,13283456350,16647479403
2015,경남,경남함안군,4872000,N,8734098953,312516176,5692864376,5380348200,9046615129
2015,경남,경남창녕군,4873000,N,18499067918,-1106498327,1438437178,2544935505,17392569591
2015,경남,경남고성군,4874000,N,1417298832,297037340,1150712550,853675210,1714336172
2015,경남,경남남해군,4875000,N,12027974831,177321307,843737807,666416500,12205296138
2015,경남,경남하동군,4876000,N,13094896814,6078849595,7411832865,1332983270,19173746409
2015,경남,경남산청군,4877000,N,4908828073,917336157,1549435577,632099420,5826164230
2015,경남,경남함양군,4878000,N,4481602692,-19575000,1912860660,1932435660,4462027692
2015,경남,경남거창군,4879000,N,12840358404,395369850,1187482610,792112760,13235728254
2015,경남,경남합천군,4880000,N,9789907860,459984617,1674712507,1214727890,10249892477
2015,제주,제주본청,4900000,Y,359879666857,70953737125,229120631815,158166894690,430833403982
2016,서울,서울본청,1100000,Y,3833075794516,178102541925,1114145385919,936042843994,4011178336441
2016,서울,서울종로구,1111000,N,86697451256,10339469806,13810817176,3471347370,97036921062
2016,서울,서울중구,1112000,N,21406173194,510753602,10254837274,9744083672,21916926796
2016,서울,서울용산구,1113000,N,32181969887,1031601969,13531572909,12499970940,33213571856
2016,서울,서울성동구,1114000,N,33574755580,1224325723,17256601123,16032275400,34799081303
2016,서울,서울광진구,1115000,N,45759438801,17552951895,27557713455,10004761560,63312390696
2016,서울,서울동대문구,1116000,N,21540694007,2928676244,7231791730,4303115486,24469370251
2016,서울,서울중랑구,1117000,N,22776552260,1625786699,6427160969,4801374270,24402338959
2016,서울,서울성북구,1118000,N,12911029019,925997156,4489668361,3563671205,13837026175
2016,서울,서울강북구,1119000,N,33726720640,9427929744,15336129351,5908199607,43154650384
2016,서울,서울도봉구,1120000,N,27207120062,2356299179,18855975863,16499676684,29563419241
2016,서울,서울노원구,1121000,N,14485407275,1504657669,11688330340,10183672671,15990064944
2016,서울,서울은평구,1122000,N,21389591739,3448666415,8463485195,5014818780,24838258154
2016,서울,서울서대문구,1123000,N,12742270033,2070777525,4673820655,2603043130,14813047558
2016,서울,서울마포구,1124000,N,53923801560,3607617954,22479231568,18871613614,57531419514
2016,서울,서울양천구,1125000,N,17897642384,6989358644,11186544054,4197185410,24887001028
2016,서울,서울강서구,1126000,N,82656627846,11620181579,17865864329,6245682750,94276809425
2016,서울,서울구로구,1127000,N,57418179095,4631185282,43294020847,38662835565,62049364377
2016,서울,서울금천구,1128000,N,12781808090,118538146,5203667716,5085129570,12900346236
2016,서울,서울영등포구,1129000,N,25043038322,1681431241,9364478291,7683047050,26724469563
2016,서울,서울동작구,1130000,N,55283717842,4719101399,11885765813,7166664414,60002819241
2016,서울,서울관악구,1131000,N,13921629179,2969802719,7578613251,4608810532,16891431898
2016,서울,서울서초구,1132000,N,187098183700,11104295333,19256305811,8152010478,198202479033
2016,서울,서울강남구,1133000,N,230301820440,16559842501,33886990931,17327148430,246861662941
2016,서울,서울송파구,1134000,N,21715300837,7420485823,19594393886,12173908063,29135786660
2016,서울,서울강동구,1135000,N,26567233188,2679546626,13877097453,11197550827,29246779814
2016,부산,부산본청,2600000,Y,870539015292,8344066829,631714665687,623370598858,878883082121
2016,부산,부산중구,2611000,N,2579306723,33513725,367528831,334015106,2612820448
2016,부산,부산서구,2612000,N,2445835712,3653685,315668305,312014620,2449489397
2016,부산,부산동구,2613000,N,4993214991,-1708693714,395117886,2103811600,3284521277
2016,부산,부산영도구,2614000,N,4600365920,-1201414540,676486370,1877900910,3398951380
2016,부산,부산부산진구,2615000,N,4909721240,3288763340,3586950970,298187630,8198484580
2016,부산,부산동래구,2616000,N,38874551740,17748772240,18137339500,388567260,56623323980
2016,부산,부산남구,2617000,N,4280765258,510758507,752975297,242216790,4791523765
2016,부산,부산북구,2618000,N,7197243110,8269340620,9439670260,1170329640,15466583730
2016,부산,부산해운대구,2619000,N,16909417927,588183519,1511590224,923406705,17497601446
2016,부산,부산사하구,2620000,N,5689178116,332385267,978315917,645930650,6021563383
2016,부산,부산금정구,2621000,N,3347558188,302694556,839127426,536432870,3650252744
2016,부산,부산강서구,2622000,N,2488550208,926492041,1455390251,528898210,3415042249
2016,부산,부산연제구,2623000,N,14723985380,2433278370,6111293380,3678015010,17157263750
2016,부산,부산수영구,2624000,N,9620658980,924783370,1330034680,405251310,10545442350
2016,부산,부산사상구,2625000,N,12001077399,-170340011,3503301229,3673641240,11830737388
2016,부산,부산기장군,2671000,N,13603397021,449804213,1215734333,765930120,14053201234
2016,대구,대구본청,2700000,Y,572846107252,52205168957,145865608187,93660439230,625051276209
2016,대구,대구중구,2711000,N,6176273856,285105565,485988795,200883230,6461379421
2016,대구,대구동구,2712000,N,2316298853,475614126,882127201,406513075,2791912979
2016,대구,대구서구,2713000,N,5397555834,272316919,2171105699,1898788780,5669872753
2016,대구,대구남구,2714000,N,2829194984,-42301343,375653967,417955310,2786893641
2016,대구,대구북구,2715000,N,3206347243,1373468310,1994808150,621339840,4579815553
2016,대구,대구수성구,2716000,N,8373082955,645511578,1138047908,492536330,9018594533
2016,대구,대구달서구,2717000,N,6048166474,1008633623,1591793933,583160310,7056800097
2016,대구,대구달성군,2771000,N,9912674166,149045540,1215484911,1066439371,10061719706
2016,인천,인천본청,2800000,Y,439916043607,27730185016,132595200310,104865015294,467646228623
2016,인천,인천중구,2811000,N,18849815264,1095337770,2169075146,1073737376,19945153034
2016,인천,인천동구,2812000,N,12858792962,1040765786,1370164574,329398788,13899558748
2016,인천,인천남구,2813000,N,10587714855,-451508093,1163706460,1615214553,10136206762
2016,인천,인천연수구,2814000,N,15703641252,1532915324,1825504024,292588700,17236556576
2016,인천,인천남동구,2815000,N,30498435851,1812751151,2850278641,1037527490,32311187002
2016,인천,인천부평구,2816000,N,28359388987,1446305578,2459655566,1013349988,29805694565
2016,인천,인천계양구,2817000,N,7140414173,2627850167,2947517452,319667285,9768264340
2016,인천,인천서구,2818000,N,24198148840,2738699769,4263783007,1525083238,26936848609
2016,인천,인천강화군,2871000,N,5240738949,598121553,1068637653,470516100,5838860502
2016,인천,인천옹진군,2872000,N,3510338871,63999934,360233844,296233910,3574338805
2016,광주,광주본청,2900000,Y,128110292978,14988966632,31545281803,16556315171,143099259610
2016,광주,광주동구,2911000,N,2536226186,451228428,808566108,357337680,2987454614
2016,광주,광주서구,2912000,N,8828812357,662602953,1141706163,479103210,9491415310
2016,광주,광주남구,2913000,N,3100157453,706283999,820361099,114077100,3806441452
2016,광주,광주북구,2914000,N,10171351592,559750003,2877891873,2318141870,10731101595
2016,광주,광주광산구,2915000,N,7428762564,326741239,978626269,651885030,7755503803
2016,대전,대전본청,3000000,Y,362824848122,122836739,52180746439,52057909700,362947684861
2016,대전,대전동구,3011000,N,11580142530,304691521,2702719721,2398028200,11884834051
2016,대전,대전중구,3012000,N,11936346988,399253359,794871311,395617952,12335600347
2016,대전,대전서구,3013000,N,23560744741,900828256,11901642625,11000814369,24461572997
2016,대전,대전유성구,3014000,N,37057872138,10864595158,11110198608,245603450,47922467296
2016,대전,대전대덕구,3015000,N,19481368430,10819209404,11173226281,354016877,30300577834
2016,울산,울산본청,3100000,Y,292778374371,34034497330,88539688489,54505191159,326812871701
2016,울산,울산중구,3111000,N,5974673547,500167430,1775580330,1275412900,6474840977
2016,울산,울산남구,3112000,N,12085107998,1043783551,1897838730,854055179,13128891549
2016,울산,울산동구,3113000,N,4737127021,-585540294,1726105323,2311645617,4151586727
2016,울산,울산북구,3114000,N,4669499766,660639505,2691304837,2030665332,5330139271
2016,울산,울산울주군,3171000,N,9129485364,1152524595,3553455030,2400930435,10282009959
2016,세종,세종본청,3200000,Y,68162488497,9909942538,26022778851,16112836313,78072431035
2016,경기,경기본청,4100000,Y,1104057711019,53593666285,1123249843413,1069656177128,1157651377304
2016,경기,경기수원시,4111000,N,78001440243,12611554965,18276315143,5664760178,90612995208
2016,경기,경기성남시,4112000,N,357481235540,50404480292,74965493402,24561013110,407885715832
2016,경기,경기의정부시,4113000,N,49596581845,-9001099055,26218771082,35219870137,40595482790
2016,경기,경기안양시,4114000,N,163652353337,13022430887,19847461357,6825030470,176674784224
2016,경기,경기부천시,4115000,N,139330414531,5274422263,38917060277,33642638014,144604836794
2016,경기,경기광명시,4116000,N,56942989925,2648470516,4571229466,1922758950,59591460441
2016,경기,경기평택시,4117000,N,47827169889,26580842435,30967554655,4386712220,74408012324
2016,경기,경기동두천시,4118000,N,23193919170,806623220,1478779870,672156650,24000542390
2016,경기,경기안산시,4119000,N,406966867402,-1712551453,37583888798,39296440251,405254315949
2016,경기,경기고양시,4120000,N,88945887925,5541953643,10780273909,5238320266,94487841568
2016,경기,경기과천시,4121000,N,155848167746,1993884274,5711729127,3717844853,157842052020
2016,경기,경기구리시,4122000,N,21683067573,-526865911,2963823299,3490689210,21156201662
2016,경기,경기남양주시,4123000,N,60377713164,20433043065,25590583816,5157540751,80810756229
2016,경기,경기오산시,4124000,N,23464554136,862347574,2337227094,1474879520,24326901710
2016,경기,경기시흥시,4125000,N,57783249476,2740821238,3675200698,934379460,60524070714
2016,경기,경기군포시,4126000,N,31255371592,1449481544,2803747634,1354266090,32704853136
2016,경기,경기의왕시,4127000,N,25454047853,1341625949,2578026579,1236400630,26795673802
2016,경기,경기하남시,4128000,N,19436892881,1576947585,3007946285,1430998700,21013840466
2016,경기,경기용인시,4129000,N,243991066251,17326002985,49821420825,32495417840,261317069236
2016,경기,경기파주시,4130000,N,39103754486,1546116150,4272665150,2726549000,40649870636
2016,경기,경기이천시,4131000,N,15161752380,-2960536274,4394227882,7354764156,12201216106
2016,경기,경기안성시,4132000,N,41529130882,1581660223,7269727523,5688067300,43110791105
2016,경기,경기김포시,4133000,N,9817453960,953920680,2963009850,2009089170,10771374640
2016,경기,경기화성시,4134000,N,121204606119,42800199225,50198463520,7398264295,164004805344
2016,경기,경기광주시,4135000,N,41185197698,3339284006,5006247966,1666963960,44524481704
2016,경기,경기양주시,4136000,N,18551424322,1277656454,2363826434,1086169980,19829080776
2016,경기,경기포천시,4137000,N,30823581945,13753724679,18944769868,5191045189,44577306624
2016,경기,경기여주시,4138000,N,86075783018,5569643169,8606597305,3036954136,91645426187
2016,경기,경기연천군,4175000,N,14597789086,2159001267,4569883397,2410882130,16756790353
2016,경기,경기가평군,4177000,N,45725575038,6070912041,7755620411,1684708370,51796487079
2016,경기,경기양평군,4178000,N,33738320759,1642132438,7533382758,5891250320,35380453197
2016,강원,강원본청,4200000,Y,449998120566,45761597844,242533291694,196771693850,495759718410
2016,강원,강원춘천시,4211000,N,153285030209,-18020466739,77827017481,95847484220,135264563470
2016,강원,강원원주시,4212000,N,27605019014,12281391155,27303934232,15022543077,39886410169
2016,강원,강원강릉시,4213000,N,23357860693,2952018990,3783066800,831047810,26309879683
2016,강원,강원동해시,4214000,N,10674576920,9507609411,10456720002,949110591,20182186331
2016,강원,강원태백시,4215000,N,8802019373,-1135457742,1043428027,2178885769,7666561631
2016,강원,강원속초시,4216000,N,20358079316,1764268284,2530186544,765918260,22122347600
2016,강원,강원삼척시,4217000,N,6120141624,39724684,569051114,529326430,6159866308
2016,강원,강원홍천군,4271000,N,25450323013,633647389,2816424089,2182776700,26083970402
2016,강원,강원횡성군,4272000,N,10544096332,1154033234,1625930554,471897320,11698129566
2016,강원,강원영월군,4273000,N,4897956899,452409855,611566535,159156680,5350366754
2016,강원,강원평창군,4274000,N,18392341418,1390955692,2044792452,653836760,19783297110
2016,강원,강원정선군,4275000,N,40073102736,-120440309,513329811,633770120,39952662427
2016,강원,강원철원군,4276000,N,6165958892,442103480,11240307180,10798203700,6608062372
2016,강원,강원화천군,4277000,N,21919841125,7702764367,9207843537,1505079170,29622605492
2016,강원,강원양구군,4278000,N,20522933018,1238452539,1849489639,611037100,21761385557
2016,강원,강원인제군,4279000,N,9815461983,3282342756,4497067389,1214724633,13097804739
2016,강원,강원고성군,4280000,N,6327531215,249453212,460009592,210556380,6576984427
2016,강원,강원양양군,4281000,N,14654648399,1646450566,1893714356,247263790,16301098965
2016,충북,충북본청,4300000,Y,171744087723,1248824192,49841157051,48592332859,172992911915
2016,충북,충북충주시,4312000,N,17955207799,2214595267,4234378307,2019783040,20169803066
2016,충북,충북제천시,4313000,N,20932673645,2727949376,5492709906,2764760530,23660623021
2016,충북,충북청주시,4314000,N,139297960364,24702492458,76092087445,51389594987,164000452822
2016,충북,충북보은군,4372000,N,8891247866,362266757,569606317,207339560,9253514623
2016,충북,충북옥천군,4373000,N,7081321970,24201430,1355021730,1330820300,7105523400
2016,충북,충북영동군,4374000,N,4838952780,161131930,409017320,247885390,5000084710
2016,충북,충북진천군,4375000,N,5785993123,807944380,1814020060,1006075680,6593937503
2016,충북,충북괴산군,4376000,N,7744926880,1018008810,1713142930,695134120,8762935690
2016,충북,충북음성군,4377000,N,9492437346,1071240755,2184617025,1113376270,10563678101
2016,충북,충북단양군,4378000,N,6857648570,-842261849,292708491,1134970340,6015386721
2016,충북,충북증평군,4379000,N,3487020865,317407154,466719154,149312000,3804428019
2016,충남,충남본청,4400000,Y,226754582572,8018886190,21990274323,13971388133,234773468762
2016,충남,충남천안시,4411000,N,51374517240,5659059857,16571102495,10912042638,57033577097
2016,충남,충남공주시,4412000,N,6206353616,356108973,1225746483,869637510,6562462589
2016,충남,충남보령시,4413000,N,11324546206,446850342,7997549627,7550699285,11771396548
2016,충남,충남아산시,4414000,N,32566309606,124169564,16911983265,16787813701,32690479170
2016,충남,충남서산시,4415000,N,19017710208,13947743031,16932151021,2984407990,32965453239
2016,충남,충남논산시,4416000,N,8544675972,-233446580,3658277050,3891723630,8311229392
2016,충남,충남계룡시,4417000,N,5616390977,190268033,4149252063,3958984030,5806659010
2016,충남,충남당진시,4418000,N,18280113269,13151033071,15742792161,2591759090,31431146340
2016,충남,충남금산군,4471000,N,948226013,75791823,903953823,828162000,1024017836
2016,충남,충남부여군,4473000,N,6367513636,131743191,1969896481,1838153290,6499256827
2016,충남,충남서천군,4474000,N,31257348674,5478321208,7952137638,2473816430,36735669882
2016,충남,충남청양군,4475000,N,9470391392,5065644681,10968096782,5902452101,14536036073
2016,충남,충남홍성군,4476000,N,29896891517,2915104525,4075433545,1160329020,32811996042
2016,충남,충남예산군,4477000,N,33279012520,-8021130510,8269217643,16290348153,25257882010
2016,충남,충남태안군,4478000,N,2222659906,233215853,543814873,310599020,2455875759
2016,전북,전북본청,4500000,Y,356536080696,4294107236,83213923963,78919816727,360830187932
2016,전북,전북전주시,4511000,N,39408359368,19268688752,134189869499,114921180747,58677048120
2016,전북,전북군산시,4512000,N,28549520937,2852902621,7702993336,4850090715,31402423558
2016,전북,전북익산시,4513000,N,25587390715,1206128884,2360634785,1154505901,26793519599
2016,전북,전북정읍시,4514000,N,39976569143,2516931215,20131506785,17614575570,42493500358
2016,전북,전북남원시,4515000,N,9580828782,-138462538,1836831095,1975293633,9442366244
2016,전북,전북김제시,4516000,N,25840345040,-1257995569,1401186821,2659182390,24582349471
2016,전북,전북완주군,4571000,N,8884093410,882887651,2118774831,1235887180,9766981061
2016,전북,전북진안군,4572000,N,6832298078,962932860,1751114650,788181790,7795230938
2016,전북,전북무주군,4573000,N,3446429186,483646164,1393934274,910288110,3930075350
2016,전북,전북장수군,4574000,N,25368706967,-4825402062,1659904708,6485306770,20543304905
2016,전북,전북임실군,4575000,N,8180913290,1088277573,5791426930,4703149357,9269190863
2016,전북,전북순창군,4576000,N,13828039123,315178483,4229701853,3914523370,14143217606
2016,전북,전북고창군,4577000,N,14254153373,-119123092,748472558,867595650,14135030281
2016,전북,전북부안군,4578000,N,10407520875,-23803776,600272214,624075990,10383717099
2016,전남,전남본청,4600000,Y,392858187761,-54813106875,294303057840,349116164715,338045080886
2016,전남,전남목포시,4611000,N,27322916916,-1600738334,8262923693,9863662027,25722178582
2016,전남,전남여수시,4612000,N,54007634176,3057998066,7813786906,4755788840,57065632242
2016,전남,전남순천시,4613000,N,25089237333,-2157587618,2134238092,4291825710,22931649715
2016,전남,전남나주시,4614000,N,20915431488,627010340,1579046840,952036500,21542441828
2016,전남,전남광양시,4615000,N,17028555650,-201987131,2182113989,2384101120,16826568519
2016,전남,전남담양군,4671000,N,32127185742,3149652635,5539731911,2390079276,35276838377
2016,전남,전남곡성군,4672000,N,1854953979,911494636,5552227748,4640733112,2766448615
2016,전남,전남구례군,4673000,N,8051051717,189885280,1784212280,1594327000,8240936997
2016,전남,전남고흥군,4674000,N,60179769800,-11039554021,4211768070,15251322091,49140215779
2016,전남,전남보성군,4675000,N,3079204799,67591960,577719940,510127980,3146796759
2016,전남,전남화순군,4676000,N,1610318450,253518832,867990512,614471680,1863837282
2016,전남,전남장흥군,4677000,N,2197961681,555510120,888378150,332868030,2753471801
2016,전남,전남강진군,4678000,N,5079325029,87327090,493765220,406438130,5166652119
2016,전남,전남해남군,4679000,N,64435896728,1439165389,10030348874,8591183485,65875062117
2016,전남,전남영암군,4680000,N,42991681430,177121720,3373754100,3196632380,43168803150
2016,전남,전남무안군,4681000,N,7431550100,1207776350,1936629580,728853230,8639326450
2016,전남,전남함평군,4682000,N,11444241725,1071073942,3123403102,2052329160,12515315667
2016,전남,전남영광군,4683000,N,60464272161,5918305275,10154313685,4236008410,66382577436
2016,전남,전남장성군,4684000,N,6308824630,341727650,810518240,468790590,6650552280
2016,전남,전남완도군,4685000,N,7727190356,-1866958240,1398517520,3265475760,5860232116
2016,전남,전남진도군,4686000,N,4155428676,-107264774,790731796,897996570,4048163902
2016,전남,전남신안군,4687000,N,3014802267,526632693,901489313,374856620,3541434960
2016,경북,경북본청,4700000,Y,717407332146,42051934942,144040229833,101988294891,759459267088
2016,경북,경북포항시,4711000,N,44563689518,34460752538,44914068510,10453315972,79024442056
2016,경북,경북경주시,4712000,N,30050370316,3759158448,5977612978,2218454530,33809528764
2016,경북,경북김천시,4713000,N,13717917334,781214166,1940163426,1158949260,14499131500
2016,경북,경북안동시,4714000,N,9096214974,512396649,1759722831,1247326182,9608611623
2016,경북,경북구미시,4715000,N,20294841651,589752424,6115958105,5526205681,20884594075
2016,경북,경북영주시,4716000,N,6110651610,1380681393,2436069263,1055387870,7491333003
2016,경북,경북영천시,4717000,N,13763567128,-135223587,990196803,1125420390,13628343541
2016,경북,경북상주시,4718000,N,39050189035,5579615587,6581172147,1001556560,44629804622
2016,경북,경북문경시,4719000,N,6164094833,1173987338,1691000268,517012930,7338082171
2016,경북,경북경산시,4720000,N,13379175311,6848888473,8206325819,1357437346,20228063784
2016,경북,경북군위군,4771000,N,1643487949,76340186,686150866,609810680,1719828135
2016,경북,경북의성군,4772000,N,1009794391,418729267,1152345209,733615942,1428523658
2016,경북,경북청송군,4773000,N,3075790870,1033953280,1119432530,85479250,4109744150
2016,경북,경북영양군,4774000,N,4656972789,2196027080,2630449110,434422030,6852999869
2016,경북,경북영덕군,4775000,N,1439294295,321448597,350992597,29544000,1760742892
2016,경북,경북청도군,4776000,N,2306513233,665186708,1200682348,535495640,2971699941
2016,경북,경북고령군,4777000,N,2826465795,128508301,396272621,267764320,2954974096
2016,경북,경북성주군,4778000,N,5739121940,659627150,3497497730,2837870580,6398749090
2016,경북,경북칠곡군,4779000,N,4153003510,-256395151,380026269,636421420,3896608359
2016,경북,경북예천군,4780000,N,9133599181,12322636854,28894531614,16571894760,21456236035
2016,경북,경북봉화군,4781000,N,8765638040,2173158343,4975545603,2802387260,10938796383
2016,경북,경북울진군,4782000,N,4101745062,309606790,3085630791,2776024001,4411351852
2016,경북,경북울릉군,4783000,N,1790993298,-1088810250,56677480,1145487730,702183048
2016,경남,경남본청,4800000,Y,198101135410,26490726574,82048703980,55557977406,224591861984
2016,경남,경남창원시,4811000,N,133500858895,-21370288412,29662122859,51032411271,112130570483
2016,경남,경남진주시,4813000,N,13745520867,-90032951,2245768749,2335801700,13655487916
2016,경남,경남통영시,4815000,N,20581087822,2693547080,4389418400,1695871320,23274634902
2016,경남,경남사천시,4816000,N,7067136526,16388637,1517230307,1500841670,7083525163
2016,경남,경남김해시,4817000,N,23404770819,2347371592,9397282040,7049910448,25752142411
2016,경남,경남밀양시,4818000,N,9112786157,-867228545,1384805212,2252033757,8245557612
2016,경남,경남거제시,4819000,N,30204551865,-9985247436,5995058177,15980305613,20219304429
2016,경남,경남양산시,4820000,N,47337654939,1019437444,23667810946,22648373502,48357092383
2016,경남,경남의령군,4871000,N,16647479403,-1895239261,1677261929,3572501190,14752240142
2016,경남,경남함안군,4872000,N,9046615129,6300787566,8271904436,1971116870,15347402695
2016,경남,경남창녕군,4873000,N,17392569591,-769007835,1035415095,1804422930,16623561756
2016,경남,경남고성군,4874000,N,1714336172,209534230,867897780,658363550,1923870402
2016,경남,경남남해군,4875000,N,12205296138,27518320,771727700,744209380,12232814458
2016,경남,경남하동군,4876000,N,19173746409,-7488591464,6301865876,13790457340,11685154945
2016,경남,경남산청군,4877000,N,5826164230,-15065955,1315110315,1330176270,5811098275
2016,경남,경남함양군,4878000,N,4462027692,111541680,1883937480,1772395800,4573569372
2016,경남,경남거창군,4879000,N,13235728254,149977046,952674366,802697320,13385705300
2016,경남,경남합천군,4880000,N,10249892477,1456651792,3923086942,2466435150,11706544269
2016,제주,제주본청,4900000,Y,430833403982,61471786516,231463475340,169991688824,492305190498
2017,서울,서울본청,1100000,Y,4011178336441,-270299367781,1088078623361,1358377991142,3740878968660
2017,서울,서울종로구,1111000,N,97036921062,19738576606,23070543463,3331966857,116775497668
2017,서울,서울중구,1112000,N,21916926796,-71968430,9777629730,9849598160,21844958366
2017,서울,서울용산구,1113000,N,33213571856,-4443922405,7441299685,11885222090,28769649451
2017,서울,서울성동구,1114000,N,34799081303,-4915281947,10719463090,15634745037,29883799356
2017,서울,서울광진구,1115000,N,63312390696,27491742028,39936360628,12444618600,90804132724
2017,서울,서울동대문구,1116000,N,24469370251,2243747755,7834504966,5590757211,26713118006
2017,서울,서울중랑구,1117000,N,24402338959,2453266839,7892227679,5438960840,26855605798
2017,서울,서울성북구,1118000,N,13908044565,2897920984,6095910254,3197989270,16805965549
2017,서울,서울강북구,1119000,N,43154650384,15336429742,26389353122,11052923380,58491080126
2017,서울,서울도봉구,1120000,N,29563419241,1812954357,20082924824,18269970467,31376373598
2017,서울,서울노원구,1121000,N,22180464705,878328937,12307509235,11429180298,23058793642
2017,서울,서울은평구,1122000,N,24870078107,2449836202,7791503612,5341667410,27319914309
2017,서울,서울서대문구,1123000,N,14813047558,21829866146,25788750479,3958884333,36642913704
2017,서울,서울마포구,1124000,N,57531419514,-24169278727,14948713413,39117992140,33362140787
2017,서울,서울양천구,1125000,N,24887001028,38062345344,41370657474,3308312130,62949346372
2017,서울,서울강서구,1126000,N,94150450141,18030324178,23317180818,5286856640,112180774319
2017,서울,서울구로구,1127000,N,62049364377,-606095355,54995264653,55601360008,61443269022
2017,서울,서울금천구,1128000,N,12900346230,-279121450,5601278320,5880399770,12621224780
2017,서울,서울영등포구,1129000,N,26724469563,-2354904205,9255106759,11610010964,24369565358
2017,서울,서울동작구,1130000,N,60002819241,4907690762,17525775159,12618084397,64910510003
2017,서울,서울관악구,1131000,N,16891431898,2911505288,10454461893,7542956605,19802937186
2017,서울,서울서초구,1132000,N,198202479033,14873545275,25844421305,10970876030,213076024308
2017,서울,서울강남구,1133000,N,246861662941,28218960471,42464024417,14245063946,275080623412
2017,서울,서울송파구,1134000,N,29135786660,330464475,14620745776,14290281301,29466251135
2017,서울,서울강동구,1135000,N,29246779814,5138393045,21058443212,15920050167,34385172859
2017,부산,부산본청,2600000,Y,878883082121,174608245985,806190942533,631582696548,1053491328106
2017,부산,부산중구,2611000,N,2612820448,76676362,319232002,242555640,2689496810
2017,부산,부산서구,2612000,N,2449489397,58918570,307485800,248567230,2508407967
2017,부산,부산동구,2613000,N,3284521277,-86203497,420902903,507106400,3198317780
2017,부산,부산영도구,2614000,N,3398951380,293161560,444804700,151643140,3692112940
2017,부산,부산부산진구,2615000,N,8198484580,707795440,1073782710,365987270,8906280020
2017,부산,부산동래구,2616000,N,56623323980,139321490,1502073380,1362751890,56762645470
2017,부산,부산남구,2617000,N,4791523765,1018603122,1175356842,156753720,5810126887
2017,부산,부산북구,2618000,N,15466583730,6514809240,6973796320,458987080,21981392970
2017,부산,부산해운대구,2619000,N,17497601446,1087326258,2023474378,936148120,18584927704
2017,부산,부산사하구,2620000,N,6021563383,164094383,1422658850,1258564467,6185657766
2017,부산,부산금정구,2621000,N,3650252744,328040527,699364467,371323940,3978293271
2017,부산,부산강서구,2622000,N,3415042249,554912932,942284952,387372020,3969955181
2017,부산,부산연제구,2623000,N,17157263750,5453730070,5998003950,544273880,22610993820
2017,부산,부산수영구,2624000,N,10545442350,5416942800,6738046740,1321103940,15962385150
2017,부산,부산사상구,2625000,N,11830737388,1235241071,3394964091,2159723020,13065978459
2017,부산,부산기장군,2671000,N,14053201234,835937096,1360406629,524469533,14889138330
2017,대구,대구본청,2700000,Y,854174651209,91635452424,176399127094,84763674670,945810103633
2017,대구,대구중구,2711000,N,6461379421,852575869,1031220849,178644980,7313955290
2017,대구,대구동구,2712000,N,2791912979,194923622,744365062,549441440,2986836601
2017,대구,대구서구,2713000,N,5669872753,109144842,1960684922,1851540080,5779017595
2017,대구,대구남구,2714000,N,2786893641,295679431,401593201,105913770,3082573072
2017,대구,대구북구,2715000,N,4579815553,334918095,1037381445,702463350,4914733648
2017,대구,대구수성구,2716000,N,9018594533,2713780698,3225104488,511323790,11732375231
2017,대구,대구달서구,2717000,N,7056800097,800947605,1283280365,482332760,7857747702
2017,대구,대구달성군,2771000,N,10061719706,-963580774,1321952763,2285533537,9098138932
2017,인천,인천본청,2800000,Y,1354669867620,25158145305,273894232058,248736086753,1379828012925
2017,인천,인천중구,2811000,N,19945153034,1114638804,2215444545,1100805741,21059791838
2017,인천,인천동구,2812000,N,13899558748,7997232197,8367444786,370212589,21896790945
2017,인천,인천남구,2813000,N,10136206762,387963162,1446495899,1058532737,10524169924
2017,인천,인천연수구,2814000,N,17236556576,3260520788,3580921150,320400362,20497077364
2017,인천,인천남동구,2815000,N,32311187002,1100866446,2058765126,957898680,33412053448
2017,인천,인천부평구,2816000,N,29805694565,-6700480524,1900030445,8600510969,23105214041
2017,인천,인천계양구,2817000,N,9768264340,2624642733,2997628448,372985715,12392907073
2017,인천,인천서구,2818000,N,26936848609,2202513462,3127675077,925161615,29139362071
2017,인천,인천강화군,2871000,N,5838860502,50810919,438171519,387360600,5889671421
2017,인천,인천옹진군,2872000,N,3262141645,-57219493,317977637,375197130,3204922152
2017,광주,광주본청,2900000,Y,820737813902,30346174264,142285178791,111939004527,851083988166
2017,광주,광주동구,2911000,N,2987454614,243772584,640258724,396486140,3231227198
2017,광주,광주서구,2912000,N,9491663140,534269536,1499809533,965539997,10025932676
2017,광주,광주남구,2913000,N,3806441452,-472698846,1882115534,2354814380,3333742606
2017,광주,광주북구,2914000,N,10731250645,-1225163441,2568571229,3793734670,9506087204
2017,광주,광주광산구,2915000,N,7755503803,836700829,1255678369,418977540,8592204632
2017,대전,대전본청,3000000,Y,506555168411,522456998679,655274199809,132817201130,1029012167090
2017,대전,대전동구,3011000,N,11884834051,-1116259271,1846196209,2962455480,10768574780
2017,대전,대전중구,3012000,N,12335600347,5833257348,6778709804,945452456,18168857695
2017,대전,대전서구,3013000,N,24461572997,14270256126,30560483959,16290227833,38731829123
2017,대전,대전유성구,3014000,N,47922467296,6754730300,7479896970,725166670,54677197596
2017,대전,대전대덕구,3015000,N,30300577834,5714329336,8510817963,2796488627,36014907170
2017,울산,울산본청,3100000,Y,326812871701,762247873595,886852890084,124605016489,1089060745296
2017,울산,울산중구,3111000,N,6474840977,342882650,727947200,385064550,6817723627
2017,울산,울산남구,3112000,N,13128891549,676757134,2206918334,1530161200,13805648683
2017,울산,울산동구,3113000,N,4151586727,-301373468,1134024302,1435397770,3850213259
2017,울산,울산북구,3114000,N,5330139271,231371376,1434644274,1203272898,5561510647
2017,울산,울산울주군,3171000,N,10242162439,-2315010419,2723278481,5038288900,7927152020
2017,세종,세종본청,3200000,Y,154931308295,29456304615,43027913838,13571609223,184387612910
2017,경기,경기본청,4100000,Y,2505204377304,2098159138672,3738157403070,1639998264398,4603363515976
2017,경기,경기수원시,4111000,N,90612995208,18649300077,37942631901,19293331824,109262295285
2017,경기,경기성남시,4112000,N,407885715832,40128441740,63420593762,23292152022,448014157572
2017,경기,경기의정부시,4113000,N,40595482790,-138997448,60844080422,60983077870,40456485342
2017,경기,경기안양시,4114000,N,176674784224,16734891821,22181107171,5446215350,193409676045
2017,경기,경기부천시,4115000,N,144604836794,-28466416270,9508289844,37974706114,116138420524
2017,경기,경기광명시,4116000,N,59591460441,1354437716,3141356646,1786918930,60945898157
2017,경기,경기평택시,4117000,N,57811414233,28078214629,33558727629,5480513000,85889628862
2017,경기,경기동두천시,4118000,N,24000542390,2074294653,2675263433,600968780,26074837043
2017,경기,경기안산시,4119000,N,405254315949,8677610578,24317090751,15639480173,413931926527
2017,경기,경기고양시,4120000,N,94487841568,11572532078,17152896198,5580364120,106060373646
2017,경기,경기과천시,4121000,N,157842052073,8769375619,11074909049,2305533430,166611427692
2017,경기,경기구리시,4122000,N,21156201662,2612040201,2860002201,247962000,23768241863
2017,경기,경기남양주시,4123000,N,80810756229,22310819316,26721658286,4410838970,103121575545
2017,경기,경기오산시,4124000,N,24326901710,1808403923,2567144793,758740870,26135305633
2017,경기,경기시흥시,4125000,N,58290140618,3540834413,4472664653,931830240,61830975031
2017,경기,경기군포시,4126000,N,32704853136,1659546413,3115108263,1455561850,34364399549
2017,경기,경기의왕시,4127000,N,26795673802,2302715560,2893222690,590507130,29098389362
2017,경기,경기하남시,4128000,N,21013840466,1333456818,4144151754,2810694936,22347297284
2017,경기,경기용인시,4129000,N,259950056341,3120832493,48735731924,45614899431,263070888834
2017,경기,경기파주시,4130000,N,40649870636,2984498040,5039385790,2054887750,43634368676
2017,경기,경기이천시,4131000,N,12201216106,908453010,4218041800,3309588790,13109669116
2017,경기,경기안성시,4132000,N,42230355305,1464099551,14576891867,13112792316,43694454856
2017,경기,경기김포시,4133000,N,10771374640,2138327469,3781582108,1643254639,12909702109
2017,경기,경기화성시,4134000,N,164004805345,1740476055,12230930295,10490454240,165745281400
2017,경기,경기광주시,4135000,N,44539212584,2564092316,5226483067,2662390751,47103304900
2017,경기,경기양주시,4136000,N,19829080776,-620126430,4087110050,4707236480,19208954346
2017,경기,경기포천시,4137000,N,44577306624,12660054799,17763673451,5103618652,57237361423
2017,경기,경기여주시,4138000,N,91645426187,8787633086,14844951115,6057318029,100433059273
2017,경기,경기연천군,4175000,N,16756790360,15206789981,17994128631,2787338650,31963580341
2017,경기,경기가평군,4177000,N,51796487079,-8736202019,6633742741,15369944760,43060285060
2017,경기,경기양평군,4178000,N,35380453197,-3013078293,4015128337,7028206630,32367374904
2017,강원,강원본청,4200000,Y,426691147686,642075886177,1048808090179,406732204002,1068767033863
2017,강원,강원춘천시,4211000,N,135264563470,-17090948346,82899875634,99990823980,118173615124
2017,강원,강원원주시,4212000,N,39885116766,2412231273,5269138493,2856907220,42297348039
2017,강원,강원강릉시,4213000,N,26309879683,2039334724,3964886044,1925551320,28349214407
2017,강원,강원동해시,4214000,N,20182186331,912638081,2060683036,1148044955,21094824412
2017,강원,강원태백시,4215000,N,7666546901,166431987,1074599517,908167530,7832978888
2017,강원,강원속초시,4216000,N,22122347600,1774092808,3467372818,1693280010,23896440408
2017,강원,강원삼척시,4217000,N,6159866308,256129880,528341680,272211800,6415996188
2017,강원,강원홍천군,4271000,N,26083970402,1730777563,4248729266,2517951703,27814747965
2017,강원,강원횡성군,4272000,N,11698129566,433028618,814131808,381103190,12131158184
2017,강원,강원영월군,4273000,N,5350366754,487772367,753823067,266050700,5838139121
2017,강원,강원평창군,4274000,N,19794080230,1424861465,2562486295,1137624830,21218941695
2017,강원,강원정선군,4275000,N,39952662427,1760241726,2706394486,946152760,41712904153
2017,강원,강원철원군,4276000,N,6608543081,1708528990,4967707080,3259178090,8317072071
2017,강원,강원화천군,4277000,N,8941945438,1284738218,4283834734,2999096516,10226683656
2017,강원,강원양구군,4278000,N,21761385557,1177524055,2247276245,1069752190,22938909612
2017,강원,강원인제군,4279000,N,13097804739,11373802388,12734617508,1360815120,24471607127
2017,강원,강원고성군,4280000,N,6576984427,175917266,423104256,247186990,6752901693
2017,강원,강원양양군,4281000,N,16301098965,499942532,737728312,237785780,16801041497
2017,충북,충북본청,4300000,Y,552524711915,254344618179,438584368209,184239750030,806869330094
2017,충북,충북충주시,4312000,N,17088574763,3163107136,4802482566,1639375430,20251681899
2017,충북,충북제천시,4313000,N,22848037066,1459994708,6059892058,4599897350,24308031774
2017,충북,충북청주시,4314000,N,164000452822,-9708023767,71418547483,81126571250,154292429055
2017,충북,충북보은군,4372000,N,9253514623,82973830,397044990,314071160,9336488453
2017,충북,충북옥천군,4373000,N,7105523400,1327471810,2036966280,709494470,8432995210
2017,충북,충북영동군,4374000,N,5000084710,312100420,719170370,407069950,5312185130
2017,충북,충북진천군,4375000,N,6593937503,3006683398,3831925418,825242020,9600620901
2017,충북,충북괴산군,4376000,N,8762935690,705743290,1577463470,871720180,9468678980
2017,충북,충북음성군,4377000,N,10563678101,1026350805,3162566575,2136215770,11590028906
2017,충북,충북단양군,4378000,N,6014554595,-32539534,270243188,302782722,5982015061
2017,충북,충북증평군,4379000,N,3032730743,5279431469,5920133639,640702170,8312162212
2017,충남,충남본청,4400000,Y,329090135762,484935057396,828916473352,343981415956,814025193158
2017,충남,충남천안시,4411000,N,57033577097,5922322713,16635963470,10713640757,62955899810
2017,충남,충남공주시,4412000,N,6562462589,262579840,1064508990,801929150,6825042429
2017,충남,충남보령시,4413000,N,11771396548,1817023363,14016412323,12199388960,13588419911
2017,충남,충남아산시,4414000,N,32690479170,2654558322,22016752842,19362194520,35345037492
2017,충남,충남서산시,4415000,N,32965453239,10678201262,16770227792,6092026530,43643654501
2017,충남,충남논산시,4416000,N,8311229392,1096265427,4833300477,3737035050,9407494819
2017,충남,충남계룡시,4417000,N,5806659010,188026637,412849927,224823290,5994685647
2017,충남,충남당진시,4418000,N,31431146340,15991650600,22484644690,6492994090,47422796940
2017,충남,충남금산군,4471000,N,1024017836,2861551116,5935955846,3074404730,3885568952
2017,충남,충남부여군,4473000,N,6499256827,451694348,2385110118,1933415770,6950951175
2017,충남,충남서천군,4474000,N,36630504062,5752747426,8095234377,2342486951,42383251488
2017,충남,충남청양군,4475000,N,14536036073,12650204502,16416034792,3765830290,27186240575
2017,충남,충남홍성군,4476000,N,32811996042,2417108515,3874138465,1457029950,35229104557
2017,충남,충남예산군,4477000,N,25257882010,-7587443612,14934909668,22522353280,17670438398
2017,충남,충남태안군,4478000,N,2455875759,379780792,654810792,275030000,2835656551
2017,전북,전북본청,4500000,Y,796075530932,146038694414,346801108712,200762414298,942114225346
2017,전북,전북전주시,4511000,N,58677048120,2472464882,117926816798,115454351916,61149513002
2017,전북,전북군산시,4512000,N,31402423558,2916887071,13301992719,10385105648,34319310629
2017,전북,전북익산시,4513000,N,26793519599,779069957,2493866465,1714796508,27572589556
2017,전북,전북정읍시,4514000,N,42604714060,8012817657,28492016227,20479198570,50617531717
2017,전북,전북남원시,4515000,N,9442366244,135120919,1881202109,1746081190,9577487163
2017,전북,전북김제시,4516000,N,24516550251,6441033708,7925125078,1484091370,30957583959
2017,전북,전북완주군,4571000,N,9766981061,156257482,1358757760,1202500278,9923238543
2017,전북,전북진안군,4572000,N,7795230938,97127685,1447228155,1350100470,7892358623
2017,전북,전북무주군,4573000,N,3930075350,534690023,1449876493,915186470,4464765373
2017,전북,전북장수군,4574000,N,20543304891,-7794328701,5025187029,12819515730,12748976190
2017,전북,전북임실군,4575000,N,9269190863,108045184,4753925010,4645879826,9377236047
2017,전북,전북순창군,4576000,N,14143217606,-4812004770,2009765450,6821770220,9331212836
2017,전북,전북고창군,4577000,N,14135030281,82617948,815328024,732710076,14217648229
2017,전북,전북부안군,4578000,N,10383717099,406432608,854620338,448187730,10790149707
2017,전남,전남본청,4600000,Y,1107477131023,7121847550,601553501344,594431653794,1114598978573
2017,전남,전남목포시,4611000,N,25722178582,-1243959433,3621009177,4864968610,24478219149
2017,전남,전남여수시,4612000,N,57065631771,21398507043,28869339833,7470832790,78464138814
2017,전남,전남순천시,4613000,N,22931649715,37638102188,39962699378,2324597190,60569751903
2017,전남,전남나주시,4614000,N,21542441828,-3117938292,2412180398,5530118690,18424503536
2017,전남,전남광양시,4615000,N,16826506859,-3885094003,2707954510,6593048513,12941412856
2017,전남,전남담양군,4671000,N,35260132377,2592944352,3556941262,963996910,37853076729
2017,전남,전남곡성군,4672000,N,3121063165,-3413877700,3926785830,7340663530,-292814535
2017,전남,전남구례군,4673000,N,8240936997,79612810,1764003540,1684390730,8320549807
2017,전남,전남고흥군,4674000,N,49140215779,-18156014560,7188288390,25344302950,30984201219
2017,전남,전남보성군,4675000,N,3146796759,-72974989,681192441,754167430,3073821770
2017,전남,전남화순군,4676000,N,1763836902,32924950,685665810,652740860,1796761852
2017,전남,전남장흥군,4677000,N,2476765439,5956082880,6527091620,571008740,8432848319
2017,전남,전남강진군,4678000,N,5166652119,312408720,954671120,642262400,5479060839
2017,전남,전남해남군,4679000,N,66075062117,-1572357189,7787352881,9359710070,64502704928
2017,전남,전남영암군,4680000,N,43168803150,-156518621,2092538729,2249057350,43012284529
2017,전남,전남무안군,4681000,N,8639326450,1207451590,2008308090,800856500,9846778040
2017,전남,전남함평군,4682000,N,12515315667,-97246536,1779354554,1876601090,12418069131
2017,전남,전남영광군,4683000,N,66382577436,13506667320,20558423710,7051756390,79889244756
2017,전남,전남장성군,4684000,N,6650552280,531646440,937253140,405606700,7182198720
2017,전남,전남완도군,4685000,N,5860232116,1579994512,2011598972,431604460,7440226628
2017,전남,전남진도군,4686000,N,4048163902,735148188,1027422288,292274100,4783312090
2017,전남,전남신안군,4687000,N,3541434960,46169237,746238007,700068770,3587604197
2017,경북,경북본청,4700000,Y,1455247741864,235960503156,676910133523,440949630367,1691208245020
2017,경북,경북포항시,4711000,N,53841384358,24211750006,29620359077,5408609071,78053134364
2017,경북,경북경주시,4712000,N,33820328764,650324932,6219711992,5569387060,34470653696
2017,경북,경북김천시,4713000,N,14479950348,2406477203,3235437743,828960540,16886427551
2017,경북,경북안동시,4714000,N,9608611623,8450469921,11517060921,3066591000,18059081544
2017,경북,경북구미시,4715000,N,20884594075,3395087844,11398659184,8003571340,24279681919
2017,경북,경북영주시,4716000,N,7491333003,760283413,2239875633,1479592220,8251616416
2017,경북,경북영천시,4717000,N,13628343541,184447189,1051007598,866560409,13812790730
2017,경북,경북상주시,4718000,N,44629804622,7384429913,8190937503,806507590,52014234535
2017,경북,경북문경시,4719000,N,7338082172,802955400,1475450710,672495310,8141037572
2017,경북,경북경산시,4720000,N,20228063784,2715402435,5356306345,2640903910,22943466219
2017,경북,경북군위군,4771000,N,1511305054,-472429509,199290851,671720360,1038875545
2017,경북,경북의성군,4772000,N,1423877553,398535017,1124275357,725740340,1822412570
2017,경북,경북청송군,4773000,N,4109744150,110847700,117847700,7000000,4220591850
2017,경북,경북영양군,4774000,N,6852999869,3649479990,4151883100,502403110,10502479859
2017,경북,경북영덕군,4775000,N,1901616538,-209112275,248487725,457600000,1692504263
2017,경북,경북청도군,4776000,N,2862641351,980059323,1885393693,905334370,3842700674
2017,경북,경북고령군,4777000,N,2954974096,290793569,690139239,399345670,3245767665
2017,경북,경북성주군,4778000,N,6398749090,332262390,2983633050,2651370660,6731011480
2017,경북,경북칠곡군,4779000,N,3896608359,1053899690,1619998850,566099160,4950508049
2017,경북,경북예천군,4780000,N,21456235285,-6424619820,19302900150,25727519970,15031615465
2017,경북,경북봉화군,4781000,N,10938796383,2703536620,5905840690,3202304070,13642333003
2017,경북,경북울진군,4782000,N,4411351852,837263215,2679040285,1841777070,5248615067
2017,경북,경북울릉군,4783000,N,702183048,64057150,562122390,498065240,766240198
2017,경남,경남본청,4800000,Y,224591861984,284291914678,592846980809,308555066131,508883776662
2017,경남,경남창원시,4811000,N,309298857154,53280667684,117736311782,64455644098,362579524838
2017,경남,경남진주시,4813000,N,13655487916,943181756,2448275446,1505093690,14598669672
2017,경남,경남통영시,4815000,N,23274634902,1120636907,2609271417,1488634510,24395271809
2017,경남,경남사천시,4816000,N,7083525163,-1025108340,1741806270,2766914610,6058416823
2017,경남,경남김해시,4817000,N,25752142411,2361656761,10052044121,7690387360,28113799172
2017,경남,경남밀양시,4818000,N,8245557612,10258890346,11846109786,1587219440,18504447958
2017,경남,경남거제시,4819000,N,20219304429,1376790940,4779178560,3402387620,21596095369
2017,경남,경남양산시,4820000,N,48357092383,-4296195809,6536066494,10832262303,44060896574
2017,경남,경남의령군,4871000,N,14752656432,2339619856,3587879576,1248259720,17092276288
2017,경남,경남함안군,4872000,N,15347402695,-184186120,5987084011,6171270131,15163216575
2017,경남,경남창녕군,4873000,N,16623561756,1592686716,2888602607,1295915891,18216248472
2017,경남,경남고성군,4874000,N,1923870402,2214104880,2851045110,636940230,4137975282
2017,경남,경남남해군,4875000,N,12125958401,213040070,737459200,524419130,12338998471
2017,경남,경남하동군,4876000,N,11685154945,3023347643,5763827085,2740479442,14708502588
2017,경남,경남산청군,4877000,N,5511098250,1580262360,3493721290,1913458930,7091360610
2017,경남,경남함양군,4878000,N,4574733122,1953077214,3879479744,1926402530,6527810336
2017,경남,경남거창군,4879000,N,13385705300,179470051,763932041,584461990,13565175351
2017,경남,경남합천군,4880000,N,11706544269,7031497657,8625831499,1594333842,18738041926
2017,제주,제주본청,4900000,Y,961726638482,65720931312,365403577205,299682645893,1027447569794
2018,서울,서울본청,1100000,Y,3740878968660,446065080179,1558000078130,1111934997951,4186944048839
2018,서울,서울종로구,1111000,N,116775497668,16863527435,20511746118,3648218683,133639025103
2018,서울,서울중구,1112000,N,21844958366,-861089355,9542225135,10403314490,20983869011
2018,서울,서울용산구,1113000,N,28193204590,2548960497,8266014020,5717053523,30742165087
2018,서울,서울성동구,1114000,N,29883799356,-2773908928,13045165982,15819074910,27109890428
2018,서울,서울광진구,1115000,N,90804132724,22575412042,41156874052,18581462010,113379544766
2018,서울,서울동대문구,1116000,N,26713118006,1805793059,7696320010,5890526951,28518911065
2018,서울,서울중랑구,1117000,N,26855605798,636283554,10479906802,9843623248,27491889352
2018,서울,서울성북구,1118000,N,16805965549,1245818289,6414220319,5168402030,18051783838
2018,서울,서울강북구,1119000,N,58491080126,19846357679,31866165636,12019807957,78337437805
2018,서울,서울도봉구,1120000,N,31376373598,2476746848,21903235374,19426488526,33853120446
2018,서울,서울노원구,1121000,N,23058793642,-5820203386,5971533748,11791737134,17238590256
2018,서울,서울은평구,1122000,N,27319914309,476583802,6736927212,6260343410,27796498111
2018,서울,서울서대문구,1123000,N,36642913704,15697473334,20939481084,5242007750,52340387038
2018,서울,서울마포구,1124000,N,33362140787,-809133103,8002960855,8812093958,32553007684
2018,서울,서울양천구,1125000,N,62949346372,36897204162,41564011620,4666807458,99846550534
2018,서울,서울강서구,1126000,N,112180774319,-43721749332,11312750738,55034500070,68459024987
2018,서울,서울구로구,1127000,N,63443269022,-16496141011,32129883362,48626024373,46947128011
2018,서울,서울금천구,1128000,N,12621224780,-249356490,5983048290,6232404780,12371868290
2018,서울,서울영등포구,1129000,N,22199565358,-1507395433,10384937236,11892332669,20692169925
2018,서울,서울동작구,1130000,N,64910510003,12895525095,20521100164,7625575069,77806035098
2018,서울,서울관악구,1131000,N,19802937186,2563805663,6785478163,4221672500,22366742849
2018,서울,서울서초구,1132000,N,213076024308,3295325781,19505609221,16210283440,216371350089
2018,서울,서울강남구,1133000,N,275080623412,11388171528,31307197454,19919025926,286468794940
2018,서울,서울송파구,1134000,N,29466251135,2347265226,18887384936,16540119710,31813516361
2018,서울,서울강동구,1135000,N,34385172859,11135651388,30409669468,19274018080,45520824247
2018,부산,부산본청,2600000,Y,1053491328106,-508325081,712757981459,713266306540,1052983003025
2018,부산,부산중구,2611000,N,2689496810,2366605379,2570073639,203468260,5056102189
2018,부산,부산서구,2612000,N,1903497037,73283990,278392300,205108310,1976781027
2018,부산,부산동구,2613000,N,3198317780,113398557,414427690,301029133,3311716337
2018,부산,부산영도구,2614000,N,3692112940,20020640,303630400,283609760,3712133580
2018,부산,부산부산진구,2615000,N,8906280020,8156757830,8496098970,339341140,17063037850
2018,부산,부산동래구,2616000,N,56762645470,6026446040,6657369780,630923740,62789091510
2018,부산,부산남구,2617000,N,5810126887,592546357,850695767,258149410,6402673244
2018,부산,부산북구,2618000,N,21981392970,1526024320,2502218230,976193910,23507417290
2018,부산,부산해운대구,2619000,N,18584927704,972858699,2068512489,1095653790,19557786403
2018,부산,부산사하구,2620000,N,6185702496,3850805166,4724062336,873257170,10036507662
2018,부산,부산금정구,2621000,N,3978293271,900019506,1350027306,450007800,4878312777
2018,부산,부산강서구,2622000,N,3969955181,468294992,1029054172,560759180,4438250173
2018,부산,부산연제구,2623000,N,22610993820,-266533240,2781686300,3048219540,22344460580
2018,부산,부산수영구,2624000,N,15962385150,6163336780,6920205590,756868810,22125721930
2018,부산,부산사상구,2625000,N,13065978459,-2744104415,3055483985,5799588400,10321874044
2018,부산,부산기장군,2671000,N,14889138330,863856138,1514028038,650171900,15752994468
2018,대구,대구본청,2700000,Y,945810103633,42806663733,160704326368,117897662635,988616767366
2018,대구,대구중구,2711000,N,7313955290,1847923232,2277459912,429536680,9161878522
2018,대구,대구동구,2712000,N,2986836601,198944744,1001334794,802390050,3185781345
2018,대구,대구서구,2713000,N,5779017595,167123262,1023771172,856647910,5946140857
2018,대구,대구남구,2714000,N,3082573072,-31239737,415425273,446665010,3051333335
2018,대구,대구북구,2715000,N,4914733648,304917336,1170752756,865835420,5219650984
2018,대구,대구수성구,2716000,N,11732375231,5422285724,6590918354,1168632630,17154660955
2018,대구,대구달서구,2717000,N,7857747702,834942800,1360879190,525936390,8692690502
2018,대구,대구달성군,2771000,N,9098138932,1002296845,1453398845,451102000,10100435777
2018,인천,인천본청,2800000,Y,1379979212925,5136002550,320423077689,315287075139,1385115215475
2018,인천,인천중구,2811000,N,21059791838,1072957971,1971420788,898462817,22132749809
2018,인천,인천동구,2812000,N,21896790945,587640785,996865468,409224683,22484431730
2018,인천,인천미추홀구,2813000,N,10524169924,274890474,1105932863,831042389,10799060398
2018,인천,인천연수구,2814000,N,20496927364,2664941139,3664858251,999917112,23161868503
2018,인천,인천남동구,2815000,N,33412053448,1217910235,2197185835,979275600,34629963683
2018,인천,인천부평구,2816000,N,23105214041,1344877183,2405262617,1060385434,24450091224
2018,인천,인천계양구,2817000,N,12392907073,2768016316,2963149491,195133175,15160923389
2018,인천,인천서구,2818000,N,29139362071,2163641292,3049664802,886023510,31303003363
2018,인천,인천강화군,2871000,N,3066141640,299337104,437187884,137850780,3365478744
2018,인천,인천옹진군,2872000,N,3204922152,-17135670,335979170,353114840,3187786482
2018,광주,광주본청,2900000,Y,851083988166,23897948830,147650038152,123752089322,874981936996
2018,광주,광주동구,2911000,N,3231227198,263255718,524843658,261587940,3494482916
2018,광주,광주서구,2912000,N,10025932676,685314187,1133830687,448516500,10711246863
2018,광주,광주남구,2913000,N,3333742606,495640244,996709484,501069240,3829382850
2018,광주,광주북구,2914000,N,9506087204,621728862,2163404252,1541675390,10127816066
2018,광주,광주광산구,2915000,N,8592204632,556018963,1044570193,488551230,9148223595
2018,대전,대전본청,3000000,Y,1029012167090,106463868995,313202715045,206738846050,1135476036085
2018,대전,대전동구,3011000,N,10768574780,4955208656,7217503256,2262294600,15723783436
2018,대전,대전중구,3012000,N,18168857695,2151359300,3944776053,1793416753,20320216995
2018,대전,대전서구,3013000,N,38731829123,13882131756,31721005086,17838873330,52613960879
2018,대전,대전유성구,3014000,N,54677289146,-3142539937,6326905003,9469444940,51534749209
2018,대전,대전대덕구,3015000,N,36014907170,1409767714,2705554164,1295786450,37424674884
2018,울산,울산본청,3100000,Y,1089060745296,111946612944,246341764761,134395151817,1201007358240
2018,울산,울산중구,3111000,N,6817723627,-2489801920,3298505170,5788307090,4327921707
2018,울산,울산남구,3112000,N,13805647813,694079264,1953642964,1259563700,14499727077
2018,울산,울산동구,3113000,N,3850213259,306248055,856675616,550427561,4156461314
2018,울산,울산북구,3114000,N,5561517007,1092096134,2340899734,1248803600,6653613141
2018,울산,울산울주군,3171000,N,7917440694,786299049,2444341729,1658042680,8703739743
2018,세종,세종본청,3200000,Y,184387612910,26932225704,45888533058,18956307354,211319838614
2018,경기,경기본청,4100000,Y,4603363515976,-155188011844,1267957020339,1423145032183,4448175504132
2018,경기,경기수원시,4111000,N,109262295285,15074409811,22562314073,7487904262,124336705096
2018,경기,경기성남시,4112000,N,448014157572,61604165787,86284270461,24680104674,509618323359
2018,경기,경기의정부시,4113000,N,40456485342,21164116435,23976027961,2811911526,61620601777
2018,경기,경기안양시,4114000,N,193409676045,-4383404197,20704986773,25088390970,189026271848
2018,경기,경기부천시,4115000,N,116138420524,3017824658,10077517708,7059693050,119156245182
2018,경기,경기광명시,4116000,N,60945898157,2712558586,4901109136,2188550550,63658456743
2018,경기,경기평택시,4117000,N,142376924663,48510359575,57608524955,9098165380,190887284238
2018,경기,경기동두천시,4118000,N,26074837043,1559409201,2127261551,567852350,27634246244
2018,경기,경기안산시,4119000,N,413931926527,-1786356694,25588545036,27374901730,412145569833
2018,경기,경기고양시,4120000,N,106060373646,9078211668,18305901218,9227689550,115138585314
2018,경기,경기과천시,4121000,N,166609726992,1136960339,3734588599,2597628260,167746687331
2018,경기,경기구리시,4122000,N,23768241863,2601722133,3143432399,541710266,26369963996
2018,경기,경기남양주시,4123000,N,103121575545,7744559133,12350531533,4605972400,110866134678
2018,경기,경기오산시,4124000,N,26135305633,3547843484,4530674102,982830618,29683149117
2018,경기,경기시흥시,4125000,N,61830975031,44888857373,46245786913,1356929540,106719832404
2018,경기,경기군포시,4126000,N,34364399549,1845673546,3247629810,1401956264,36210073095
2018,경기,경기의왕시,4127000,N,29098389362,2177244346,2768738286,591493940,31275633708
2018,경기,경기하남시,4128000,N,22347297284,1828847380,3890373960,2061526580,24176144664
2018,경기,경기용인시,4129000,N,263070888834,11264934055,47795486383,36530552328,274335822889
2018,경기,경기파주시,4130000,N,43634368676,5895119761,8801135111,2906015350,49529488437
2018,경기,경기이천시,4131000,N,13109669116,2700657808,4794042286,2093384478,15810326924
2018,경기,경기안성시,4132000,N,44574890656,-484342693,5858612364,6342955057,44090547963
2018,경기,경기김포시,4133000,N,12909702109,717090890,3341591390,2624500500,13626792999
2018,경기,경기화성시,4134000,N,165745281400,9491684196,23984169031,14492484835,175236965596
2018,경기,경기광주시,4135000,N,45096138462,-160939305,4069602305,4230541610,44935199157
2018,경기,경기양주시,4136000,N,19208738186,-1400631088,2690659462,4091290550,17808107098
2018,경기,경기포천시,4137000,N,57237361423,-102365488,4112394052,4214759540,57134995935
2018,경기,경기여주시,4138000,N,100433059273,6223716737,12749551147,6525834410,106656776010
2018,경기,경기연천군,4175000,N,9263580274,1388857894,10394050898,9005193004,10652438168
2018,경기,경기가평군,4177000,N,43060285060,3713338764,4611765954,898427190,46773623824
2018,경기,경기양평군,4178000,N,32367374904,-5329695417,4828023523,10157718940,27037679487
2018,강원,강원본청,4200000,Y,1068767033863,129253736825,536015290146,406761553321,1198020770688
2018,강원,강원춘천시,4211000,N,118173615124,-55988306469,59054555740,115042862209,62185308655
2018,강원,강원원주시,4212000,N,42297348039,6508357071,11642294851,5133937780,48805705110
2018,강원,강원강릉시,4213000,N,27250602270,593685594,2019461694,1425776100,27844287864
2018,강원,강원동해시,4214000,N,21094824412,575433410,1881371309,1305937899,21670257822
2018,강원,강원태백시,4215000,N,7832978888,394976828,555858118,160881290,8227955716
2018,강원,강원속초시,4216000,N,23896440408,2653835877,3613619017,959783140,26550276285
2018,강원,강원삼척시,4217000,N,6415996188,292272013,505239045,212967032,6708268201
2018,강원,강원홍천군,4271000,N,27814747965,3254649722,4710045392,1455395670,31069397687
2018,강원,강원횡성군,4272000,N,12263829193,10692167514,23597483434,12905315920,22955996707
2018,강원,강원영월군,4273000,N,5838160325,601857696,793077896,191220200,6440018021
2018,강원,강원평창군,4274000,N,21218941695,2056163543,2982507303,926343760,23275105238
2018,강원,강원정선군,4275000,N,41712904153,359182009,441193009,82011000,42072086162
2018,강원,강원철원군,4276000,N,8319090971,-1237297681,1116550959,2353848640,7081793290
2018,강원,강원화천군,4277000,N,17119008103,-1460652856,825673565,2286326421,15658355247
2018,강원,강원양구군,4278000,N,22938909612,1394433492,2521768912,1127335420,24333343104
2018,강원,강원인제군,4279000,N,20561607127,12557651190,13895848176,1338196986,33119258317
2018,강원,강원고성군,4280000,N,6752901693,32733221,255373128,222639907,6785634914
2018,강원,강원양양군,4281000,N,16801041497,6219001802,6707836518,488834716,23020043299
2018,충북,충북본청,4300000,Y,806869330094,-23054793755,199939559655,222994353410,783814536339
2018,충북,충북충주시,4312000,N,20251681899,-1564339291,2297383959,3861723250,18687342608
2018,충북,충북제천시,4313000,N,24308031774,17253079214,19474202014,2221122800,41561110988
2018,충북,충북청주시,4314000,N,154292429055,21020832072,47666168232,26645336160,175313261127
2018,충북,충북보은군,4372000,N,9336484783,270803534,1399888192,1129084658,9607288317
2018,충북,충북옥천군,4373000,N,8432995210,3205247950,3571009500,365761550,11638243160
2018,충북,충북영동군,4374000,N,5312185130,322446920,846546610,524099690,5634632050
2018,충북,충북진천군,4375000,N,9600620901,2349896341,3466994331,1117097990,11950517242
2018,충북,충북괴산군,4376000,N,9468678980,2232356600,2628758210,396401610,11701035580
2018,충북,충북음성군,4377000,N,11590028906,-390176677,2469866277,2860042954,11199852229
2018,충북,충북단양군,4378000,N,5642456470,-84638320,542741710,627380030,5557818150
2018,충북,충북증평군,4379000,N,8312162212,2255206797,3397590567,1142383770,10567369009
2018,충남,충남본청,4400000,Y,814025193158,-102568449435,208969500559,311537949994,711456743723
2018,충남,충남천안시,4411000,N,62955899810,2761769028,17405780973,14644011945,65717668838
2018,충남,충남공주시,4412000,N,6825042429,93048501,1185940461,1092891960,6918090930
2018,충남,충남보령시,4413000,N,13588419911,1893498804,10150204690,8256705886,15481918715
2018,충남,충남아산시,4414000,N,35345038477,3108056168,14871957706,11763901538,38453094645
2018,충남,충남서산시,4415000,N,43643654501,18549514459,22631387419,4081872960,62193168960
2018,충남,충남논산시,4416000,N,9378401029,421761244,1177642044,755880800,9800162273
2018,충남,충남계룡시,4417000,N,5994685647,32688326,416085126,383396800,6027373973
2018,충남,충남당진시,4418000,N,47409796960,-2016987030,7089951210,9106938240,45392809930
2018,충남,충남금산군,4471000,N,3885568952,1983223826,4657866626,2674642800,5868792778
2018,충남,충남부여군,4473000,N,6950951175,2428476227,4422153537,1993677310,9379427402
2018,충남,충남서천군,4474000,N,42383251488,1267555929,13584521609,12316965680,43650807417
2018,충남,충남청양군,4475000,N,27186240575,15793525966,20424106136,4630580170,42979766541
2018,충남,충남홍성군,4476000,N,35229104557,5954860227,7137324917,1182464690,41183964784
2018,충남,충남예산군,4477000,N,17670438398,3631424685,6980670917,3349246232,21301863083
2018,충남,충남태안군,4478000,N,2835656551,1432317649,3145741699,1713424050,4267974200
2018,전북,전북본청,4500000,Y,942114226001,-2774131006,212168095086,214942226092,939340094995
2018,전북,전북전주시,4511000,N,61149513002,-1646930788,115304290544,116951221332,59502582214
2018,전북,전북군산시,4512000,N,34319310629,5896401039,8674264186,2777863147,40215711668
2018,전북,전북익산시,4513000,N,17142065955,10463880634,12084595051,1620714417,27605946589
2018,전북,전북정읍시,4514000,N,50617531717,11261191763,30810610613,19549418850,61878723480
2018,전북,전북남원시,4515000,N,9577487163,524619678,1715203121,1190583443,10102106841
2018,전북,전북김제시,4516000,N,30957583959,-9821072312,1736508638,11557580950,21136511647
2018,전북,전북완주군,4571000,N,9923238543,1566124881,5413631011,3847506130,11489363424
2018,전북,전북진안군,4572000,N,7892364675,1479531924,3279874550,1800342626,9371896599
2018,전북,전북무주군,4573000,N,4464765373,885289458,1520835768,635546310,5350054831
2018,전북,전북장수군,4574000,N,12748976204,-5811681863,1348689357,7160371220,6937294341
2018,전북,전북임실군,4575000,N,9377236047,620552851,4789384990,4168832139,9997788898
2018,전북,전북순창군,4576000,N,9331180706,23896409,1787922889,1764026480,9355077115
2018,전북,전북고창군,4577000,N,14217648229,-196116599,819863611,1015980210,14021531630
2018,전북,전북부안군,4578000,N,10790149707,725548163,1298025343,572477180,11515697870
2018,전남,전남본청,4600000,Y,1114598978573,130141805836,621069297166,490927491330,1244740784409
2018,전남,전남목포시,4611000,N,24478219149,807077261,3643500621,2836423360,25285296410
2018,전남,전남여수시,4612000,N,78464138814,-1060244556,9961819306,11022063862,77403894258
2018,전남,전남순천시,4613000,N,60569751903,35941426942,38817037242,2875610300,96511178845
2018,전남,전남나주시,4614000,N,18355361492,310894801,2383465401,2072570600,18666256293
2018,전남,전남광양시,4615000,N,12941412856,236558820,2209741960,1973183140,13177971676
2018,전남,전남담양군,4671000,N,37853211719,-2613797918,3309037842,5922835760,35239413801
2018,전남,전남곡성군,4672000,N,10307185465,16402538260,17984012730,1581474470,26709723725
2018,전남,전남구례군,4673000,N,8320549807,168763150,1940807600,1772044450,8489312957
2018,전남,전남고흥군,4674000,N,30984201219,-12941260452,4185975668,17127236120,18042940767
2018,전남,전남보성군,4675000,N,3073821770,338328614,1077671644,739343030,3412150384
2018,전남,전남화순군,4676000,N,1796761852,436719310,726990380,290271070,2233481162
2018,전남,전남장흥군,4677000,N,8427023059,11451221010,11659993030,208772020,19878244069
2018,전남,전남강진군,4678000,N,5479060839,5588017440,6400047450,812030010,11067078279
2018,전남,전남해남군,4679000,N,64502704928,2252372319,7633587149,5381214830,66755077247
2018,전남,전남영암군,4680000,N,43012284529,2906761610,4696693940,1789932330,45919046139
2018,전남,전남무안군,4681000,N,9846778040,-1083532530,1361820813,2445353343,8763245510
2018,전남,전남함평군,4682000,N,12418069131,1227150138,2005434758,778284620,13645219269
2018,전남,전남영광군,4683000,N,79889244756,-6699618434,16468824422,23168442856,73189626322
2018,전남,전남장성군,4684000,N,7182198720,84789660,1147692620,1062902960,7266988380
2018,전남,전남완도군,4685000,N,7310226628,1807555156,2099660176,292105020,9117781784
2018,전남,전남진도군,4686000,N,4783312090,110484908,907651878,797166970,4893796998
2018,전남,전남신안군,4687000,N,3587604197,-842586533,432478987,1275065520,2745017664
2018,경북,경북본청,4700000,Y,1692392067288,49970911167,534201599049,484230687882,1742362978455
2018,경북,경북포항시,4711000,N,78053134364,-727444704,10200932006,10928376710,77325689660
2018,경북,경북경주시,4712000,N,34470645446,3180591516,6996234766,3815643250,37651236962
2018,경북,경북김천시,4713000,N,16886427551,11535406306,13313437586,1778031280,28421833857
2018,경북,경북안동시,4714000,N,18059081544,4436692110,8942411550,4505719440,22495773654
2018,경북,경북구미시,4715000,N,24279681919,3359662830,10941853347,7582190517,27639344749
2018,경북,경북영주시,4716000,N,8251616416,668278381,2390900711,1722622330,8919894797
2018,경북,경북영천시,4717000,N,13813805073,303559207,1128256507,824697300,14117364280
2018,경북,경북상주시,4718000,N,52014234535,11367960736,12477070753,1109110017,63382195271
2018,경북,경북문경시,4719000,N,8141037572,1962279136,2654457106,692177970,10103316708
2018,경북,경북경산시,4720000,N,22943466219,5723948471,6995601421,1271652950,28667414690
2018,경북,경북군위군,4771000,N,1338866284,166575026,208975026,42400000,1505441310
2018,경북,경북의성군,4772000,N,1822412570,-500065714,446973636,947039350,1322346856
2018,경북,경북청송군,4773000,N,4220591850,137562060,170370060,32808000,4358153910
2018,경북,경북영양군,4774000,N,10502479859,1864700650,2377995210,513294560,12367180509
2018,경북,경북영덕군,4775000,N,1692519333,777943516,840193516,62250000,2470462849
2018,경북,경북청도군,4776000,N,3842701757,153060929,1293840149,1140779220,3995762686
2018,경북,경북고령군,4777000,N,3245767665,491526344,761649004,270122660,3737294009
2018,경북,경북성주군,4778000,N,6731011480,846227840,3407915720,2561687880,7577239320
2018,경북,경북칠곡군,4779000,N,4950508049,688763732,1201305392,512541660,5639271781
2018,경북,경북예천군,4780000,N,15031615463,-13163136222,1211766458,14374902680,1868479241
2018,경북,경북봉화군,4781000,N,13642333003,1446320877,5061552737,3615231860,15088653880
2018,경북,경북울진군,4782000,N,5248615067,1272247432,3174767102,1902519670,6520862499
2018,경북,경북울릉군,4783000,N,766240198,1135523280,1631803390,496280110,1901763478
2018,경남,경남본청,4800000,Y,508883776662,-70761689509,174763668020,245525357529,438122087153
2018,경남,경남창원시,4811000,N,362579524838,22022322003,98785446495,76763124492,384601846841
2018,경남,경남진주시,4813000,N,14598669672,200776139280,203114947190,2338807910,215374808952
2018,경남,경남통영시,4815000,N,24395271809,2392507630,3463050960,1070543330,26787779439
2018,경남,경남사천시,4816000,N,6058416823,-56416275,2031753745,2088170020,6002000548
2018,경남,경남김해시,4817000,N,28113799172,2650044591,10547411251,7897366660,30763843763
2018,경남,경남밀양시,4818000,N,18504447958,12185482271,15354453041,3168970770,30689930229
2018,경남,경남거제시,4819000,N,21596095069,1568581817,4826430417,3257848600,23164676886
2018,경남,경남양산시,4820000,N,44060896574,5337164416,10165720868,4828556452,49398060990
2018,경남,경남의령군,4871000,N,17092647029,3179009830,3525868470,346858640,20271656859
2018,경남,경남함안군,4872000,N,15163089482,4892945720,5683722280,790776560,20056035202
2018,경남,경남창녕군,4873000,N,18216248472,2024603087,2919115957,894512870,20240851559
2018,경남,경남고성군,4874000,N,4137975282,2157555070,2827565250,670010180,6295530352
2018,경남,경남남해군,4875000,N,10253467507,401483460,737247910,335764450,10654950967
2018,경남,경남하동군,4876000,N,14708502588,-12420043322,1398304006,13818347328,2288459266
2018,경남,경남산청군,4877000,N,7092955650,1386509540,2631263120,1244753580,8479465190
2018,경남,경남함양군,4878000,N,6582877287,10357246850,12235337010,1878090160,16940124137
2018,경남,경남거창군,4879000,N,12878560080,254955320,864969240,610013920,13133515400
2018,경남,경남합천군,4880000,N,16238041926,7083016518,8013373678,930357160,23321058444
2018,제주,제주본청,4900000,Y,1027447569794,97366859424,320865323714,223498464290,1124814429218
2019,서울,서울본청,1100000,Y,4186939045812,-640707047690,1404753075638,2045460123328,3546231998122
2019,서울,서울종로구,1111000,N,133639025103,23954620251,28038576941,4083956690,157593645354
2019,서울,서울중구,1112000,N,20983869011,19527158421,30705611541,11178453120,40511027432
2019,서울,서울용산구,1113000,N,30742165087,9467046002,20427445322,10960399320,40209211089
2019,서울,서울성동구,1114000,N,27109890428,-7689871654,14717952281,22407823935,19420018774
2019,서울,서울광진구,1115000,N,113379544766,10439562018,36963181438,26523619420,123819106784
2019,서울,서울동대문구,1116000,N,28518911065,880888018,7356829478,6475941460,29399799083
2019,서울,서울중랑구,1117000,N,27491889352,1020239564,7380484714,6360245150,28512128916
2019,서울,서울성북구,1118000,N,18051783838,8480974362,12308183162,3827208800,26532758200
2019,서울,서울강북구,1119000,N,78337437805,18468549229,22476100611,4007551382,96805987034
2019,서울,서울도봉구,1120000,N,33853120446,2926364830,26417834645,23491469815,36779485276
2019,서울,서울노원구,1121000,N,17238590256,-15641321,6228903517,6244544838,17222948935
2019,서울,서울은평구,1122000,N,27796498111,751055419,6276030349,5524974930,28547553530
2019,서울,서울서대문구,1123000,N,52340387038,2488386965,17344516565,14856129600,54828774003
2019,서울,서울마포구,1124000,N,32553007684,79742450,12400898351,12321155901,32632750134
2019,서울,서울양천구,1125000,N,99846550534,19703158183,34251923753,14548765570,119549708717
2019,서울,서울강서구,1126000,N,68459024987,16895686852,23346270092,6450583240,85354711839
2019,서울,서울구로구,1127000,N,46947128011,-3316276200,32221213696,35537489896,43630851811
2019,서울,서울금천구,1128000,N,12371868290,1324402495,7521703895,6197301400,13696270785
2019,서울,서울영등포구,1129000,N,20692169925,2404620864,11325790319,8921169455,23096790789
2019,서울,서울동작구,1130000,N,77806035098,15256745501,26546588841,11289843340,93062780599
2019,서울,서울관악구,1131000,N,22366742849,12379941136,16865645956,4485704820,34746683985
2019,서울,서울서초구,1132000,N,214849359071,5540497394,24865676391,19325178997,220389856465
2019,서울,서울강남구,1133000,N,286468794940,14063432317,41258365836,27194933519,300532227257
2019,서울,서울송파구,1134000,N,31813516361,16612761385,26700794658,10088033273,48426277746
2019,서울,서울강동구,1135000,N,45520824247,78463742343,100755851875,22292109532,123984566590
2019,부산,부산본청,2600000,Y,1052983003025,48518051017,730579979843,682061928826,1101501054042
2019,부산,부산중구,2611000,N,5056102189,9437995554,9554660434,116664880,14494097743
2019,부산,부산서구,2612000,N,1976781027,245534620,435859460,190324840,2222315647
2019,부산,부산동구,2613000,N,3311716337,2340263410,3074723518,734460108,5651979747
2019,부산,부산영도구,2614000,N,3712133580,-319410838,324563102,643973940,3392722742
2019,부산,부산부산진구,2615000,N,17063037850,15855302810,16368780950,513478140,32918340660
2019,부산,부산동래구,2616000,N,62789091510,11879241240,18910682260,7031441020,74668332750
2019,부산,부산남구,2617000,N,6402673244,184056945,901217905,717160960,6586730189
2019,부산,부산북구,2618000,N,23507417290,3650565730,4269485500,618919770,27157983020
2019,부산,부산해운대구,2619000,N,19557786403,2963658677,4683576207,1719917530,22521445080
2019,부산,부산사하구,2620000,N,10036507662,236305398,1200779038,964473640,10272813060
2019,부산,부산금정구,2621000,N,3838591788,161863251,792077431,630214180,4000455039
2019,부산,부산강서구,2622000,N,4438250173,588196352,1161931062,573734710,5026446525
2019,부산,부산연제구,2623000,N,22344460580,8758481860,12522396920,3763915060,31102942440
2019,부산,부산수영구,2624000,N,22125721930,17439055820,19355959070,1916903250,39564777750
2019,부산,부산사상구,2625000,N,10321874044,4670949608,6660898566,1989948958,14992823652
2019,부산,부산기장군,2671000,N,15752994468,2166319405,2779740355,613420950,17919313873
2019,대구,대구본청,2700000,Y,988616767366,-1518597271,152512315220,154030912491,987098170095
2019,대구,대구중구,2711000,N,9161878522,31683247723,32226704713,543456990,40845126245
2019,대구,대구동구,2712000,N,3185781345,338774934,1477770604,1138995670,3524556279
2019,대구,대구서구,2713000,N,5946140857,45121569359,46098311539,976742180,51067710216
2019,대구,대구남구,2714000,N,3051333335,18549623931,18928184241,378560310,21600957266
2019,대구,대구북구,2715000,N,5219650984,404129467,1300646647,896517180,5623780451
2019,대구,대구수성구,2716000,N,17154660955,55401947935,56398848895,996900960,72556608890
2019,대구,대구달서구,2717000,N,8692690502,895388498,1481003898,585615400,9588079000
2019,대구,대구달성군,2771000,N,10100435777,37968605164,38358211454,389606290,48069040941
2019,인천,인천본청,2800000,Y,1385115215475,-18194563682,426796479320,444991043002,1366920651793
2019,인천,인천중구,2811000,N,22132749809,1312120038,2363110998,1050990960,23444869847
2019,인천,인천동구,2812000,N,22484431730,80100087088,80903956103,803869015,102584518818
2019,인천,인천미추홀구,2813000,N,10799060398,702248054,1635807642,933559588,11501308452
2019,인천,인천연수구,2814000,N,23161868503,-13059704,2830773671,2843833375,23148808799
2019,인천,인천남동구,2815000,N,34629963683,580725180,2240575271,1659850091,35210688863
2019,인천,인천부평구,2816000,N,24450091224,885323281,5410655979,4525332698,25335414505
2019,인천,인천계양구,2817000,N,15160923389,2652848137,3131193927,478345790,17813771526
2019,인천,인천서구,2818000,N,31303003363,4555951115,17833048109,13277096994,35858954478
2019,인천,인천강화군,2871000,N,3365478744,3059330328,3354104490,294774162,6424809072
2019,인천,인천옹진군,2872000,N,3187786482,9104611947,9447093247,342481300,12292398429
2019,광주,광주본청,2900000,Y,874981936996,75463575272,225153984861,149690409589,950445512268
2019,광주,광주동구,2911000,N,3494482916,34618507909,34765610834,147102925,38112990825
2019,광주,광주서구,2912000,N,10711246863,788352610,1492520800,704168190,11499599473
2019,광주,광주남구,2913000,N,3829382850,674728156,1073505076,398776920,4504111006
2019,광주,광주북구,2914000,N,10127816066,678291509,2290528279,1612236770,10806107575
2019,광주,광주광산구,2915000,N,9148223595,1665299660,1965556800,300257140,10813523255
2019,대전,대전본청,3000000,Y,915252746037,459764960973,669512924345,209747963372,1375017707010
2019,대전,대전동구,3011000,N,15723783436,691312321,1198287231,506974910,16415095757
2019,대전,대전중구,3012000,N,20320216995,-547931139,930097611,1478028750,19772285856
2019,대전,대전서구,3013000,N,52613960879,39986285922,64759339941,24773054019,92600246801
2019,대전,대전유성구,3014000,N,51534749209,11989381430,15962486830,3973105400,63524130639
2019,대전,대전대덕구,3015000,N,37424674884,16366901431,17570905631,1204004200,53791576315
2019,울산,울산본청,3100000,Y,1201007358240,51419042097,201468315356,150049273259,1252426400337
2019,울산,울산중구,3111000,N,4327921707,232531930,6777054700,6544522770,4560453637
2019,울산,울산남구,3112000,N,14499727077,-189129099,1424891249,1614020348,14310597978
2019,울산,울산동구,3113000,N,4156461314,495184322,1096869212,601684890,4651645636
2019,울산,울산북구,3114000,N,6653612001,-430525411,1524064409,1954589820,6223086590
2019,울산,울산울주군,3171000,N,8703743173,902546946,3340099186,2437552240,9606290119
2019,세종,세종본청,3200000,Y,211319838614,14929483462,50770096541,35840613079,226249322076
2019,경기,경기본청,4100000,Y,4448175504132,-447556019402,1450457789439,1898013808841,4000619484730
2019,경기,경기수원시,4111000,N,124336705096,20531287740,28961527255,8430239515,144867992836
2019,경기,경기성남시,4112000,N,509618323359,14125461449,124762717472,110637256023,523743784808
2019,경기,경기의정부시,4113000,N,61394570236,96658057245,99881959155,3223901910,158052627481
2019,경기,경기안양시,4114000,N,189026271848,114323457536,142251412636,27927955100,303349729384
2019,경기,경기부천시,4115000,N,119156245182,-424025284,11473905262,11897930546,118732219898
2019,경기,경기광명시,4116000,N,63658456743,-21089488580,6347558880,27437047460,42568968163
2019,경기,경기평택시,4117000,N,190887284238,56463142565,85910613334,29447470769,247350426803
2019,경기,경기동두천시,4118000,N,27634246244,48424873401,49294838971,869965570,76059119645
2019,경기,경기안산시,4119000,N,412145569833,487380361926,511011101896,23630739970,899525931759
2019,경기,경기고양시,4120000,N,115138585310,159789075246,181963712976,22174637730,274927660556
2019,경기,경기과천시,4121000,N,167746687331,64136171739,66679829109,2543657370,231882859070
2019,경기,경기구리시,4122000,N,26369963996,-529328684,16535849786,17065178470,25840635312
2019,경기,경기남양주시,4123000,N,110866134678,9424927298,13442252368,4017325070,120291061976
2019,경기,경기오산시,4124000,N,29683149117,2907238105,3759298525,852060420,32590387222
2019,경기,경기시흥시,4125000,N,106719832404,3824040851,6654281118,2830240267,110543873255
2019,경기,경기군포시,4126000,N,36210073095,16901901546,19976780254,3074878708,53111974641
2019,경기,경기의왕시,4127000,N,31275633708,1817218434,2857315773,1040097339,33092852142
2019,경기,경기하남시,4128000,N,24176144664,11128048933,12455361253,1327312320,35304193597
2019,경기,경기용인시,4129000,N,274335822889,10907408453,63484204850,52576796397,285243231342
2019,경기,경기파주시,4130000,N,49532488417,110474039870,115092288660,4618248790,160006528287
2019,경기,경기이천시,4131000,N,15857454864,383090883919,385526119309,2435235390,398948338783
2019,경기,경기안성시,4132000,N,44090547963,-15808592254,4052795551,19861387805,28281955709
2019,경기,경기김포시,4133000,N,13626792999,610397226,3178835916,2568438690,14237190225
2019,경기,경기화성시,4134000,N,175235498116,-32675207019,17855165171,50530372190,142560291097
2019,경기,경기광주시,4135000,N,44935199157,2455941727,4979541413,2523599686,47391140884
2019,경기,경기양주시,4136000,N,17806752308,-1863512540,2340819140,4204331680,15943239768
2019,경기,경기포천시,4137000,N,57134995935,285513543113,289435436593,3921893480,342648539048
2019,경기,경기여주시,4138000,N,106656776010,87845044571,95026875765,7181831194,194501820581
2019,경기,경기연천군,4175000,N,11101510083,56232741408,61479320438,5246579030,67334251491
2019,경기,경기가평군,4177000,N,46773623824,3971583649,6632968784,2661385135,50745207473
2019,경기,경기양평군,4178000,N,27037679487,1634671188,9938324598,8303653410,28672350675
2019,강원,강원본청,4200000,Y,1198020770688,-238551072945,471477273096,710028346041,959469697743
2019,강원,강원춘천시,4211000,N,62185308655,28208799614,65893998815,37685199201,90394108269
2019,강원,강원원주시,4212000,N,48805705110,-7399412988,4431676362,11831089350,41406292122
2019,강원,강원강릉시,4213000,N,17825975645,1321462005,3140057145,1818595140,19147437650
2019,강원,강원동해시,4214000,N,21670257822,-6786208923,-5422436563,1363772360,14884048899
2019,강원,강원태백시,4215000,N,8230878206,10286640970,10624739430,338098460,18517519176
2019,강원,강원속초시,4216000,N,26550276285,1798653838,3013146772,1214492934,28348930123
2019,강원,강원삼척시,4217000,N,6708268201,5036904174,5580571064,543666890,11745172375
2019,강원,강원홍천군,4271000,N,31069139177,18183996799,19593520039,1409523240,49253135976
2019,강원,강원횡성군,4272000,N,22955996707,46959741999,47357411179,397669180,69915738706
2019,강원,강원영월군,4273000,N,6440017601,34010767293,34098164393,87397100,40450784894
2019,강원,강원평창군,4274000,N,23275105238,109624709,3620758069,3511133360,23384729947
2019,강원,강원정선군,4275000,N,42072086162,3231578248,3318751778,87173530,45303664410
2019,강원,강원철원군,4276000,N,7080489472,2827530459,2974141559,146611100,9908019931
2019,강원,강원화천군,4277000,N,1800789014,58750213461,59384302020,634088559,60551002475
2019,강원,강원양구군,4278000,N,24333343104,26595538821,28704076851,2108538030,50928881925
2019,강원,강원인제군,4279000,N,32519258317,29968033258,37811538947,7843505689,62487291575
2019,강원,강원고성군,4280000,N,6786530771,18514365833,19215893011,701527178,25300896604
2019,강원,강원양양군,4281000,N,23020043299,36798379575,37154741715,356362140,59818422874
2019,충북,충북본청,4300000,Y,783814536339,144842246924,354140528844,209298281920,928656783263
2019,충북,충북충주시,4312000,N,18687342608,-2454427549,2457216991,4911644540,16232915059
2019,충북,충북제천시,4313000,N,41561110988,22878401314,27489335191,4610933877,64439512302
2019,충북,충북청주시,4314000,N,175313261127,78795912047,161107801026,82311888979,254109173174
2019,충북,충북보은군,4372000,N,9607299710,20263733636,20840288736,576555100,29871033346
2019,충북,충북옥천군,4373000,N,11638243160,10515349080,11581228970,1065879890,22153592240
2019,충북,충북영동군,4374000,N,5634632050,36462081800,37165526700,703444900,42096713850
2019,충북,충북진천군,4375000,N,9982075176,-2390870592,2108439638,4499310230,7591204584
2019,충북,충북괴산군,4376000,N,11701035580,33593611190,34743643520,1150032330,45294646770
2019,충북,충북음성군,4377000,N,11199852229,541621625,2248197380,1706575755,11741473854
2019,충북,충북단양군,4378000,N,5552447254,-306690474,542549506,849239980,5245756780
2019,충북,충북증평군,4379000,N,10567369009,-58101584,4984142386,5042243970,10509267425
2019,충남,충남본청,4400000,Y,841853543723,-28720308557,284404102256,313124410813,813133235166
2019,충남,충남천안시,4411000,N,65717668838,9123753388,18949535917,9825782529,74841422226
2019,충남,충남공주시,4412000,N,6918090930,74018697470,74617221030,598523560,80936788400
2019,충남,충남보령시,4413000,N,15481918715,49270341086,52706879522,3436538436,64752259801
2019,충남,충남아산시,4414000,N,38453094645,11169786066,48298951416,37129165350,49622880711
2019,충남,충남서산시,4415000,N,62193168960,32545819377,37912073210,5366253833,94738988337
2019,충남,충남논산시,4416000,N,9800162273,57995632303,58751172033,755539730,67795794576
2019,충남,충남계룡시,4417000,N,6027373973,47951997867,48237915627,285917760,53979371840
2019,충남,충남당진시,4418000,N,45173877971,31184707958,40124437908,8939729950,76358585929
2019,충남,충남금산군,4471000,N,5868792822,66021158019,71005130999,4983972980,71889950841
2019,충남,충남부여군,4473000,N,9379427402,163286633295,165321099095,2034465800,172666060697
2019,충남,충남서천군,4474000,N,43650807417,6191709003,17713480163,11521771160,49842516420
2019,충남,충남청양군,4475000,N,42979769891,25051890168,29530777188,4478887020,68031660059
2019,충남,충남홍성군,4476000,N,41183964784,32854683172,36494688412,3640005240,74038647956
2019,충남,충남예산군,4477000,N,21301863083,20986450385,23256168992,2269718607,42288313468
2019,충남,충남태안군,4478000,N,4267974200,-400475203,2119144217,2519619420,3867498997
2019,전북,전북본청,4500000,Y,939340094995,61216470976,291570958435,230354487459,1000556565971
2019,전북,전북전주시,4511000,N,59502582214,14358962323,92750218608,78391256285,73861544537
2019,전북,전북군산시,4512000,N,40215600858,50047673819,92640716823,42593043004,90263274677
2019,전북,전북익산시,4513000,N,27605946589,34197060718,46374344988,12177284270,61803007307
2019,전북,전북정읍시,4514000,N,61878723480,-2963384786,24136618764,27100003550,58915338694
2019,전북,전북남원시,4515000,N,10102106841,303558961,1705658199,1402099238,10405665802
2019,전북,전북김제시,4516000,N,21136511647,50149225205,53514231662,3365006457,71285736852
2019,전북,전북완주군,4571000,N,11489363424,1452089540,6274374290,4822284750,12941452964
2019,전북,전북진안군,4572000,N,9371895701,3562013505,4874133215,1312119710,12933909206
2019,전북,전북무주군,4573000,N,5350054831,8483312658,11289265803,2805953145,13833367489
2019,전북,전북장수군,4574000,N,4165731530,40805373266,41282588183,477214917,44971104796
2019,전북,전북임실군,4575000,N,9997788898,285971121,4475253740,4189282619,10283760019
2019,전북,전북순창군,4576000,N,9356077237,18587947982,19637794902,1049846920,27944025219
2019,전북,전북고창군,4577000,N,14021531630,39793959020,40846642975,1052683955,53815490650
2019,전북,전북부안군,4578000,N,11515697870,16857403,1667189353,1650331950,11532555273
2019,전남,전남본청,4600000,Y,1244740784409,155713470350,840765875406,685052405056,1400454254759
2019,전남,전남목포시,4611000,N,25285296410,14916126629,18607253779,3691127150,40201423039
2019,전남,전남여수시,4612000,N,77403894258,3465142344,7477486054,4012343710,80869036602
2019,전남,전남순천시,4613000,N,96511178845,28257634239,37044464079,8786829840,124768813084
2019,전남,전남나주시,4614000,N,18666214393,13162885010,14114077130,951192120,31829099403
2019,전남,전남광양시,4615000,N,13177971676,178507760,2128409990,1949902230,13356479436
2019,전남,전남담양군,4671000,N,35274413801,-542855492,4759824608,5302680100,34731558309
2019,전남,전남곡성군,4672000,N,22655723725,15953719730,17856550610,1902830880,38609443455
2019,전남,전남구례군,4673000,N,8489312957,4813642240,7854364390,3040722150,13302955197
2019,전남,전남고흥군,4674000,N,18042940767,55652813382,56647127002,994313620,73695754149
2019,전남,전남보성군,4675000,N,3412150384,87982826610,89246900990,1264074380,91394976994
2019,전남,전남화순군,4676000,N,2233481162,30258368720,30747133140,488764420,32491849882
2019,전남,전남장흥군,4677000,N,19877801279,38958734340,39568517230,609782890,58836535619
2019,전남,전남강진군,4678000,N,11067078279,26187682510,27073289290,885606780,37254760789
2019,전남,전남해남군,4679000,N,66755077247,151579570159,176778415889,25198845730,218334647406
2019,전남,전남영암군,4680000,N,45919046139,5350478050,10095338260,4744860210,51269524189
2019,전남,전남무안군,4681000,N,8763245510,108187008040,112233122430,4046114390,116950253550
2019,전남,전남함평군,4682000,N,13645219269,868258437,1459078107,590819670,14513477706
2019,전남,전남영광군,4683000,N,73189626322,-6790255745,13410345571,20200601316,66399370577
2019,전남,전남장성군,4684000,N,7266988380,701756274,1112452664,410696390,7968744654
2019,전남,전남완도군,4685000,N,9117781784,21676465173,21757580943,81115770,30794246957
2019,전남,전남진도군,4686000,N,4893796998,73413111971,74611677861,1198565890,78306908969
2019,전남,전남신안군,4687000,N,2745017664,48374684572,48816718502,442033930,51119702236
2019,경북,경북본청,4700000,Y,1742362978455,84239604159,550763914995,466524310836,1826602582614
2019,경북,경북포항시,4711000,N,77325689660,2818431198,7741813387,4923382189,80144120858
2019,경북,경북경주시,4712000,N,37655373587,2768539051,7353021491,4584482440,40423912638
2019,경북,경북김천시,4713000,N,28421834301,14861168439,16696738849,1835570410,43283002740
2019,경북,경북안동시,4714000,N,22495773654,67635701174,69650991304,2015290130,90131474828
2019,경북,경북구미시,4715000,N,27639338409,1014846735,10751788735,9736942000,28654185144
2019,경북,경북영주시,4716000,N,8919894797,29863129881,31072706111,1209576230,38783024678
2019,경북,경북영천시,4717000,N,14117439659,80671096664,82355510094,1684413430,94788536323
2019,경북,경북상주시,4718000,N,63382195271,187899117559,189017338199,1118220640,251281312830
2019,경북,경북문경시,4719000,N,10103316708,2633805473,4549355633,1915550160,12737122181
2019,경북,경북경산시,4720000,N,28667414690,3713298085,7549311065,3836012980,32380712775
2019,경북,경북군위군,4771000,N,1505441310,25011512956,25328312496,316799540,26516954266
2019,경북,경북의성군,4772000,N,1322346856,47645776502,49169457132,1523680630,48968123358
2019,경북,경북청송군,4773000,N,4358083730,667637634,700468434,32830800,5025721364
2019,경북,경북영양군,4774000,N,12367180509,39953049530,40757433450,804383920,52320230039
2019,경북,경북영덕군,4775000,N,2470462849,19494884503,19771301863,276417360,21965347352
2019,경북,경북청도군,4776000,N,3995762686,2507113423,3256437973,749324550,6502876109
2019,경북,경북고령군,4777000,N,3737294009,146957083,1390263063,1243305980,3884251092
2019,경북,경북성주군,4778000,N,7577238788,305580174,3751947984,3446367810,7882818962
2019,경북,경북칠곡군,4779000,N,5639271781,-119550628,252122862,371673490,5519721153
2019,경북,경북예천군,4780000,N,1872942200,912393744,3089390724,2176996980,2785335944
2019,경북,경북봉화군,4781000,N,15088653880,298592612,3720915873,3422323261,15387246492
2019,경북,경북울진군,4782000,N,6520862499,1708058181,3980133511,2272075330,8228920680
2019,경북,경북울릉군,4783000,N,1901763478,2264903110,3053807890,788904780,4166666588
2019,경남,경남본청,4800000,Y,438122087153,22575247548,180352762360,157777514812,460697334701
2019,경남,경남창원시,4811000,N,384601846841,10270983751,92470207376,82199223625,394872830592
2019,경남,경남진주시,4813000,N,215374808952,205806357510,208403022300,2596664790,421181166462
2019,경남,경남통영시,4815000,N,26787779439,876960090,2521516760,1644556670,27664739529
2019,경남,경남사천시,4816000,N,6002000548,-516952112,1996033658,2512985770,5485048436
2019,경남,경남김해시,4817000,N,30763843763,2373335769,11472708009,9099372240,33137179532
2019,경남,경남밀양시,4818000,N,30689930229,14295636252,16534141002,2238504750,44985566481
2019,경남,경남거제시,4819000,N,23164676886,71889963539,74807645049,2917681510,95054640425
2019,경남,경남양산시,4820000,N,49398060990,-3398661646,4762862687,8161524333,45999399344
2019,경남,경남의령군,4871000,N,20271656859,32701636098,33964769231,1263133133,52973292957
2019,경남,경남함안군,4872000,N,20047941418,27300152860,27920418650,620265790,47348094278
2019,경남,경남창녕군,4873000,N,20240851559,57967373545,59047674905,1080301360,78208225104
2019,경남,경남고성군,4874000,N,6295530352,51936828800,52557186640,620357840,58232359152
2019,경남,경남남해군,4875000,N,10654950967,14790211920,16682416650,1892204730,25445162887
2019,경남,경남하동군,4876000,N,2288459266,463368800,1457175350,993806550,2751828066
2019,경남,경남산청군,4877000,N,8479464470,160554110,1040102630,879548520,8640018580
2019,경남,경남함양군,4878000,N,16914476366,4654005665,5693137425,1039131760,21568482031
2019,경남,경남거창군,4879000,N,13133515400,160243008550,161015376780,772368230,173376523950
2019,경남,경남합천군,4880000,N,23321059127,40548908756,44814811756,4265903000,63869967883
2019,제주,제주본청,4900000,Y,1124814389608,145569785751,389023310687,243453524936,1270384175359
2020,서울,서울본청,1100000,Y,3545922162579,46246409913,2698550228510,2652303818597,3592168572492
2020,서울,서울종로구,1111000,N,157593645354,2255117648,14226645528,11971527880,159848763002
2020,서울,서울중구,1112000,N,40511027432,789178407,21680552397,20891373990,41300205839
2020,서울,서울용산구,1113000,N,40209211089,12049484176,28575541304,16526057128,52258695265
2020,서울,서울성동구,1114000,N,19420018774,6597033428,23027539792,16430506364,26017052202
2020,서울,서울광진구,1115000,N,123819106784,31753085262,65817183063,34064097801,155572192046
2020,서울,서울동대문구,1116000,N,29399799083,2747797499,17199470375,14451672876,32147596582
2020,서울,서울중랑구,1117000,N,28512128916,791157116,10819545119,10028388003,29303286032
2020,서울,서울성북구,1118000,N,26532758200,29138504010,35989933830,6851429820,55671262210
2020,서울,서울강북구,1119000,N,96805987034,21686315320,31491620510,9805305190,118492302354
2020,서울,서울도봉구,1120000,N,36779485276,515124794,25964847888,25449723094,37294610070
2020,서울,서울노원구,1121000,N,17221778575,8814958472,20411823307,11596864835,26036737047
2020,서울,서울은평구,1122000,N,28547553530,1252660504,13346326741,12093666237,29800214034
2020,서울,서울서대문구,1123000,N,54828774003,13683419672,28258017002,14574597330,68512193675
2020,서울,서울마포구,1124000,N,32632750134,29848128746,45899332192,16051203446,62480878880
2020,서울,서울양천구,1125000,N,119549708717,10426116855,31408498036,20982381181,129975825572
2020,서울,서울강서구,1126000,N,85354711839,29321120410,43377637634,14056517224,114675832249
2020,서울,서울구로구,1127000,N,43096007289,9997737705,38752555082,28754817377,53093744994
2020,서울,서울금천구,1128000,N,13696270785,20790755015,32601409365,11810654350,34487025800
2020,서울,서울영등포구,1129000,N,23096790789,3326787341,13305243169,9978455828,26423578130
2020,서울,서울동작구,1130000,N,93062780599,10266954358,38994617860,28727663502,103329734957
2020,서울,서울관악구,1131000,N,34746683985,14333088118,25090607618,10757519500,49079772103
2020,서울,서울서초구,1132000,N,220389856465,9846826109,53485425064,43638598955,230236682574
2020,서울,서울강남구,1133000,N,300532227257,26226366312,116822000444,90595634132,326758593569
2020,서울,서울송파구,1134000,N,48426277746,2968584540,19320123246,16351538706,51394862286
2020,서울,서울강동구,1135000,N,123984566590,-38824068153,16425496767,55249564920,85160498437
2020,부산,부산본청,2600000,Y,1101501054042,-170456946761,766841544648,937298491409,931044107281
2020,부산,부산중구,2611000,N,14494097743,32894954488,34036203928,1141249440,47389052231
2020,부산,부산서구,2612000,N,2222315647,7916692640,8429774270,513081630,10139008287
2020,부산,부산동구,2613000,N,5651979747,3529402510,5343606940,1814204430,9181382257
2020,부산,부산영도구,2614000,N,3392722742,-68527704,327548296,396076000,3324195038
2020,부산,부산부산진구,2615000,N,32918340660,-12156386874,2503149196,14659536070,20761953786
2020,부산,부산동래구,2616000,N,74668332750,-17501285470,2109550400,19610835870,57167047280
2020,부산,부산남구,2617000,N,6586730189,648670,914076660,913427990,6587378859
2020,부산,부산북구,2618000,N,27157983020,1529476430,3190831230,1661354800,28687459450
2020,부산,부산해운대구,2619000,N,22521445080,7650520039,13442898919,5792378880,30171965119
2020,부산,부산사하구,2620000,N,10272813060,-1144847786,1384975424,2529823210,9127965274
2020,부산,부산금정구,2621000,N,4000455039,-405696311,764131549,1169827860,3594758728
2020,부산,부산강서구,2622000,N,5026446525,32213316508,33122194618,908878110,37239763033
2020,부산,부산연제구,2623000,N,31102862530,-2239078920,7848497720,10087576640,28863783610
2020,부산,부산수영구,2624000,N,39564777750,-1871888410,1395839840,3267728250,37692889340
2020,부산,부산사상구,2625000,N,14992823652,-1163008124,4610500416,5773508540,13829815528
2020,부산,부산기장군,2671000,N,17919313873,-1953168234,1896206326,3849374560,15966145639
2020,대구,대구본청,2700000,Y,987098170095,447497747293,2702955726334,2255457979041,1434595917388
2020,대구,대구중구,2711000,N,40845126245,31944817880,32311238170,366420290,72789944125
2020,대구,대구동구,2712000,N,3524556279,-980695268,1622211222,2602906490,2543861011
2020,대구,대구서구,2713000,N,51067710216,21082719024,21694913864,612194840,72150429240
2020,대구,대구남구,2714000,N,21600957263,41224202863,42061674423,837471560,62825160126
2020,대구,대구북구,2715000,N,5623780451,5151649452,9934244822,4782595370,10775429903
2020,대구,대구수성구,2716000,N,72556608890,21721864162,50934358895,29212494733,94278473052
2020,대구,대구달서구,2717000,N,9588079000,-5652778239,3773775037,9426553276,3935300761
2020,대구,대구달성군,2771000,N,48069040941,47195107979,49346822399,2151714420,95264148920
2020,인천,인천본청,2800000,Y,1366920651793,102678697100,1383401281346,1280722584246,1469599348893
2020,인천,인천중구,2811000,N,23444869847,-2260510715,40617213704,42877724419,21184359132
2020,인천,인천동구,2812000,N,102584518818,8001762438,8928210912,926448474,110586281256
2020,인천,인천미추홀구,2813000,N,11501308452,-3169825486,1257572786,4427398272,8331482966
2020,인천,인천연수구,2814000,N,23148808799,-3956979390,96612026285,100569005675,19191829409
2020,인천,인천남동구,2815000,N,35210688863,-3351219925,150442406336,153793626261,31859468938
2020,인천,인천부평구,2816000,N,25335414505,-7666485850,136725413351,144391899201,17668928655
2020,인천,인천계양구,2817000,N,17813771526,-643347116,84326191960,84969539076,17170424410
2020,인천,인천서구,2818000,N,35858954478,-5930532779,147930477115,153861009894,29928421699
2020,인천,인천강화군,2871000,N,6424809072,-1989609267,20277371367,22266980634,4435199805
2020,인천,인천옹진군,2872000,N,12292398429,2376793080,10029058410,7652265330,14669191509
2020,광주,광주본청,2900000,Y,950445512268,-132062312872,208885918327,340948231199,818383199396
2020,광주,광주동구,2911000,N,38112990825,18024924776,18919703132,894778356,56137915601
2020,광주,광주서구,2912000,N,11499599473,-454367549,1362061998,1816429547,11045231924
2020,광주,광주남구,2913000,N,4504111006,20283196183,22600043265,2316847082,24787307189
2020,광주,광주북구,2914000,N,10806107575,417881372,4190415108,3772533736,11223988947
2020,광주,광주광산구,2915000,N,10813523255,-139629811,6346631155,6486260966,10673893444
2020,대전,대전본청,3000000,Y,1027940655028,34891616544,943356174490,908464557946,1062832271572
2020,대전,대전동구,3011000,N,16415095757,1692430318,4987834538,3295404220,18107526075
2020,대전,대전중구,3012000,N,19772285856,3357144615,5275140075,1917995460,23129430471
2020,대전,대전서구,3013000,N,92600246801,25982088746,71472266925,45490178179,118582335547
2020,대전,대전유성구,3014000,N,63524130639,3159607160,34996368080,31836760920,66683737799
2020,대전,대전대덕구,3015000,N,53791576315,8156862275,11323556705,3166694430,61948438590
2020,울산,울산본청,3100000,Y,1252426400337,-15127795331,636497396651,651625191982,1237298605006
2020,울산,울산중구,3111000,N,4560453637,-423877086,1705094180,2128971266,4136576551
2020,울산,울산남구,3112000,N,14310597978,-2598162461,2004980289,4603142750,11712435517
2020,울산,울산동구,3113000,N,4651645636,-302266419,45314851985,45617118404,4349379217
2020,울산,울산북구,3114000,N,6223086590,-1612541603,1992624156,3605165759,4610544987
2020,울산,울산울주군,3171000,N,9606290119,1093233749,4635668463,3542434714,10699523868
2020,세종,세종본청,3200000,Y,226249322076,51769727984,93047181867,41277453883,278019050060
2020,경기,경기본청,4100000,Y,4000619484730,-1171274223841,1464486950967,2635761174808,2829345260889
2020,경기,경기수원시,4111000,N,144867992836,233621036988,453914607556,220293570568,378489029824
2020,경기,경기성남시,4112000,N,523743784808,-29127010644,182208868773,211335879417,494616774164
2020,경기,경기의정부시,4113000,N,158052627481,11544232864,28859448164,17315215300,169596860345
2020,경기,경기안양시,4114000,N,303349729384,26869481482,128461168254,101591686772,330219210866
2020,경기,경기부천시,4115000,N,118670455781,-39508830163,32621536738,72130366901,79161625618
2020,경기,경기광명시,4116000,N,40699509489,-10747248716,4690815594,15438064310,29952260773
2020,경기,경기평택시,4117000,N,247350426803,49291257029,84080301159,34789044130,296641683832
2020,경기,경기동두천시,4118000,N,76059119645,-5365616442,11319450318,16685066760,70693503203
2020,경기,경기안산시,4119000,N,899525931759,-214998289968,37726311922,252724601890,684527641791
2020,경기,경기고양시,4120000,N,274927660556,93855841835,129007565045,35151723210,368783502391
2020,경기,경기과천시,4121000,N,231882859070,5511394610,14022802150,8511407540,237394253680
2020,경기,경기구리시,4122000,N,25840635312,8053673218,17896636755,9842963537,33894308530
2020,경기,경기남양주시,4123000,N,120291061976,-671296931,80722947539,81394244470,119619765045
2020,경기,경기오산시,4124000,N,32590387222,-5866924284,3602299366,9469223650,26723462938
2020,경기,경기시흥시,4125000,N,110543873255,43818103438,62299687376,18481583938,154361976693
2020,경기,경기군포시,4126000,N,34179949706,55675774693,70714103205,15038328512,89855724399
2020,경기,경기의왕시,4127000,N,33092852142,5408410287,15294932227,9886521940,38501262429
2020,경기,경기하남시,4128000,N,35304193597,35825496099,44531604058,8706107959,71129689696
2020,경기,경기용인시,4129000,N,279253736520,-68713026376,50900914420,119613940796,210540710144
2020,경기,경기파주시,4130000,N,160006528287,7277620910,12778109660,5500488750,167284149197
2020,경기,경기이천시,4131000,N,398948338783,3140084617,9210789165,6070704548,402088423400
2020,경기,경기안성시,4132000,N,28281955709,35985518256,43672314446,7686796190,64267473965
2020,경기,경기김포시,4133000,N,14237190225,199998690110,201559251370,1560561260,214235880335
2020,경기,경기화성시,4134000,N,142560291097,72081232866,127089351096,55008118230,214641523963
2020,경기,경기광주시,4135000,N,47391140884,13548166461,22790494191,9242327730,60939307345
2020,경기,경기양주시,4136000,N,12785108510,-5183650948,24353531152,29537182100,7601457562
2020,경기,경기포천시,4137000,N,342648539048,-9640532517,44542114673,54182647190,333008006531
2020,경기,경기여주시,4138000,N,194501820581,65499051887,102509368950,37010317063,260000872468
2020,경기,경기연천군,4175000,N,88149251499,-5282354422,13525175568,18807529990,82866897077
2020,경기,경기가평군,4177000,N,50745207473,10716297428,24528103505,13811806077,61461504901
2020,경기,경기양평군,4178000,N,28672350675,7543117257,16952453947,9409336690,36215467932
2020,강원,강원본청,4200000,Y,959469697743,-272507066703,751415515473,1023922582176,686962631040
2020,강원,강원춘천시,4211000,N,90394108269,6029424090,56861269577,50831845487,96423532359
2020,강원,강원원주시,4212000,N,41406292122,-6186996189,5156732501,11343728690,35219295933
2020,강원,강원강릉시,4213000,N,19147437650,-7249119103,3241008527,10490127630,11898318547
2020,강원,강원동해시,4214000,N,14884048899,-1674115821,2646776659,4320892480,13209933078
2020,강원,강원태백시,4215000,N,18517519116,-185565077,551876313,737441390,18331954039
2020,강원,강원속초시,4216000,N,28348930123,13946080117,25627144167,11681064050,42295010240
2020,강원,강원삼척시,4217000,N,11710172375,49911908,581173408,531261500,11760084283
2020,강원,강원홍천군,4271000,N,49253135976,3260750492,5506421477,2245670985,52513886468
2020,강원,강원횡성군,4272000,N,69915738706,-12959961942,16711403178,29671365120,56955776764
2020,강원,강원영월군,4273000,N,40446076724,-6643160747,1101060623,7744221370,33802915977
2020,강원,강원평창군,4274000,N,23384729947,-7586567877,7406823154,14993391031,15798162070
2020,강원,강원정선군,4275000,N,45303664410,-933085874,937733626,1870819500,44370578536
2020,강원,강원철원군,4276000,N,9908019931,-1748940879,1220200320,2969141199,8159079052
2020,강원,강원화천군,4277000,N,60551002475,-56489690572,21897366030,78387056602,4061311903
2020,강원,강원양구군,4278000,N,50932350925,17695956605,45250431925,27554475320,68628307530
2020,강원,강원인제군,4279000,N,62392460335,-40071036923,8742842738,48813879661,22321423412
2020,강원,강원고성군,4280000,N,25300882704,-15934100641,431326339,16365426980,9366782063
2020,강원,강원양양군,4281000,N,59818422874,-19480285811,7459783237,26940069048,40338137063
2020,충북,충북본청,4300000,Y,928656783263,81702058545,330364325365,248662266820,1010358841808
2020,충북,충북충주시,4312000,N,16232566839,-2061663573,2657849547,4719513120,14170903266
2020,충북,충북제천시,4313000,N,64439497922,1831070003,59333055207,57501985204,66270567925
2020,충북,충북청주시,4314000,N,254109173174,91864980961,180763115091,88898134130,345974154135
2020,충북,충북보은군,4372000,N,29871033346,7652859708,18971895868,11319036160,37523893054
2020,충북,충북옥천군,4373000,N,22153592240,202417030,3663792650,3461375620,22356009270
2020,충북,충북영동군,4374000,N,42096713850,-17264866975,14653652945,31918519920,24831846875
2020,충북,충북진천군,4375000,N,7590815474,-930369633,1580013937,2510383570,6660445841
2020,충북,충북괴산군,4376000,N,45294646770,-21385963290,7947108540,29333071830,23908683480
2020,충북,충북음성군,4377000,N,11741473854,-377170047,2798570123,3175740170,11364303807
2020,충북,충북단양군,4378000,N,5245756790,-604771550,785912370,1390683920,4640985240
2020,충북,충북증평군,4379000,N,10509267425,-4687314591,1067618269,5754932860,5821952834
2020,충남,충남본청,4400000,Y,813133235166,-8526679864,356340191886,364866871750,804606555302
2020,충남,충남천안시,4411000,N,74841422226,-5208062933,17704135536,22912198469,69633359293
2020,충남,충남공주시,4412000,N,80936788400,13326647654,55381717304,42055069650,94263436054
2020,충남,충남보령시,4413000,N,64752259801,-20759501413,34181476071,54940977484,43992758388
2020,충남,충남아산시,4414000,N,49622880711,112757083020,137650394844,24893311824,162379963731
2020,충남,충남서산시,4415000,N,94738988337,-4393413851,19862412869,24255826720,90345574486
2020,충남,충남논산시,4416000,N,67763146576,-14494167873,2248109292,16742277165,53268978703
2020,충남,충남계룡시,4417000,N,53979371840,-9965977441,5307350379,15273327820,44013394399
2020,충남,충남당진시,4418000,N,74192041758,-7204995793,16798273285,24003269078,66987045965
2020,충남,충남금산군,4471000,N,76279850271,-28895798350,48174783870,77070582220,47384051921
2020,충남,충남부여군,4473000,N,172666060697,-55530070930,32603507310,88133578240,117135989767
2020,충남,충남서천군,4474000,N,49842516420,2876671214,29411924684,26535253470,52719187634
2020,충남,충남청양군,4475000,N,68031660059,-19066122893,32642040977,51708163870,48965537166
2020,충남,충남홍성군,4476000,N,74021500276,-9714703163,5724823417,15439526580,64306797113
2020,충남,충남예산군,4477000,N,42288313468,-12416719437,4698947348,17115666785,29871594031
2020,충남,충남태안군,4478000,N,3867498997,11498100980,15731715330,4233614350,15365599977
2020,전북,전북본청,4500000,Y,1000556565971,-69550775780,305084134575,374634910355,931005790191
2020,전북,전북전주시,4511000,N,73861544537,-34460756180,54590407074,89051163254,39400788357
2020,전북,전북군산시,4512000,N,90263274677,-31881791872,65296955465,97178747337,58381482805
2020,전북,전북익산시,4513000,N,61803007307,-31445900636,57045594114,88491494750,30357106671
2020,전북,전북정읍시,4514000,N,58915338694,-4418460660,17739182690,22157643350,54496878034
2020,전북,전북남원시,4515000,N,10405665802,997905239,3179308162,2181402923,11403571041
2020,전북,전북김제시,4516000,N,69285736852,23822529430,53111769700,29289240270,93108266282
2020,전북,전북완주군,4571000,N,12941452964,13164701410,28825475320,15660773910,26106154374
2020,전북,전북진안군,4572000,N,12933909206,12674428524,14719775319,2045346795,25608337730
2020,전북,전북무주군,4573000,N,13833367489,-2058746451,3928692849,5987439300,11774621038
2020,전북,전북장수군,4574000,N,44971104796,-4296965407,1663489973,5960455380,40674139389
2020,전북,전북임실군,4575000,N,9963963939,7142927764,14734267800,7591340036,17106891703
2020,전북,전북순창군,4576000,N,27944025216,-83782344,1140676000,1224458344,27860242872
2020,전북,전북고창군,4577000,N,53345872940,-40327496768,2217572492,42545069260,13018376172
2020,전북,전북부안군,4578000,N,11532555273,370818884,1842441194,1471622310,11903374157
2020,전남,전남본청,4600000,Y,1400454254759,69134962452,620091446097,550956483645,1469589217211
2020,전남,전남목포시,4611000,N,55434858836,-3364608016,25735523987,29100132003,52070250820
2020,전남,전남여수시,4612000,N,80869036602,46912575320,65751800521,18839225201,127781611922
2020,전남,전남순천시,4613000,N,124768813084,39041520332,84547529482,45506009150,163810333416
2020,전남,전남나주시,4614000,N,31829099403,-8267990500,2504525070,10772515570,23561108903
2020,전남,전남광양시,4615000,N,13356479436,-5806180261,3296901540,9103081801,7550299175
2020,전남,전남담양군,4671000,N,20840184009,-1242616399,2296583191,3539199590,19597567610
2020,전남,전남곡성군,4672000,N,35910322175,1568714011,16557153131,14988439120,37479036186
2020,전남,전남구례군,4673000,N,13302955197,-3992930580,2180561390,6173491970,9310024617
2020,전남,전남고흥군,4674000,N,73644812149,-31439162605,12214192535,43653355140,42205649544
2020,전남,전남보성군,4675000,N,91394976994,-29623804490,21889609410,51513413900,61771172504
2020,전남,전남화순군,4676000,N,32491849882,-15289962470,15666216150,30956178620,17201887412
2020,전남,전남장흥군,4677000,N,58829534630,-16663854351,6952642669,23616497020,42165680279
2020,전남,전남강진군,4678000,N,37254760789,2660139080,31902605850,29242466770,39914899869
2020,전남,전남해남군,4679000,N,218334647406,-35785818577,18441779573,54227598150,182548828829
2020,전남,전남영암군,4680000,N,51269524189,2894778613,7164030313,4269251700,54164302802
2020,전남,전남무안군,4681000,N,116950253550,1839990180,4825314470,2985324290,118790243730
2020,전남,전남함평군,4682000,N,14513477706,12811310070,13392894080,581584010,27324787776
2020,전남,전남영광군,4683000,N,65884910782,-1213182847,11310666829,12523849676,64671727935
2020,전남,전남장성군,4684000,N,7968744654,9514330137,10034516297,520186160,17483074791
2020,전남,전남완도군,4685000,N,30792018047,-18324118923,17295816737,35619935660,12467899124
2020,전남,전남진도군,4686000,N,78306908969,5206823430,5479651710,272828280,83513732399
2020,전남,전남신안군,4687000,N,51119702236,-46528403850,2483558810,49011962660,4591298386
2020,경북,경북본청,4700000,Y,1826602500380,-80096219734,661669302405,741765522139,1746506280646
2020,경북,경북포항시,4711000,N,80144120858,-17919960558,15720797441,33640757999,62224160300
2020,경북,경북경주시,4712000,N,40423912638,2644063818,7511754358,4867690540,43067976456
2020,경북,경북김천시,4713000,N,43283003831,2725155338,4005441058,1280285720,46008159169
2020,경북,경북안동시,4714000,N,90131474828,4324845151,8192302301,3867457150,94456319979
2020,경북,경북구미시,4715000,N,28654185144,-10353749161,8246342456,18600091617,18300435983
2020,경북,경북영주시,4716000,N,38783024678,26713413273,76402625107,49689211834,65496437951
2020,경북,경북영천시,4717000,N,94783990233,16375188160,20641969560,4266781400,111159178393
2020,경북,경북상주시,4718000,N,251281312830,25529025847,146428592527,120899566680,276810338677
2020,경북,경북문경시,4719000,N,12737122181,2672859440,3851528810,1178669370,15409981621
2020,경북,경북경산시,4720000,N,32380712775,-5094544278,3465309854,8559854132,27286168497
2020,경북,경북군위군,4771000,N,26516954266,18823054985,29439635975,10616580990,45340009251
2020,경북,경북의성군,4772000,N,48968123358,740695273,1066878483,326183210,49708818631
2020,경북,경북청송군,4773000,N,5025721364,517867350,584091850,66224500,5543588714
2020,경북,경북영양군,4774000,N,52320230039,-12624167500,949821640,13573989140,39696062539
2020,경북,경북영덕군,4775000,N,21929551532,-19802053918,304393518,20106447436,2127497614
2020,경북,경북청도군,4776000,N,6359316870,1841287629,3055405889,1214118260,8200604499
2020,경북,경북고령군,4777000,N,3884251092,759763612,1445810782,686047170,4644014704
2020,경북,경북성주군,4778000,N,7882818962,33186162600,36558594040,3372431440,41068981562
2020,경북,경북칠곡군,4779000,N,5519721153,-2549132734,1089728956,3638861690,2970588419
2020,경북,경북예천군,4780000,N,2785335944,1526914925,2551441083,1024526158,4312250869
2020,경북,경북봉화군,4781000,N,15387246492,5391197903,8594945143,3203747240,20778444395
2020,경북,경북울진군,4782000,N,8228920680,84294250623,86996877263,2702626640,92523171303
2020,경북,경북울릉군,4783000,N,4166623938,134415690,692510490,558094800,4301039628
2020,경남,경남본청,4800000,Y,460697334701,-15604568260,315558098698,331162666958,445092766441
2020,경남,경남창원시,4811000,N,394872830592,42541572921,202200247709,159658674788,437414403513
2020,경남,경남진주시,4813000,N,421181166462,-102601805660,98535849910,201137655570,318579360802
2020,경남,경남통영시,4815000,N,27664739529,-211617397,9893662871,10105280268,27453122132
2020,경남,경남사천시,4816000,N,5485048436,-165788679,8199506022,8365294701,5319259757
2020,경남,경남김해시,4817000,N,33137179532,-3234800832,36404888258,39639689090,29902378700
2020,경남,경남밀양시,4818000,N,44985566481,21519925601,108854930461,87335004860,66505492082
2020,경남,경남거제시,4819000,N,95054640425,-38130594064,53412664506,91543258570,56924046361
2020,경남,경남양산시,4820000,N,45999399344,12232808293,39020352111,26787543818,58232207637
2020,경남,경남의령군,4871000,N,52973292957,1582060035,4990345720,3408285685,54555352992
2020,경남,경남함안군,4872000,N,47357154898,-9313383750,24054575730,33367959480,38043771148
2020,경남,경남창녕군,4873000,N,78208225104,-55816617646,5607487662,61424105308,22391607458
2020,경남,경남고성군,4874000,N,58232359152,-20863480605,10030482030,30893962635,37368878547
2020,경남,경남남해군,4875000,N,25445162887,36431000412,58974075290,22543074878,61876163299
2020,경남,경남하동군,4876000,N,2751828066,213101579,3152476400,2939374821,2964929645
2020,경남,경남산청군,4877000,N,8640018580,1356021800,5664841110,4308819310,9996040380
2020,경남,경남함양군,4878000,N,21568482031,-9201033641,5568838419,14769872060,12367448390
2020,경남,경남거창군,4879000,N,173379956590,-5431450152,15232478890,20663929042,167948506438
2020,경남,경남합천군,4880000,N,62574414797,-9350854913,38984204513,48335059426,53223559884
2020,제주,제주본청,4900000,Y,1270384175359,53357357273,453865711856,400508354583,1323741532632
2021,서울,서울본청,1100000,Y,3592168572492,1452294193070,3190409331994,1738115138924,5044462765562
2021,서울,서울종로구,1111000,N,159848763002,685528293,23375885833,22690357540,160534291295
2021,서울,서울중구,1112000,N,41300205839,-954241234,14913641204,15867882438,40345964605
2021,서울,서울용산구,1113000,N,52258695265,20491502937,40720602587,20229099650,72750198202
2021,서울,서울성동구,1114000,N,26017052202,7961502402,21283928962,13322426560,33978554604
2021,서울,서울광진구,1115000,N,155572192046,12566873181,37923474848,25356601667,168139065227
2021,서울,서울동대문구,1116000,N,32147596582,31144271716,41800227924,10655956208,63291868298
2021,서울,서울중랑구,1117000,N,29303286032,1229026236,8565839223,7336812987,30532312268
2021,서울,서울성북구,1118000,N,55671262210,34683568614,44508333666,9824765052,90354830824
2021,서울,서울강북구,1119000,N,118492302354,33221345089,39894334377,6672989288,151713647443
2021,서울,서울도봉구,1120000,N,37118118714,1566660677,28485350007,26918689330,38684779391
2021,서울,서울노원구,1121000,N,26036737047,-1990944632,12065473469,14056418101,24045792415
2021,서울,서울은평구,1122000,N,29800214034,569421955,10914574585,10345152630,30369635989
2021,서울,서울서대문구,1123000,N,68512193675,17364980425,23752036553,6387056128,85877174100
2021,서울,서울마포구,1124000,N,62480878880,619083668,14490901902,13871818234,63099962548
2021,서울,서울양천구,1125000,N,129975825572,6927248798,50733655228,43806406430,136903074370
2021,서울,서울강서구,1126000,N,114675832249,67730095960,89966861900,22236765940,182405928209
2021,서울,서울구로구,1127000,N,53093744994,25337424074,59998804330,34661380256,78431169068
2021,서울,서울금천구,1128000,N,34487025800,4470419385,12732206255,8261786870,38957445185
2021,서울,서울영등포구,1129000,N,26423578130,8382292560,24919464662,16537172102,34805870690
2021,서울,서울동작구,1130000,N,103329734957,22377624399,39333463784,16955839385,125707359356
2021,서울,서울관악구,1131000,N,49079772103,14813402642,23458406910,8645004268,63893174745
2021,서울,서울서초구,1132000,N,230236682574,1631260212,25930823222,24299563010,231867942786
2021,서울,서울강남구,1133000,N,326758593569,61447079503,186016117614,124569038111,388205673072
2021,서울,서울송파구,1134000,N,51394862286,38235972926,55997510112,17761537186,89630835212
2021,서울,서울강동구,1135000,N,83130833053,-23136235066,26622527250,49758762316,59994597987
2021,부산,부산본청,2600000,Y,931044107281,100869916654,1057341213490,956471296836,1031914023935
2021,부산,부산중구,2611000,N,47389052231,14372121877,14655461427,283339550,61761174108
2021,부산,부산서구,2612000,N,10139008287,17960838145,18689153455,728315310,28099846432
2021,부산,부산동구,2613000,N,9181382257,12862314329,15516546469,2654232140,22043696586
2021,부산,부산영도구,2614000,N,3324195038,425788824,735411754,309622930,3749983862
2021,부산,부산부산진구,2615000,N,20552369074,4674850432,7399784692,2724934260,25227219506
2021,부산,부산동래구,2616000,N,56960985430,1533853250,6602716550,5068863300,58494838680
2021,부산,부산남구,2617000,N,6587378859,-69617432,874159080,943776512,6517761427
2021,부산,부산북구,2618000,N,28690654290,3580311130,4213885980,633574850,32270965420
2021,부산,부산해운대구,2619000,N,30171965119,21119164842,22038920307,919755465,51291129961
2021,부산,부산사하구,2620000,N,8823006044,1274576743,2780308613,1505731870,10097582787
2021,부산,부산금정구,2621000,N,3594758728,189021978,802933388,613911410,3783780706
2021,부산,부산강서구,2622000,N,37239763033,4525138435,5257949105,732810670,41764901468
2021,부산,부산연제구,2623000,N,28863783610,12943065700,16388275270,3445209570,41806849310
2021,부산,부산수영구,2624000,N,37692889340,-3388093170,1053705320,4441798490,34304796170
2021,부산,부산사상구,2625000,N,13829815528,9063797738,9653584338,589786600,22893613266
2021,부산,부산기장군,2671000,N,15966145639,1335365393,2297562953,962197560,17301511032
2021,대구,대구본청,2700000,Y,1434595917388,217888561367,1089536400643,871647839276,1652484478755
2021,대구,대구중구,2711000,N,72789944125,34959250965,35652307997,693057032,107749195090
2021,대구,대구동구,2712000,N,2543861011,25466101699,26017920829,551819130,28009962710
2021,대구,대구서구,2713000,N,72150429240,30532149725,31628195525,1096045800,102682578965
2021,대구,대구남구,2714000,N,62825151633,41094880110,41745286500,650406390,103920031743
2021,대구,대구북구,2715000,N,10775429903,14363208809,15967529499,1604320690,25138638712
2021,대구,대구수성구,2716000,N,94278473052,-2890108637,49839222113,52729330750,91388364415
2021,대구,대구달서구,2717000,N,3939070761,1111766291,1708735561,596969270,5050837052
2021,대구,대구달성군,2771000,N,95264148920,28148799970,49699525430,21550725460,123412948890
2021,인천,인천본청,2800000,Y,1469599348893,379177734255,816601275495,437423541240,1848777083148
2021,인천,인천중구,2811000,N,21184359132,9584370430,13272751385,3688380955,30768729562
2021,인천,인천동구,2812000,N,110586281256,19385300149,21286682097,1901381948,129971581405
2021,인천,인천미추홀구,2813000,N,8331482966,-681604673,1621936823,2303541496,7649878293
2021,인천,인천연수구,2814000,N,19191829409,3293217127,43308738302,40015521175,22485046536
2021,인천,인천남동구,2815000,N,31859468938,8517308843,14604026203,6086717360,40376777781
2021,인천,인천부평구,2816000,N,17668928655,60413050,2873502332,2813089282,17729341705
2021,인천,인천계양구,2817000,N,17170424410,-538180963,1075266417,1613447380,16632243447
2021,인천,인천서구,2818000,N,29928421699,39024336337,48950203776,9925867439,68952758036
2021,인천,인천강화군,2871000,N,4435199805,6798240664,7521320474,723079810,11233440469
2021,인천,인천옹진군,2872000,N,42877741459,975720027,10161045707,9185325680,43853461486
2021,광주,광주본청,2900000,Y,818383199396,171450733281,345797675323,174346942042,989833932677
2021,광주,광주동구,2911000,N,56137915601,-5545875544,2699769756,8245645300,50592040057
2021,광주,광주서구,2912000,N,11045231924,-623906266,1477771426,2101677692,10421325658
2021,광주,광주남구,2913000,N,24787307189,5921319211,9223197791,3301878580,30708626400
2021,광주,광주북구,2914000,N,11223988947,12611181158,20559918978,7948737820,23835170105
2021,광주,광주광산구,2915000,N,18673893444,3792401993,11175738153,7383336160,22466295437
2021,대전,대전본청,3000000,Y,1062832271572,62118892006,342323843306,280204951300,1124951163578
2021,대전,대전동구,3011000,N,18107526075,1210417133,6512562833,5302145700,19317943208
2021,대전,대전중구,3012000,N,23129430471,-5412579937,2742337553,8154917490,17716850534
2021,대전,대전서구,3013000,N,118582335547,1122589273,24033617672,22911028399,119704924820
2021,대전,대전유성구,3014000,N,66683737799,3959981760,18842612920,14882631160,70643719559
2021,대전,대전대덕구,3015000,N,33746965859,10559957022,13827513852,3267556830,44306922881
2021,울산,울산본청,3100000,Y,1237298605006,9576869881,472093599011,462516729130,1246875474887
2021,울산,울산중구,3111000,N,4136576551,765172620,3412239100,2647066480,4901749171
2021,울산,울산남구,3112000,N,11712435516,-1514000215,2497753695,4011753910,10198435301
2021,울산,울산동구,3113000,N,4349379217,79661488,1492158168,1412496680,4429040705
2021,울산,울산북구,3114000,N,4610544987,1905576549,3295714829,1390138280,6516121536
2021,울산,울산울주군,3171000,N,10699523868,1612621300,8341564290,6728942990,12312145168
2021,세종,세종본청,3200000,Y,278019050060,262315722540,298480695641,36164973101,540334772600
2021,경기,경기본청,4100000,Y,2829345260889,2854398843182,4152228420464,1297829577282,5683744104071
2021,경기,경기수원시,4111000,N,378489029824,188369155804,244140355889,55771200085,566858185628
2021,경기,경기성남시,4112000,N,494616774164,271405364328,541816462092,270411097764,766022138492
2021,경기,경기의정부시,4113000,N,169596860345,21085537242,40581936794,19496399552,190682397587
2021,경기,경기안양시,4114000,N,330219210866,178011751004,188374405044,10362654040,508230961870
2021,경기,경기부천시,4115000,N,79161625618,159718981882,193215949692,33496967810,238880607500
2021,경기,경기광명시,4116000,N,29952260773,64446865766,69435397016,4988531250,94399126539
2021,경기,경기평택시,4117000,N,296968646832,81687979109,116369420319,34681441210,378656625941
2021,경기,경기동두천시,4118000,N,70693503203,99394233514,101043123464,1648889950,170087736717
2021,경기,경기안산시,4119000,N,684527641791,-191574449594,22940764056,214515213650,492953192197
2021,경기,경기고양시,4120000,N,368783502391,175011462316,236611300971,61599838655,543794964707
2021,경기,경기과천시,4121000,N,173394253680,94661956637,118512332484,23850375847,268056210317
2021,경기,경기구리시,4122000,N,33894308530,128660735429,136708747039,8048011610,162555043959
2021,경기,경기남양주시,4123000,N,119619765045,52903349427,64733865817,11830516390,172523114472
2021,경기,경기오산시,4124000,N,23099346633,-1542198719,6362411761,7904610480,21557147914
2021,경기,경기시흥시,4125000,N,154361976693,141920866582,150035904552,8115037970,296282843275
2021,경기,경기군포시,4126000,N,89855724399,44008326609,64074334969,20066008360,133864051008
2021,경기,경기의왕시,4127000,N,37401262429,52446594250,55274235420,2827641170,89847856679
2021,경기,경기하남시,4128000,N,69930940653,112942507546,117272201426,4329693880,182873448199
2021,경기,경기용인시,4129000,N,210540710144,-117198989,48924411246,49041610235,210423511155
2021,경기,경기파주시,4130000,N,167284149197,-65869270521,6696936439,72566206960,101414878676
2021,경기,경기이천시,4131000,N,402088423400,-47542184668,89017798952,136559983620,354546238732
2021,경기,경기안성시,4132000,N,64267473965,97353361265,100491272945,3137911680,161620835230
2021,경기,경기김포시,4133000,N,214235880335,-40021076100,5969520600,45990596700,174214804235
2021,경기,경기화성시,4134000,N,214641523963,187981965052,213443562196,25461597144,402623489015
2021,경기,경기광주시,4135000,N,53387583031,88711469282,93669863852,4958394570,142099052313
2021,경기,경기양주시,4136000,N,7596346942,2438757816,5329823796,2891065980,10035104758
2021,경기,경기포천시,4137000,N,332503147651,12698618379,23922121769,11223503390,345201766030
2021,경기,경기여주시,4138000,N,260000872468,85772650883,147761533350,61988882467,345773523351
2021,경기,경기연천군,4175000,N,82866897077,37182245146,49139622316,11957377170,120049142223
2021,경기,경기가평군,4177000,N,46606214950,92714823612,102526285052,9811461440,139321038562
2021,경기,경기양평군,4178000,N,36215467932,16773651826,34142820126,17369168300,52989119758
2021,강원,강원본청,4200000,Y,686962631040,-89174194215,695776799930,784950994145,597788436825
2021,강원,강원춘천시,4211000,N,96423532359,42626899107,72936444823,30309545716,139050431466
2021,강원,강원원주시,4212000,N,35219295933,116637828906,125810334806,9172505900,151857124839
2021,강원,강원강릉시,4213000,N,11893237589,25768310030,28842412420,3074102390,37661547619
2021,강원,강원동해시,4214000,N,13209933078,126378678,4547075993,4420697315,13336311756
2021,강원,강원태백시,4215000,N,18331953660,181870797,512261607,330390810,18513824457
2021,강원,강원속초시,4216000,N,42295010240,-2331281810,8590238947,10921520757,39963728430
2021,강원,강원삼척시,4217000,N,11087270732,422922300,648356640,225434340,11510193032
2021,강원,강원홍천군,4271000,N,52513886468,7005641461,23715283237,16709641776,59519527929
2021,강원,강원횡성군,4272000,N,62191798705,1998875759,12811544999,10812669240,64190674464
2021,강원,강원영월군,4273000,N,33802915977,-10804809659,4240358211,15045167870,22998106318
2021,강원,강원평창군,4274000,N,15798162070,-1510207460,1973112720,3483320180,14287954610
2021,강원,강원정선군,4275000,N,44370578536,21390609792,21505003242,114393450,65761188328
2021,강원,강원철원군,4276000,N,8159079052,4235048354,7297650282,3062601928,12394127406
2021,강원,강원화천군,4277000,N,4095323141,-1157886133,3668999328,4826885461,2937437008
2021,강원,강원양구군,4278000,N,68628307530,-3875210320,9611761010,13486971330,64753097210
2021,강원,강원인제군,4279000,N,22321423412,7864588470,16701478376,8836889906,30186011882
2021,강원,강원고성군,4280000,N,9366782063,3488065285,7434851395,3946786110,12854847348
2021,강원,강원양양군,4281000,N,40338137063,-2539243399,8534764831,11074008230,37798893664
2021,충북,충북본청,4300000,Y,1010358841821,20443458887,319784013172,299340554285,1030802300708
2021,충북,충북충주시,4312000,N,14170903266,45056572475,47611501835,2554929360,59227475741
2021,충북,충북제천시,4313000,N,66270567925,20552005759,45512361765,24960356006,86822573684
2021,충북,충북청주시,4314000,N,345974154135,-70645134271,204382698641,275027832912,275329019864
2021,충북,충북보은군,4372000,N,37523893054,22678995928,34963934878,12284938950,60202888982
2021,충북,충북옥천군,4373000,N,22355980310,16139164740,17778919600,1639754860,38495145050
2021,충북,충북영동군,4374000,N,24794423815,-4611710800,1609489480,6221200280,20182713015
2021,충북,충북진천군,4375000,N,6660445841,16259585977,16726250037,466664060,22920031818
2021,충북,충북괴산군,4376000,N,23908692480,-6841413730,1936412620,8777826350,17067278750
2021,충북,충북음성군,4377000,N,11364303807,14256202030,17898961670,3642759640,25620505837
2021,충북,충북단양군,4378000,N,4640985256,-154868557,426307983,581176540,4486116699
2021,충북,충북증평군,4379000,N,5821952834,2254625586,3282284586,1027659000,8076578420
2021,충남,충남본청,4400000,Y,804606555302,53273139903,351356618856,298083478953,857879695205
2021,충남,충남천안시,4411000,N,82040427112,26987371439,37257529725,10270158286,109027798551
2021,충남,충남공주시,4412000,N,94263436054,33911290830,72307308190,38396017360,128174726884
2021,충남,충남보령시,4413000,N,43945967812,-2889476293,20818604317,23708080610,41056491519
2021,충남,충남아산시,4414000,N,162379963731,6606429775,44366887319,37760457544,168986393506
2021,충남,충남서산시,4415000,N,90345574486,-1595750766,37381519884,38977270650,88749823720
2021,충남,충남논산시,4416000,N,53268978703,-30861851365,53894408435,84756259800,22407127338
2021,충남,충남계룡시,4417000,N,44013394949,22683919633,38368421763,15684502130,66697314582
2021,충남,충남당진시,4418000,N,66987045965,-8532632919,33995926146,42528559065,58454413046
2021,충남,충남금산군,4471000,N,49942429607,-8064294941,26007971079,34072266020,41878134666
2021,충남,충남부여군,4473000,N,117135989767,-32589899518,50942283142,83532182660,84546090249
2021,충남,충남서천군,4474000,N,52719187634,-8448431206,10874081644,19322512850,44270756428
2021,충남,충남청양군,4475000,N,48965747636,7614533212,23828814892,16214281680,56580280848
2021,충남,충남홍성군,4476000,N,64306797113,-3257890626,11174034234,14431924860,61048906487
2021,충남,충남예산군,4477000,N,29871594031,-1810459452,28158674788,29969134240,28061134579
2021,충남,충남태안군,4478000,N,15354059759,7611378481,13222993161,5611614680,22965438240
2021,전북,전북본청,4500000,Y,931005790191,17615999793,269439922628,251823922835,948621789984
2021,전북,전북전주시,4511000,N,39400788357,10340979388,43021213510,32680234122,49741767745
2021,전북,전북군산시,4512000,N,58322559436,65710925467,128196394186,62485468719,124033484903
2021,전북,전북익산시,4513000,N,52255259653,-15583960631,18016206369,33600167000,36671299022
2021,전북,전북정읍시,4514000,N,54496878034,33665260862,61383120772,27717859910,88162138896
2021,전북,전북남원시,4515000,N,11403571041,-992516954,1638326076,2630843030,10411054087
2021,전북,전북김제시,4516000,N,67453977172,-8113184815,38175892878,46289077693,59340792357
2021,전북,전북완주군,4571000,N,26106154374,12213478265,26106870255,13893391990,38319632639
2021,전북,전북진안군,4572000,N,25608337730,2046356018,3565230660,1518874642,27654693748
2021,전북,전북무주군,4573000,N,11774621038,2226988286,21453710056,19226721770,14001609324
2021,전북,전북장수군,4574000,N,39696296523,-23727122698,3926392722,27653515420,15969173825
2021,전북,전북임실군,4575000,N,15621486546,2419614597,2931871257,512256660,18041101143
2021,전북,전북순창군,4576000,N,27860242872,-17735332603,1379582098,19114914701,10124910269
2021,전북,전북고창군,4577000,N,12910433892,5841727606,7797359306,1955631700,18752161498
2021,전북,전북부안군,4578000,N,11903374157,554741947,6934685447,6379943500,12458116104
2021,전남,전남본청,4600000,Y,1469589217211,121495614254,796945910856,675450296602,1591084831465
2021,전남,전남목포시,4611000,N,52070250820,93355788006,117035762386,23679974380,145426038826
2021,전남,전남여수시,4612000,N,127781611922,-32901398115,59043732325,91945130440,94880213807
2021,전남,전남순천시,4613000,N,163810333416,14744765141,37822524091,23077758950,178555098557
2021,전남,전남나주시,4614000,N,23561108903,959540090,1881322430,921782340,24520648993
2021,전남,전남광양시,4615000,N,7550299175,19702963261,25398657161,5695693900,27253262436
2021,전남,전남담양군,4671000,N,6097567614,3859844332,6639901262,2780056930,9957411946
2021,전남,전남곡성군,4672000,N,27429550263,9491078982,11346466410,1855387428,36920629245
2021,전남,전남구례군,4673000,N,9310024323,10684792500,12327290290,1642497790,19994816823
2021,전남,전남고흥군,4674000,N,42205649544,-5956467946,1846178044,7802645990,36249181598
2021,전남,전남보성군,4675000,N,61573672504,8187164755,46692517105,38505352350,69760837259
2021,전남,전남화순군,4676000,N,17201887412,11932401120,17780560890,5848159770,29134288532
2021,전남,전남장흥군,4677000,N,42165677739,3661036930,5915995100,2254958170,45826714669
2021,전남,전남강진군,4678000,N,39914899869,2100487160,19993142600,17892655440,42015387029
2021,전남,전남해남군,4679000,N,182548828829,-23542552452,42455980618,65998533070,159006276377
2021,전남,전남영암군,4680000,N,54164302802,263118599,4268945849,4005827250,54427421401
2021,전남,전남무안군,4681000,N,118790243730,-46208718910,10285220090,56493939000,72581524820
2021,전남,전남함평군,4682000,N,27324787776,3649398920,14160070430,10510671510,30974186696
2021,전남,전남영광군,4683000,N,64671727935,2614376866,12521103598,9906726732,67286104801
2021,전남,전남장성군,4684000,N,17483074791,4956276600,14267265580,9310988980,22439351391
2021,전남,전남완도군,4685000,N,12467899124,5054517181,13007320511,7952803330,17522416305
2021,전남,전남진도군,4686000,N,83513732399,-64164682798,4261578282,68426261080,19349049601
2021,전남,전남신안군,4687000,N,4591298386,3888062065,5119340765,1231278700,8479360451
2021,경북,경북본청,4700000,Y,1746506280646,108805912764,677323971304,568518058540,1855312193410
2021,경북,경북포항시,4711000,N,62224160300,3599194205,16326287109,12727092904,65823354505
2021,경북,경북경주시,4712000,N,43067976456,83950648960,95480923276,11530274316,127018625416
2021,경북,경북김천시,4713000,N,46008159169,17921210771,19540794821,1619584050,63929369940
2021,경북,경북안동시,4714000,N,94456319979,33455683203,36758095803,3302412600,127912003182
2021,경북,경북구미시,4715000,N,18300435124,137880252480,140294653281,2414400801,156180687604
2021,경북,경북영주시,4716000,N,65496437951,32645170161,38207903041,5562732880,98141608112
2021,경북,경북영천시,4717000,N,111159178393,36001750559,37581773259,1580022700,147160928952
2021,경북,경북상주시,4718000,N,276810338677,479808430,7522833920,7043025490,277290147107
2021,경북,경북문경시,4719000,N,15409981621,5889274631,6914387947,1025113316,21299256252
2021,경북,경북경산시,4720000,N,30325498557,25051314716,29591715550,4540400834,55376813273
2021,경북,경북군위군,4771000,N,45340001091,10766763290,10830735267,63971977,56106764381
2021,경북,경북의성군,4772000,N,49702866631,24253468217,24758274167,504805950,73956334848
2021,경북,경북청송군,4773000,N,5543588714,117264140,166578140,49314000,5660852854
2021,경북,경북영양군,4774000,N,39696062539,652431040,1613969390,961538350,40348493579
2021,경북,경북영덕군,4775000,N,2127497614,13179252868,13862618868,683366000,15306750482
2021,경북,경북청도군,4776000,N,8139693176,22316145002,23101025061,784880059,30455838178
2021,경북,경북고령군,4777000,N,4331225793,-120364455,574566235,694930690,4210861338
2021,경북,경북성주군,4778000,N,41068981562,-10270090917,5469448063,15739538980,30798890645
2021,경북,경북칠곡군,4779000,N,2970588419,684274464,1018699914,334425450,3654862883
2021,경북,경북예천군,4780000,N,4312250587,5491561407,7456930643,1965369236,9803811994
2021,경북,경북봉화군,4781000,N,20778444395,19448418266,23624717495,4176299229,40226862661
2021,경북,경북울진군,4782000,N,92523171303,8694905788,19027425898,10332520110,101218077091
2021,경북,경북울릉군,4783000,N,4301039628,20491009320,20601899920,110890600,24792048948
2021,경남,경남본청,4800000,Y,445092766441,97606149836,282657836494,185051686658,542698916277
2021,경남,경남창원시,4811000,N,418909035707,-9609289141,127026142501,136635431642,409299746566
2021,경남,경남진주시,4813000,N,318579360802,-95385270960,310825385210,406210656170,223194089842
2021,경남,경남통영시,4815000,N,27453122132,717644497,13180235821,12462591324,28170766629
2021,경남,경남사천시,4816000,N,5319259757,4918597119,6521966887,1603369768,10237856876
2021,경남,경남김해시,4817000,N,29366310219,13506091585,29505773310,15999681725,42872401804
2021,경남,경남밀양시,4818000,N,66438873482,48352283283,78164980373,29812697090,114791156765
2021,경남,경남거제시,4819000,N,56924046361,5696523258,74165867480,68469344222,62620569619
2021,경남,경남양산시,4820000,N,58232279898,-1361309376,9108383289,10469692665,56870970522
2021,경남,경남의령군,4871000,N,17859035922,55572217512,57214307382,1642089870,73431253434
2021,경남,경남함안군,4872000,N,38044026828,-6373693384,18884857622,25258551006,31670333444
2021,경남,경남창녕군,4873000,N,22391607458,28711840522,29932620089,1220779567,51103447980
2021,경남,경남고성군,4874000,N,37368878547,6186751220,17619765140,11433013920,43555629767
2021,경남,경남남해군,4875000,N,61876163299,-8321509505,14719613255,23041122760,53554653794
2021,경남,경남하동군,4876000,N,2964929645,3220538988,7090478180,3869939192,6185468633
2021,경남,경남산청군,4877000,N,4708578790,30616425500,31109206520,492781020,35325004290
2021,경남,경남함양군,4878000,N,12367448390,442091000,1630728200,1188637200,12809539390
2021,경남,경남거창군,4879000,N,167948506438,-18156930520,44635765580,62792696100,149791575918
2021,경남,경남합천군,4880000,N,53223559884,2821737641,26629513693,23807776052,56045297525
2021,제주,제주본청,4900000,Y,1312800594353,214775247803,530345110047,315569862244,1527575842156
2022,서울,서울본청,1100000,Y,5037835017056,2170246002309,4853111363138,2682865360829,7208081019365
2022,서울,서울종로구,1111000,N,160534291295,83035580079,97078223339,14042643260,243569871374
2022,서울,서울중구,1112000,N,40345964605,3074856373,13244803980,10169947607,43420820978
2022,서울,서울용산구,1113000,N,72750198202,87943223464,178308660171,90365436707,160693421666
2022,서울,서울성동구,1114000,N,33978554604,4587115098,23499057708,18911942610,38565669702
2022,서울,서울광진구,1115000,N,168139065227,25251606210,75899824284,50648218074,193390671437
2022,서울,서울동대문구,1116000,N,63228979652,44913384548,55552440613,10639056065,108142364200
2022,서울,서울중랑구,1117000,N,30532312268,13479918356,23123245012,9643326656,44012230624
2022,서울,서울성북구,1118000,N,90354830824,54337472513,63463067840,9125595327,144692303337
2022,서울,서울강북구,1119000,N,151713647443,73083977181,79363177670,6279200489,224797624624
2022,서울,서울도봉구,1120000,N,38619490191,10970381546,35848618967,24878237421,49589871737
2022,서울,서울노원구,1121000,N,24045792415,1032754172,9223502855,8190748683,25078546587
2022,서울,서울은평구,1122000,N,30369635989,5111315098,14026120868,8914805770,35480951087
2022,서울,서울서대문구,1123000,N,85877174100,64093931473,73983333033,9889401560,149971105573
2022,서울,서울마포구,1124000,N,63099962548,3696769260,15493241810,11796472550,66796731808
2022,서울,서울양천구,1125000,N,136903074370,50172336884,84121159184,33948822300,187075411254
2022,서울,서울강서구,1126000,N,182405928209,39177655221,78479957190,39302301969,221583583430
2022,서울,서울구로구,1127000,N,78431169068,-12642078607,46719294044,59361372651,65789090461
2022,서울,서울금천구,1128000,N,38957445185,1003084753,10937544445,9934459692,39960529938
2022,서울,서울영등포구,1129000,N,34805870690,-1816972020,29809335568,31626307588,32988898670
2022,서울,서울동작구,1130000,N,125707359356,37116467922,64461634635,27345166713,162823827278
2022,서울,서울관악구,1131000,N,63893174745,15790703467,31761811942,15971108475,79683878212
2022,서울,서울서초구,1132000,N,231336232440,9166630727,37653424657,28486793930,240502863167
2022,서울,서울강남구,1133000,N,388205673072,18429843796,66067810292,47637966496,406635516868
2022,서울,서울송파구,1134000,N,89630835212,7831996924,59536426704,51704429780,97462832136
2022,서울,서울강동구,1135000,N,59994597987,17364189358,41406791303,24042601945,77358787345
2022,부산,부산본청,2600000,Y,1031914023935,41854083787,1207751449498,1165897365711,1073768107722
2022,부산,부산중구,2611000,N,61761174108,48100287400,48325639230,225351830,109861461508
2022,부산,부산서구,2612000,N,28099846432,51481386699,52141962099,660575400,79581233131
2022,부산,부산동구,2613000,N,22023696586,24771098848,28246644978,3475546130,46794795434
2022,부산,부산영도구,2614000,N,3749983862,26496900671,26944822071,447921400,30246884533
2022,부산,부산부산진구,2615000,N,25227219515,30419727680,41917200410,11497472730,55646947195
2022,부산,부산동래구,2616000,N,58494838680,11267206840,19464786150,8197579310,69762045520
2022,부산,부산남구,2617000,N,6517761427,-453400390,1032891740,1486292130,6064361037
2022,부산,부산북구,2618000,N,32270965420,10431600440,10787423190,355822750,42702565860
2022,부산,부산해운대구,2619000,N,51291129961,44028329956,46622893386,2594563430,95319459917
2022,부산,부산사하구,2620000,N,10097582787,717938509,1702873079,984934570,10815521296
2022,부산,부산금정구,2621000,N,3783780706,51170422560,51934410160,763987600,54954203266
2022,부산,부산강서구,2622000,N,41764901468,6732125420,7365930160,633804740,48497026888
2022,부산,부산연제구,2623000,N,41806849310,-453608700,10559574930,11013183630,41353240610
2022,부산,부산수영구,2624000,N,34304796170,-5853901520,1170627400,7024528920,28450894650
2022,부산,부산사상구,2625000,N,22893613266,8817073982,13476227492,4659153510,31710687248
2022,부산,부산기장군,2671000,N,17301511032,28227197383,29152454113,925256730,45528708415
2022,대구,대구본청,2700000,Y,1652484478755,98801011545,568383850940,469582839395,1751285490300
2022,대구,대구중구,2711000,N,107749195090,63193032758,63762359518,569326760,170942227848
2022,대구,대구동구,2712000,N,28009962710,11036727424,11318000374,281272950,39046690134
2022,대구,대구서구,2713000,N,102682578965,41191784827,41938276667,746491840,143874363792
2022,대구,대구남구,2714000,N,103920031743,61656142074,61990422014,334279940,165576173817
2022,대구,대구북구,2715000,N,25136938712,1117752286,2092710696,974958410,26254690998
2022,대구,대구수성구,2716000,N,91313825415,-435363762,28598878488,29034242250,90878461653
2022,대구,대구달서구,2717000,N,5050837052,1139955459,1560728579,420773120,6190792511
2022,대구,대구달성군,2771000,N,123412948890,100694770115,101731441562,1036671447,224107719005
2022,인천,인천본청,2800000,Y,1848777083148,408539227177,1066776522040,658237294863,2257316310325
2022,인천,인천중구,2811000,N,28852752604,-1095897508,2800349001,3896246509,27756855096
2022,인천,인천동구,2812000,N,129971581405,53032914579,53922948007,890033428,183004495984
2022,인천,인천미추홀구,2813000,N,7649878293,10129177806,11339686159,1210508353,17779056099
2022,인천,인천연수구,2814000,N,22485046536,-1043923390,3265433151,4309356541,21441123146
2022,인천,인천남동구,2815000,N,40376777781,85029007,2406858597,2321829590,40461806788
2022,인천,인천부평구,2816000,N,17729341705,5149047327,6748654117,1599606790,22878389032
2022,인천,인천계양구,2817000,N,16632243447,589980352,1036885258,446904906,17222223799
2022,인천,인천서구,2818000,N,68952758036,3414346844,7346839633,3932492789,72367104880
2022,인천,인천강화군,2871000,N,11233440469,48336740387,53459101097,5122360710,59570180856
2022,인천,인천옹진군,2872000,N,43860078706,8287921030,21480359560,13192438530,52147999736
2022,광주,광주본청,2900000,Y,989833932677,-9233438932,199871315641,209104754573,980600493745
2022,광주,광주동구,2911000,N,50592040057,-7927894422,10563787828,18491682250,42664145635
2022,광주,광주서구,2912000,N,10421325658,820889969,1444357982,623468013,11242215627
2022,광주,광주남구,2913000,N,30708626400,13210897816,15290220717,2079322901,43919524216
2022,광주,광주북구,2914000,N,23835170105,50361886984,53361574360,2999687376,74197057089
2022,광주,광주광산구,2915000,N,22466295437,4828143790,6070576048,1242432258,27294439227
2022,대전,대전본청,3000000,Y,895071831206,178759499156,542436420456,363676921300,1073831330362
2022,대전,대전동구,3011000,N,19317943208,56851030883,61158776723,4307745840,76168974091
2022,대전,대전중구,3012000,N,17716850534,55925464127,57188071387,1262607260,73642314661
2022,대전,대전서구,3013000,N,119704924820,28308645539,45828082949,17519437410,148013570359
2022,대전,대전유성구,3014000,N,70643719559,66259779430,72289628250,6029848820,136903498989
2022,대전,대전대덕구,3015000,N,44306922881,42889250177,45603946737,2714696560,87196173058
2022,울산,울산본청,3100000,Y,1246875474887,22376166778,333741309341,311365142563,1269251641665
2022,울산,울산중구,3111000,N,4901749171,8159692090,9827992400,1668300310,13061441261
2022,울산,울산남구,3112000,N,10198435301,5134900990,7796312350,2661411360,15333336291
2022,울산,울산동구,3113000,N,4429040705,69649700,856731840,787082140,4498690405
2022,울산,울산북구,3114000,N,6516121536,697708830,1685373830,987665000,7213830366
2022,울산,울산울주군,3171000,N,12312145168,1143956372,8309310322,7165353950,13456101540
2022,세종,세종본청,3200000,Y,540334772600,129831326266,182192050666,52360724400,670166098866
2022,경기,경기본청,4100000,Y,5683744104071,-1264843210198,2310458877213,3575302087411,4418900893873
2022,경기,경기수원시,4111000,N,566858185628,181115715654,287928407458,106812691804,747973901282
2022,경기,경기성남시,4112000,N,766022138492,651940575960,902957738621,251017162661,1417962714452
2022,경기,경기의정부시,4113000,N,190682397587,-22789477491,61532806439,84322283930,167892920096
2022,경기,경기안양시,4114000,N,508230961870,100858776651,136641644175,35782867524,609089738521
2022,경기,경기부천시,4115000,N,238880607500,12719018600,105749938500,93030919900,251599626100
2022,경기,경기광명시,4116000,N,94399126539,33599246256,38167693056,4568446800,127998372795
2022,경기,경기평택시,4117000,N,378656625941,87699770748,122286252658,34586481910,466356396689
2022,경기,경기동두천시,4118000,N,170087736717,103552657772,127447752482,23895094710,273640394489
2022,경기,경기안산시,4119000,N,492953192197,38986627344,96536549778,57549922434,531939819541
2022,경기,경기고양시,4120000,N,543794964707,87843862023,231593537206,143749675183,631638826730
2022,경기,경기과천시,4121000,N,268234731737,60577644313,79242041063,18664396750,328812376050
2022,경기,경기구리시,4122000,N,162555043959,39518968278,73702583078,34183614800,202074012237
2022,경기,경기남양주시,4123000,N,172523114472,66092693968,73643581518,7550887550,238615808440
2022,경기,경기오산시,4124000,N,21557119402,76429438477,80948431625,4518993148,97986557879
2022,경기,경기시흥시,4125000,N,296282843275,-6700868934,41416423286,48117292220,289581974341
2022,경기,경기군포시,4126000,N,133864051008,10759493018,23557434868,12797941850,144623544026
2022,경기,경기의왕시,4127000,N,90947856679,18917013555,24401422675,5484409120,109864870234
2022,경기,경기하남시,4128000,N,182861916849,40511655683,45906865313,5395209630,223373572532
2022,경기,경기용인시,4129000,N,210423511155,230027382378,263815552796,33788170418,440450893533
2022,경기,경기파주시,4130000,N,101414878676,1327300972,5910301095,4583000123,102742179648
2022,경기,경기이천시,4131000,N,354546238732,17880266840,53617685436,35737418596,372426505572
2022,경기,경기안성시,4132000,N,161620835230,27524461877,115089826307,87565364430,189145297107
2022,경기,경기김포시,4133000,N,174214804235,-10348582489,10665051811,21013634300,163866221746
2022,경기,경기화성시,4134000,N,402623489015,36420793290,133371316244,96950522954,439044282305
2022,경기,경기광주시,4135000,N,143652585313,144660118109,198899798399,54239680290,288312703422
2022,경기,경기양주시,4136000,N,10035104758,125630630,2497050015,2371419385,10160735388
2022,경기,경기포천시,4137000,N,345201766030,180887049539,191143066939,10256017400,526088815569
2022,경기,경기여주시,4138000,N,345773523351,61535806781,115009317940,53473511159,407309330132
2022,경기,경기연천군,4175000,N,120049142223,-6637029433,19397562207,26034591640,113412112790
2022,경기,경기가평군,4177000,N,129939526871,14401179218,20247574433,5846395215,144340706089
2022,경기,경기양평군,4178000,N,52989119758,9402330911,29692122416,20289791505,62391450669
2022,강원,강원본청,4200000,Y,597788434855,146507251105,651584761225,505077510120,744295685960
2022,강원,강원춘천시,4211000,N,139050431466,75318335568,119498452162,44180116594,214368767034
2022,강원,강원원주시,4212000,N,151857124839,799326183,30889565143,30090238960,152656451022
2022,강원,강원강릉시,4213000,N,37661547619,97447658532,98692701912,1245043380,135109206151
2022,강원,강원동해시,4214000,N,13336311756,20473421545,31314082545,10840661000,33809733301
2022,강원,강원태백시,4215000,N,18513824457,42588123410,42953110340,364986930,61101947867
2022,강원,강원속초시,4216000,N,39963728430,6708424451,7766320711,1057896260,46672152881
2022,강원,강원삼척시,4217000,N,11510193032,4698382834,8495446600,3797063766,16208575866
2022,강원,강원홍천군,4271000,N,59519527929,73923248291,85796154101,11872905810,133442776220
2022,강원,강원횡성군,4272000,N,64118590474,84984653335,101752436415,16767783080,149103243809
2022,강원,강원영월군,4273000,N,23016233095,52390857455,53193718131,802860676,75407090550
2022,강원,강원평창군,4274000,N,14287738180,11580145595,15399795066,3819649471,25867883775
2022,강원,강원정선군,4275000,N,65761188328,45721495758,47962438938,2240943180,111482684086
2022,강원,강원철원군,4276000,N,12394127406,6393182287,6482411017,89228730,18787309693
2022,강원,강원화천군,4277000,N,2937437008,-324080819,821340081,1145420900,2613356189
2022,강원,강원양구군,4278000,N,64753097210,54994191253,59520773903,4526582650,119747288463
2022,강원,강원인제군,4279000,N,31486011882,-5309718780,18852457513,24162176293,26176293102
2022,강원,강원고성군,4280000,N,12854847348,8623313717,11563811157,2940497440,21478161065
2022,강원,강원양양군,4281000,N,37798893655,18324447139,30200479236,11876032097,56123340794
2022,충북,충북본청,4300000,Y,1144192628933,148626681472,486690237483,338063556011,1292819310405
2022,충북,충북충주시,4312000,N,59227475741,143275805732,149390807672,6115001940,202503281473
2022,충북,충북제천시,4313000,N,86822573684,149474659373,172578075683,23103416310,236297233057
2022,충북,충북청주시,4314000,N,275329019864,299254187904,437795922276,138541734372,574583207768
2022,충북,충북보은군,4372000,N,60202888982,84434082980,93340061690,8905978710,144636971962
2022,충북,충북옥천군,4373000,N,38495145050,10248205250,28831287680,18583082430,48743350300
2022,충북,충북영동군,4374000,N,20182713015,56584223590,56958733740,374510150,76766936605
2022,충북,충북진천군,4375000,N,22920031818,31901550502,33990748182,2089197680,54821582320
2022,충북,충북괴산군,4376000,N,17067278750,33659072510,35704412747,2045340237,50726351260
2022,충북,충북음성군,4377000,N,25620505837,31020401697,48024593947,17004192250,56640907534
2022,충북,충북단양군,4378000,N,4486152858,39758485983,43312316393,3553830410,44244638841
2022,충북,충북증평군,4379000,N,8076578420,30624138887,31791038287,1166899400,38700717307
2022,충남,충남본청,4400000,Y,857879695205,166029372275,435516425918,269487053643,1023909067480
2022,충남,충남천안시,4411000,N,109027798551,146413034022,160168118461,13755084439,255440832573
2022,충남,충남공주시,4412000,N,128164333144,99825081570,155467745520,55642663950,227989414714
2022,충남,충남보령시,4413000,N,41056491509,25634994525,39514969575,13879975050,66691486034
2022,충남,충남아산시,4414000,N,168986393506,-5273146145,39915840155,45188986300,163713247361
2022,충남,충남서산시,4415000,N,88749823720,7517847145,53207284266,45689437121,96267670865
2022,충남,충남논산시,4416000,N,16478003540,154255869488,164597235118,10341365630,170733873028
2022,충남,충남계룡시,4417000,N,66697314582,25171688709,38893077939,13721389230,91869003291
2022,충남,충남당진시,4418000,N,58454413046,21033320180,37966397090,16933076910,79487733226
2022,충남,충남금산군,4471000,N,41878134666,61298463123,80616912663,19318449540,103176597789
2022,충남,충남부여군,4473000,N,84542995535,22197437001,25735408211,3537971210,106740432536
2022,충남,충남서천군,4474000,N,44270756428,-12704073198,16562517649,29266590847,31566683230
2022,충남,충남청양군,4475000,N,56580280848,49724743450,61387972020,11663228570,106305024298
2022,충남,충남홍성군,4476000,N,61048906487,66363460264,67909197234,1545736970,127412366751
2022,충남,충남예산군,4477000,N,28061134579,52614904604,54272816364,1657911760,80676039183
2022,충남,충남태안군,4478000,N,22965438240,37396918653,47201043143,9804124490,60362356893
2022,전북,전북본청,4500000,Y,948621789984,63177940722,254073067173,190895126451,1011799730706
2022,전북,전북전주시,4511000,N,49741767745,917051647,38983282072,38066230425,50658819392
2022,전북,전북군산시,4512000,N,124033484903,121441696061,189340576175,67898880114,245475180964
2022,전북,전북익산시,4513000,N,36671299022,73116388978,94188584868,21072195890,109787688000
2022,전북,전북정읍시,4514000,N,87654982915,112173612355,135872920349,23699307994,199828595270
2022,전북,전북남원시,4515000,N,10411054087,80520331533,82505071988,1984740455,90931385620
2022,전북,전북김제시,4516000,N,59340792357,22285308497,42963282377,20677973880,81626100854
2022,전북,전북완주군,4571000,N,38319632639,95713227588,100043243038,4330015450,134032860227
2022,전북,전북진안군,4572000,N,27654693748,63483594990,64230475020,746880030,91138288738
2022,전북,전북무주군,4573000,N,14001607237,42770743192,55647449382,12876706190,56772350429
2022,전북,전북장수군,4574000,N,15969173825,31020286323,36936538553,5916252230,46989460148
2022,전북,전북임실군,4575000,N,17742101143,10922937265,25178914595,14255977330,28665038408
2022,전북,전북순창군,4576000,N,10124910269,52053456547,53128255377,1074798830,62178366816
2022,전북,전북고창군,4577000,N,18752161498,46324385552,47488483372,1164097820,65076547050
2022,전북,전북부안군,4578000,N,12458116104,79776507236,81873910896,2097403660,92234623340
2022,전남,전남본청,4600000,Y,1591056331465,42999570448,590874837853,547875267405,1634055901913
2022,전남,전남목포시,4611000,N,145426038826,-26302723460,68407443850,94710167310,119123315366
2022,전남,전남여수시,4612000,N,145686616807,9652015271,57823154801,48171139530,155338632078
2022,전남,전남순천시,4613000,N,178555098557,87577381479,107177550825,19600169346,266132480036
2022,전남,전남나주시,4614000,N,24020648993,4210663460,5660661170,1449997710,28231312453
2022,전남,전남광양시,4615000,N,27253262436,10370057820,14726374970,4356317150,37623320256
2022,전남,전남담양군,4671000,N,9957411946,14543401785,16137181205,1593779420,24500813731
2022,전남,전남곡성군,4672000,N,33836629245,32312060659,40319823589,8007762930,66148689904
2022,전남,전남구례군,4673000,N,19994816823,51196407381,52629856531,1433449150,71191224204
2022,전남,전남고흥군,4674000,N,36249181598,128016684,2073791654,1945774970,36377198282
2022,전남,전남보성군,4675000,N,69789795489,85243718846,85702507406,458788560,155033514335
2022,전남,전남화순군,4676000,N,29134288532,31462247700,48179695290,16717447590,60596536232
2022,전남,전남장흥군,4677000,N,45797982619,7015083120,7242321260,227238140,52813065739
2022,전남,전남강진군,4678000,N,42015387029,33938488730,55594671600,21656182870,75953875759
2022,전남,전남해남군,4679000,N,159006276377,75069083999,139271404069,64202320070,234075360376
2022,전남,전남영암군,4680000,N,54427421401,871090402,6771406342,5900315940,55298511803
2022,전남,전남무안군,4681000,N,72581524820,1611984364,3142449134,1530464770,74193509184
2022,전남,전남함평군,4682000,N,30974186696,58756746603,59734555023,977808420,89730933299
2022,전남,전남영광군,4683000,N,67286104801,-8798996031,6602436439,15401432470,58487108770
2022,전남,전남장성군,4684000,N,22439351391,18492488550,18904472310,411983760,40931839941
2022,전남,전남완도군,4685000,N,24622415865,35342720150,51670483330,16327763180,59965136015
2022,전남,전남진도군,4686000,N,19349049601,1421562057,2318857467,897295410,20770611658
2022,전남,전남신안군,4687000,N,8479445721,637683080,929978870,292295790,9117128801
2022,경북,경북본청,4700000,Y,1855312193410,28581303800,665210947872,636629644072,1883893497210
2022,경북,경북포항시,4711000,N,65823354505,4494275851,21564402231,17070126380,70317630356
2022,경북,경북경주시,4712000,N,127018625416,66864837401,74435179523,7570342122,193883462817
2022,경북,경북김천시,4713000,N,63929369940,188624081549,190168609739,1544528190,252553451489
2022,경북,경북안동시,4714000,N,127909302182,245679284825,248520161345,2840876520,373588587007
2022,경북,경북구미시,4715000,N,156180687604,174998340310,278736554130,103738213820,331179027914
2022,경북,경북영주시,4716000,N,97402490593,140500174096,143793500166,3293326070,237902664689
2022,경북,경북영천시,4717000,N,147160928952,85919859717,89467032807,3547173090,233080788669
2022,경북,경북상주시,4718000,N,277290147107,216483432133,216816777753,333345620,493773579240
2022,경북,경북문경시,4719000,N,21299256252,106588036214,109953420044,3365383830,127887292466
2022,경북,경북경산시,4720000,N,55376813273,85460579844,140618318613,55157738769,140837393117
2022,경북,경북군위군,4771000,N,56107398231,54516233892,78790515162,24274281270,110623632123
2022,경북,경북의성군,4772000,N,73941506848,931489872,1070412262,138922390,74872996720
2022,경북,경북청송군,4773000,N,5660852854,1825193450,2155066310,329872860,7486046304
2022,경북,경북영양군,4774000,N,40348493579,643435700,1489915840,846480140,40991929279
2022,경북,경북영덕군,4775000,N,14789571946,59264900332,59454542332,189642000,74054472278
2022,경북,경북청도군,4776000,N,30469764475,32789916278,33102164238,312247960,63259680753
2022,경북,경북고령군,4777000,N,4210861338,603338276,702499586,99161310,4814199614
2022,경북,경북성주군,4778000,N,30798890645,11148800129,14860011181,3711211052,41947690774
2022,경북,경북칠곡군,4779000,N,3654862883,981786719,1250406339,268619620,4636649602
2022,경북,경북예천군,4780000,N,9803811540,6289197857,13328466747,7039268890,16093009397
2022,경북,경북봉화군,4781000,N,39126862661,-12370140369,7649190471,20019330840,26756722292
2022,경북,경북울진군,4782000,N,101218077091,83330845146,93816097146,10485252000,184548922237
2022,경북,경북울릉군,4783000,N,24812700418,41205889900,57877688420,16671798520,66018590318
2022,경남,경남본청,4800000,Y,542698916277,157936568671,287502072355,129565503684,700635484948
2022,경남,경남창원시,4811000,N,409299746566,76754087341,152697976715,75943889374,486053833907
2022,경남,경남진주시,4813000,N,221367461026,93376000404,109125473664,15749473260,314743461430
2022,경남,경남통영시,4815000,N,18170766629,57971918804,59186408534,1214489730,76142685433
2022,경남,경남사천시,4816000,N,10237856876,35415645742,36898196105,1482550363,45653502618
2022,경남,경남김해시,4817000,N,42872401804,-9994870774,11597646861,21592517635,32877531030
2022,경남,경남밀양시,4818000,N,114791137669,39729519740,64271988375,24542468635,154520657409
2022,경남,경남거제시,4819000,N,62620569619,150689473132,152867037822,2177564690,213310042751
2022,경남,경남양산시,4820000,N,56870970522,52025825538,64571029311,12545203773,108896796060
2022,경남,경남의령군,4871000,N,73431253434,40356119090,67012483060,26656363970,113787372524
2022,경남,경남함안군,4872000,N,31670333444,38331136841,51971791491,13640654650,70001470285
2022,경남,경남창녕군,4873000,N,49548529961,57569329499,58486102039,916772540,107117859460
2022,경남,경남고성군,4874000,N,43555520187,59921607690,61196412060,1274804370,103477127877
2022,경남,경남남해군,4875000,N,53554653794,52973839326,78174144356,25200305030,106528493120
2022,경남,경남하동군,4876000,N,6185468633,6943060490,8767042510,1823982020,13128529123
2022,경남,경남산청군,4877000,N,35325004290,14773486819,41031321359,26257834540,50098491109
2022,경남,경남함양군,4878000,N,12837350120,39997399600,41193208170,1195808570,52834749720
2022,경남,경남거창군,4879000,N,149791575918,-1167602860,40466909430,41634512290,148623973058
2022,경남,경남합천군,4880000,N,56045297525,51255563693,74568411153,23312847460,107300861218
2022,제주,제주본청,4900000,Y,1527575842156,498594221362,751019385581,252425164219,2026170063518
2023,서울,서울본청,1100000,Y,7208081019365,454198761420,3238956989812,2784758228392,7662279780785
2023,서울,서울종로구,1111000,N,243569871374,14159381987,32595247317,18435865330,257729253361
2023,서울,서울중구,1112000,N,43420820978,7125676077,17510906257,10385230180,50546497055
2023,서울,서울용산구,1113000,N,160693421666,47918401654,77342020404,29423618750,208611823320
2023,서울,서울성동구,1114000,N,38565669702,856445550,25530477340,24674031790,39422115252
2023,서울,서울광진구,1115000,N,193390671437,9044941771,75807502713,66762560942,202435613208
2023,서울,서울동대문구,1116000,N,108142364200,46429135619,64021036840,17591901221,154571499819
2023,서울,서울중랑구,1117000,N,44012230624,62415083992,75236788602,12821704610,106427314616
2023,서울,서울성북구,1118000,N,144510778387,92179133226,100082543092,7903409866,236689911613
2023,서울,서울강북구,1119000,N,224797624624,128240355949,134799373869,6559017920,353037980573
2023,서울,서울도봉구,1120000,N,49589871737,28662439084,53507457856,24845018772,78252310821
2023,서울,서울노원구,1121000,N,25078546587,-9239483127,6916515698,16155998825,15839063460
2023,서울,서울은평구,1122000,N,35480951087,8023830528,16277850128,8254019600,43504781615
2023,서울,서울서대문구,1123000,N,149971105569,-7608548539,12854814701,20463363240,142362557030
2023,서울,서울마포구,1124000,N,65460894291,45139728047,58849823647,13710095600,110600622338
2023,서울,서울양천구,1125000,N,186624680458,4514549461,49880342383,45365792922,191139229919
2023,서울,서울강서구,1126000,N,221583583430,13559761593,65951387168,52391625575,235143345023
2023,서울,서울구로구,1127000,N,65789090461,80486584912,133694640729,53208055817,146275675373
2023,서울,서울금천구,1128000,N,39960529938,1546401681,11109730656,9563328975,41506931619
2023,서울,서울영등포구,1129000,N,32988898670,51617584157,80549931213,28932347056,84606482827
2023,서울,서울동작구,1130000,N,162823827278,67000112603,99391107115,32390994512,229823939881
2023,서울,서울관악구,1131000,N,79683878212,13477667994,29217265459,15739597465,93161546206
2023,서울,서울서초구,1132000,N,240502863167,33666147790,60913276049,27247128259,274169010957
2023,서울,서울강남구,1133000,N,405378715213,30175777571,91800394881,61624617310,435554492784
2023,서울,서울송파구,1134000,N,97462832136,66519761200,108675581370,42155820170,163982593336
2023,서울,서울강동구,1135000,N,77358787345,22786424429,77104406987,54317982558,100145211774
2023,부산,부산본청,2600000,Y,1073768107722,-96006878205,902358910412,998365788617,977761229517
2023,부산,부산중구,2611000,N,109861461508,22325458274,22528787024,203328750,132186919782
2023,부산,부산서구,2612000,N,79581233131,6171702780,10662534640,4490831860,85752935911
2023,부산,부산동구,2613000,N,46794795434,10924340042,13364286772,2439946730,57719135476
2023,부산,부산영도구,2614000,N,30246884533,16347399919,18769551709,2422151790,46594284452
2023,부산,부산부산진구,2615000,N,55646947212,11828858066,12879692936,1050834870,67475805278
2023,부산,부산동래구,2616000,N,69762045520,14803064210,33568254320,18765190110,84565109730
2023,부산,부산남구,2617000,N,6064361037,46418293610,46855052280,436758670,52482654647
2023,부산,부산북구,2618000,N,42702565860,35542935320,36009550250,466614930,78245501180
2023,부산,부산해운대구,2619000,N,95319459917,12290229114,26032572294,13742343180,107609689031
2023,부산,부산사하구,2620000,N,10815521296,468034400,1395693054,927658654,11283555696
2023,부산,부산금정구,2621000,N,54954203266,29278020160,30028529060,750508900,84232223426
2023,부산,부산강서구,2622000,N,48497026888,16381325986,16932491786,551165800,64878352874
2023,부산,부산연제구,2623000,N,41353240610,26370043080,33018789700,6648746620,67723283690
2023,부산,부산수영구,2624000,N,28450894650,21514043910,22677167240,1163123330,49964938560
2023,부산,부산사상구,2625000,N,31710687248,4140616874,12068901904,7928285030,35851304122
2023,부산,부산기장군,2671000,N,45528708415,28605342889,29272367219,667024330,74134051304
2023,대구,대구본청,2700000,Y,1658952680712,98693702571,404912693629,306218991058,1757646383283
2023,대구,대구중구,2711000,N,170942227848,4409769941,12028786919,7619016978,175351997789
2023,대구,대구동구,2712000,N,39046690134,21015035086,21145212926,130177840,60061725220
2023,대구,대구서구,2713000,N,143874363792,3591265390,3971792725,380527335,147465629182
2023,대구,대구남구,2714000,N,165576173817,66151973408,66404416992,252443584,231728147225
2023,대구,대구북구,2715000,N,26254690998,1258934489,1616530819,357596330,27513625487
2023,대구,대구수성구,2716000,N,90878461653,-29200943018,16136879522,45337822540,61677518635
2023,대구,대구달서구,2717000,N,6190792511,26900746545,27420612584,519866039,33091539056
2023,대구,대구달성군,2771000,N,224107719005,66486633783,69985540485,3498906702,290594352788
2023,인천,인천본청,2800000,Y,2257317963475,217955665066,623584205225,405628540159,2475273628541
2023,인천,인천중구,2811000,N,27756855096,2471677386,8099112187,5627434801,30228532482
2023,인천,인천동구,2812000,N,183004495984,43346641164,44610881185,1264240021,226351137148
2023,인천,인천미추홀구,2813000,N,17783659138,1605849841,2835880004,1230030163,19389508979
2023,인천,인천연수구,2814000,N,21441123146,3339927096,5333676516,1993749420,24781050242
2023,인천,인천남동구,2815000,N,39433718568,55115145,2938027353,2882912208,39488833713
2023,인천,인천부평구,2816000,N,22878389032,1468250359,2763207904,1294957545,24346639391
2023,인천,인천계양구,2817000,N,17222223799,704288563,1214735853,510447290,17926512362
2023,인천,인천서구,2818000,N,72367104880,1789643086,5430508816,3640865730,74156747966
2023,인천,인천강화군,2871000,N,59570180856,-3341786749,13405306451,16747093200,56228394107
2023,인천,인천옹진군,2872000,N,49128890206,-18412496120,6154908820,24567404940,30716394086
2023,광주,광주본청,2900000,Y,980600493745,44226211407,194217958713,149991747306,1024826705152
2023,광주,광주동구,2911000,N,42664145635,-18539804709,17655123411,36194928120,24124340926
2023,광주,광주서구,2912000,N,11242215627,10066539587,10914340886,847801299,21308755214
2023,광주,광주남구,2913000,N,43919524216,-14529208418,2118498032,16647706450,29390315798
2023,광주,광주북구,2914000,N,74197057089,-17696686661,4908358042,22605044703,56500370428
2023,광주,광주광산구,2915000,N,27294439227,5878895600,17486748219,11607852619,33173334827
2023,대전,대전본청,3000000,Y,922923130791,154456925681,371723227228,217266301547,1077380056472
2023,대전,대전동구,3011000,N,76168974091,-7405443897,4040241883,11445685780,68763530194
2023,대전,대전중구,3012000,N,73642188553,18513791504,22806196514,4292405010,92155980057
2023,대전,대전서구,3013000,N,148013570359,34940030468,54537660530,19597630062,182953600827
2023,대전,대전유성구,3014000,N,136903498989,-7972226850,32314023490,40286250340,128931272139
2023,대전,대전대덕구,3015000,N,87196173058,4694146422,8384825162,3690678740,91890319480
2023,울산,울산본청,3100000,Y,1267186933275,-15907197318,411278898808,427186096126,1251279735957
2023,울산,울산중구,3111000,N,13061441261,22801690992,23403735632,602044640,35863132253
2023,울산,울산남구,3112000,N,15333336291,-4296692100,4082776790,8379468890,11036644191
2023,울산,울산동구,3113000,N,4498690405,1086805120,1604600500,517795380,5585495525
2023,울산,울산북구,3114000,N,7213830366,2259352009,2972156499,712804490,9473182375
2023,울산,울산울주군,3171000,N,13456101540,190798416557,196765650717,5967234160,204254518097
2023,세종,세종본청,3200000,Y,670166098866,57209402067,223368426565,166159024498,727375500933
2023,경기,경기본청,4100000,Y,4418900893873,-20036112803,2047101697462,2067137810265,4398864781070
2023,경기,경기수원시,4111000,N,747973901282,-12712576882,135514984377,148227561259,735261324400
2023,경기,경기성남시,4112000,N,1417962714452,-305894194988,265740028363,571634223351,1112068519464
2023,경기,경기의정부시,4113000,N,167892920096,-89769268450,9243419548,99012687998,78123651646
2023,경기,경기안양시,4114000,N,609089738521,-13907477315,83853827735,97761305050,595182261206
2023,경기,경기부천시,4115000,N,251599626100,12161756564,60925726488,48763969924,263761382664
2023,경기,경기광명시,4116000,N,127998372795,27802897925,33184163385,5381265460,155801270720
2023,경기,경기평택시,4117000,N,466356396689,-45899246204,66432087125,112331333329,420457150485
2023,경기,경기동두천시,4118000,N,273640394489,16527135196,69311567726,52784432530,290167529685
2023,경기,경기안산시,4119000,N,531939819541,-41590948918,30889130714,72480079632,490348870623
2023,경기,경기고양시,4120000,N,631638826730,206739071520,327689198540,120950127020,838377898250
2023,경기,경기과천시,4121000,N,328812376047,2855599870,90770507008,87914907138,331667975917
2023,경기,경기구리시,4122000,N,202074012237,-4219765683,33863693117,38083458800,197854246554
2023,경기,경기남양주시,4123000,N,238615808440,134458840002,140601560572,6142720570,373074648442
2023,경기,경기오산시,4124000,N,97986557879,5266328970,8697215350,3430886380,103252886849
2023,경기,경기시흥시,4125000,N,289581974341,-32745051197,83619077513,116364128710,256836923144
2023,경기,경기군포시,4126000,N,144623544026,-37888756134,13326009616,51214765750,106734787892
2023,경기,경기의왕시,4127000,N,109864870234,7790290306,14340155036,6549864730,117655160540
2023,경기,경기하남시,4128000,N,223373572532,-120689902832,11924484068,132614386900,102683669700
2023,경기,경기용인시,4129000,N,440450893533,-105628496500,76161438978,181789935478,334822397033
2023,경기,경기파주시,4130000,N,102742179648,21536568085,25862097335,4325529250,124278747733
2023,경기,경기이천시,4131000,N,372426505572,-36572552644,68834516673,105407069317,335853952928
2023,경기,경기안성시,4132000,N,189145297107,4382358000,67902652690,63520294690,193527655107
2023,경기,경기김포시,4133000,N,163866221746,-13213815470,8632594230,21846409700,150652406276
2023,경기,경기화성시,4134000,N,439044282305,152809068664,175315447304,22506378640,591853350969
2023,경기,경기광주시,4135000,N,294312703422,13593710429,87026577859,73432867430,307906413851
2023,경기,경기양주시,4136000,N,10160735388,-650638318,4645856542,5296494860,9510097070
2023,경기,경기포천시,4137000,N,526088815569,-75567407637,43220566093,118787973730,450521407932
2023,경기,경기여주시,4138000,N,407309330132,-110359169443,51375145431,161734314874,296950160689
2023,경기,경기연천군,4175000,N,98202054574,-47293361005,8802505535,56095866540,50908693569
2023,경기,경기가평군,4177000,N,144944158580,-17478732130,13651799810,31130531940,127465426450
2023,경기,경기양평군,4178000,N,62140378409,-7047365411,28130106093,35177471504,55093012998
2023,강원,강원본청,4200000,Y,744295685960,164499808704,614162537006,449662728302,908795494664
2023,강원,강원춘천시,4211000,N,213325914089,-27940587361,85283051053,113223638414,185385326728
2023,강원,강원원주시,4212000,N,152656451022,-22828685892,11231163248,34059849140,129827765130
2023,강원,강원강릉시,4213000,N,135109206151,-84435765774,19278363428,103714129202,50673440377
2023,강원,강원동해시,4214000,N,33796395334,1219886872,2099745877,879859005,35016282206
2023,강원,강원태백시,4215000,N,61101947867,21832726708,59853473498,38020746790,82934674575
2023,강원,강원속초시,4216000,N,46672152881,6701930187,7784307284,1082377097,53374083068
2023,강원,강원삼척시,4217000,N,16208575866,880118980,986415030,106296050,17088694846
2023,강원,강원홍천군,4271000,N,133442776220,-40246852982,17467364144,57714217126,93195923238
2023,강원,강원횡성군,4272000,N,149085512719,-24499685195,6583159274,31082844469,124585827524
2023,강원,강원영월군,4273000,N,75407090550,-20776417359,13753343944,34529761303,54630673191
2023,강원,강원평창군,4274000,N,25867883775,791768645,5077816435,4286047790,26659652420
2023,강원,강원정선군,4275000,N,111482684086,12477183170,15561104150,3083920980,123959867256
2023,강원,강원철원군,4276000,N,18787309693,21016178449,21147576859,131398410,39803488142
2023,강원,강원화천군,4277000,N,2613356189,96502668,854687968,758185300,2709858857
2023,강원,강원양구군,4278000,N,119747288463,-25599466810,6742558530,32342025340,94147821653
2023,강원,강원인제군,4279000,N,26176293102,-3893209333,6865955031,10759164364,22283083769
2023,강원,강원고성군,4280000,N,21478161065,2131437262,7941046142,5809608880,23609598327
2023,강원,강원양양군,4281000,N,56123340794,-1397893563,20680059555,22077953118,54725447231
2023,충북,충북본청,4300000,Y,1292819310405,-34000186011,342376497914,376376683925,1258819124394
2023,충북,충북충주시,4312000,N,202503281473,116846887288,136502783588,19655896300,319350168761
2023,충북,충북제천시,4313000,N,236297233057,31493344258,35932778568,4439434310,267790577315
2023,충북,충북청주시,4314000,N,574579623592,3890394899,155259699659,151369304760,578470018491
2023,충북,충북보은군,4372000,N,144636971958,13876947710,25104210480,11227262770,158513919668
2023,충북,충북옥천군,4373000,N,48743129150,2315907090,38561467540,36245560450,51059036240
2023,충북,충북영동군,4374000,N,76766936605,31117695170,32044417070,926721900,107884631775
2023,충북,충북진천군,4375000,N,54821582320,7624178943,37060350793,29436171850,62445761263
2023,충북,충북괴산군,4376000,N,50002563540,-28626085760,5108323270,33734409030,21376477780
2023,충북,충북음성군,4377000,N,55791013173,-2160816350,4500392650,6661209000,53630196823
2023,충북,충북단양군,4378000,N,44244638841,-23132431560,1422471980,24554903540,21112207281
2023,충북,충북증평군,4379000,N,38700717307,655013397,22993181547,22338168150,39355730704
2023,충남,충남본청,4400000,Y,1023909067480,243874815848,382264237173,138389421325,1267783883328
2023,충남,충남천안시,4411000,N,241121732573,32266157088,59439784813,27173627725,273387889661
2023,충남,충남공주시,4412000,N,227989414714,-57936567724,8269048836,66205616560,170052846990
2023,충남,충남보령시,4413000,N,66691486034,-22572136325,6808746985,29380883310,44119349709
2023,충남,충남아산시,4414000,N,163713247361,1247323638,50522604961,49275281323,164960570999
2023,충남,충남서산시,4415000,N,96267670865,2366942004,5164512855,2797570851,98634612869
2023,충남,충남논산시,4416000,N,170733873028,-16858444313,37895806677,54754250990,153875428715
2023,충남,충남계룡시,4417000,N,91868968528,-693555067,3797111833,4490666900,91175413461
2023,충남,충남당진시,4418000,N,79487733226,14360881318,22437195868,8076314550,93848614544
2023,충남,충남금산군,4471000,N,103176597789,22015488115,45243000845,23227512730,125192085904
2023,충남,충남부여군,4473000,N,106740432536,-50039780627,17272789243,67312569870,56700651909
2023,충남,충남서천군,4474000,N,31566683230,233921284,7643612854,7409691570,31800604514
2023,충남,충남청양군,4475000,N,106305024298,-51654090750,20383781720,72037872470,54650933548
2023,충남,충남홍성군,4476000,N,127412366751,-52797004954,6380425906,59177430860,74615361797
2023,충남,충남예산군,4477000,N,80676039183,-26524327733,4767678097,31292005830,54151711450
2023,충남,충남태안군,4478000,N,60362356893,-46090263705,54746055513,100836319218,14272093188
2023,전북,전북본청,4500000,Y,1011799730706,30449612060,237146348018,206696735958,1042249342766
2023,전북,전북전주시,4511000,N,50658819392,-7657753540,87359974948,95017728488,43001065852
2023,전북,전북군산시,4512000,N,232408451964,-43143309535,87494850474,130638160009,189265142429
2023,전북,전북익산시,4513000,N,109787688000,-27299728258,22862862507,50162590765,82487959742
2023,전북,전북정읍시,4514000,N,199828595270,-16117066593,34032088367,50149154960,183711528677
2023,전북,전북남원시,4515000,N,90931385620,-15992909075,61248321635,77241230710,74938476545
2023,전북,전북김제시,4516000,N,81626100854,-126090818,5956750810,6082841628,81500010036
2023,전북,전북완주군,4571000,N,134032860227,46553374926,55693350176,9139975250,180586235153
2023,전북,전북진안군,4572000,N,91138288738,-31360067630,3903985590,35264053220,59778221108
2023,전북,전북무주군,4573000,N,56775583256,-30549742766,17658931699,48208674465,26225840490
2023,전북,전북장수군,4574000,N,46989460148,-7490740899,11158743601,18649484500,39498719249
2023,전북,전북임실군,4575000,N,28665038408,-17147580006,2603476504,19751056510,11517458402
2023,전북,전북순창군,4576000,N,62178366816,-19584006589,5146537741,24730544330,42594360227
2023,전북,전북고창군,4577000,N,65076547050,3044207620,13115338550,10071130930,68120754670
2023,전북,전북부안군,4578000,N,92234623340,-39610056915,3571465580,43181522495,52624566425
2023,전남,전남본청,4600000,Y,1634055901913,-42960088261,625894121992,668854210253,1591095813652
2023,전남,전남목포시,4611000,N,119123315366,-42404979786,6905569244,49310549030,76718335580
2023,전남,전남여수시,4612000,N,155338632078,11533578404,25021436824,13487858420,166872210482
2023,전남,전남순천시,4613000,N,266132480036,156687936599,167395664909,10707728310,422820416635
2023,전남,전남나주시,4614000,N,28095121073,14191002638,15194848298,1003845660,42286123711
2023,전남,전남광양시,4615000,N,36711696667,-4666608238,5907046182,10573654420,32045088429
2023,전남,전남담양군,4671000,N,51857713881,-337585288,10164547782,10502133070,51520128593
2023,전남,전남곡성군,4672000,N,64048689904,-20153399640,9394074150,29547473790,43895290264
2023,전남,전남구례군,4673000,N,71191224204,-31288494610,4634765230,35923259840,39902729594
2023,전남,전남고흥군,4674000,N,36377198282,1548364080,4461926700,2913562620,37925562362
2023,전남,전남보성군,4675000,N,155135440899,-14468628440,5856834430,20325462870,140666812459
2023,전남,전남화순군,4676000,N,60596536232,-35854298460,6244559320,42098857780,24742237772
2023,전남,전남장흥군,4677000,N,52848270700,12231176989,14773839189,2542662200,65079447689
2023,전남,전남강진군,4678000,N,67153875759,-31132695920,9360340250,40493036170,36021179839
2023,전남,전남해남군,4679000,N,234075360376,-25320207497,21766635713,47086843210,208755152879
2023,전남,전남영암군,4680000,N,55298511803,-693771746,5532881084,6226652830,54604740057
2023,전남,전남무안군,4681000,N,74193509484,1950056924,29294112084,27344055160,76143566408
2023,전남,전남함평군,4682000,N,89730932879,-50737433831,13982291689,64719725520,38993499048
2023,전남,전남영광군,4683000,N,58487108770,7152460378,14390809966,7238349588,65639569148
2023,전남,전남장성군,4684000,N,40931839941,2299619250,3229931160,930311910,43231459191
2023,전남,전남완도군,4685000,N,67464988144,-30689386218,9367428682,40056814900,36775601926
2023,전남,전남진도군,4686000,N,20770611658,41660303667,43037169507,1376865840,62430915325
2023,전남,전남신안군,4687000,N,9117128801,3338760587,5149982357,1811221770,12455889388
2023,경북,경북본청,4700000,Y,1883893497210,81197013344,682639673140,601442659796,1965090510554
2023,경북,경북포항시,4711000,N,70317630356,10393393583,21109291660,10715898077,80711023939
2023,경북,경북경주시,4712000,N,193883449145,-28373301777,82548900937,110922202714,165510147368
2023,경북,경북김천시,4713000,N,252553451489,2899377094,10334947524,7435570430,255452828583
2023,경북,경북안동시,4714000,N,373588587007,8831769764,11654941903,2823172139,382420356771
2023,경북,경북구미시,4715000,N,331179027914,43851157161,196151051206,152299894045,375030185075
2023,경북,경북영주시,4716000,N,237902664689,3286075179,9878626669,6592551490,241188739868
2023,경북,경북영천시,4717000,N,233082139755,2219612187,33038550517,30818938330,235301751942
2023,경북,경북상주시,4718000,N,493773579240,83186613523,84667248393,1480634870,576960192763
2023,경북,경북문경시,4719000,N,127887292466,-31624779038,22250966204,53875745242,96262513428
2023,경북,경북경산시,4720000,N,140837393117,-36025039673,33496391388,69521431061,104812353444
2023,경북,경북군위군,4771000,N,110623631853,37761807886,45313519886,7551712000,148385439739
2023,경북,경북의성군,4772000,N,74872996720,14263457711,15085757871,822300160,89136454431
2023,경북,경북청송군,4773000,N,7486046304,1975893800,2053803080,77909280,9461940104
2023,경북,경북영양군,4774000,N,40991929279,-2680593470,1074262420,3754855890,38311335809
2023,경북,경북영덕군,4775000,N,74055303218,-45706492176,3192188756,48898680932,28348811042
2023,경북,경북청도군,4776000,N,63259680753,44128128109,44358722659,230594550,107387808862
2023,경북,경북고령군,4777000,N,4814199614,960463374,1460614044,500150670,5774662988
2023,경북,경북성주군,4778000,N,41947690774,-19597547829,4296107941,23893655770,22350142945
2023,경북,경북칠곡군,4779000,N,4099095876,1130989899,1585009189,454019290,5230085775
2023,경북,경북예천군,4780000,N,16092659397,5009600330,14913519630,9903919300,21102259727
2023,경북,경북봉화군,4781000,N,25217024740,97826000057,100492942277,2666942220,123043024797
2023,경북,경북울진군,4782000,N,184548922237,-18286504739,5770242281,24056747020,166262417498
2023,경북,경북울릉군,4783000,N,66018590318,4914095500,7673878850,2759783350,70932685818
2023,경남,경남본청,4800000,Y,700635484948,40429523407,220196991574,179767468167,741065008355
2023,경남,경남창원시,4811000,N,486053833907,12275991854,87562958847,75286966993,498329825761
2023,경남,경남진주시,4813000,N,314743461430,-94589557900,18888627290,113478185190,220153903530
2023,경남,경남통영시,4815000,N,76177480103,11049379210,12651877300,1602498090,87226859313
2023,경남,경남사천시,4816000,N,45653502618,-7596518295,24195475145,31791993440,38056984323
2023,경남,경남김해시,4817000,N,32877531030,43830606048,56835539154,13004933106,76708137078
2023,경남,경남밀양시,4818000,N,154520657409,-61433035978,11902857852,73335893830,93087621431
2023,경남,경남거제시,4819000,N,208310042751,-72151402171,6131853039,78283255210,136158640580
2023,경남,경남양산시,4820000,N,108774768713,38677081975,52227365232,13550283257,147451850688
2023,경남,경남의령군,4871000,N,113787372524,-110613170,18091486250,18202099420,113676759354
2023,경남,경남함안군,4872000,N,80830712475,-35516589694,8569411676,44086001370,45314122781
2023,경남,경남창녕군,4873000,N,107117859460,2809980603,4494317593,1684336990,109927840063
2023,경남,경남고성군,4874000,N,103477127877,-17564524100,3975932720,21540456820,85912603777
2023,경남,경남남해군,4875000,N,106528492840,2722513182,29592086372,26869573190,109251006022
2023,경남,경남하동군,4876000,N,13128529123,6601767850,7214100240,612332390,19730296973
2023,경남,경남산청군,4877000,N,50098491109,1068047644,42046656064,40978608420,51166538753
2023,경남,경남함양군,4878000,N,52834749720,579074880,1438135180,859060300,53413824600
2023,경남,경남거창군,4879000,N,148623973058,-54091300680,4172943710,58264244390,94532672378
2023,경남,경남합천군,4880000,N,107300861218,-28731748672,16708552748,45440301420,78569112546
2023,제주,제주본청,4900000,Y,2026170063518,-162058622043,394936927190,556995549233,1864111441475
2024,서울,서울본청,1100000,Y,7662279780785,554878438977,2638050693828,2083172254851,8217158219762
2024,서울,서울종로구,1111000,N,257729253361,23069789855,41137773394,18067983539,280799043216
2024,서울,서울중구,1112000,N,50546497055,12931759657,28539248177,15607488520,63478256712
2024,서울,서울용산구,1113000,N,208611823320,28752041987,41045778664,12293736677,237363865307
2024,서울,서울성동구,1114000,N,39422115252,9990828679,34594322289,24603493610,49412943931
2024,서울,서울광진구,1115000,N,202435613208,-68625227198,28034662417,96659889615,133810386010
2024,서울,서울동대문구,1116000,N,154571499819,2857114651,39446138741,36589024090,157428614470
2024,서울,서울중랑구,1117000,N,106427314616,-16762982601,21209973939,37972956540,89664332015
2024,서울,서울성북구,1118000,N,236689911613,26827966348,53930362248,27102395900,263517877961
2024,서울,서울강북구,1119000,N,353037980573,26025935610,48020591345,21994655735,379063916183
2024,서울,서울도봉구,1120000,N,78395410271,32676783133,63344750350,30667967217,111072193404
2024,서울,서울노원구,1121000,N,15839063451,2802371567,8902525371,6100153804,18641435018
2024,서울,서울은평구,1122000,N,43504781615,8730539682,16655912362,7925372680,52235321297
2024,서울,서울서대문구,1123000,N,142362557030,-46056932022,15343890018,61400822040,96305625008
2024,서울,서울마포구,1124000,N,110600622338,-1933835801,33659992581,35593828382,108666786537
2024,서울,서울양천구,1125000,N,186559293723,-11630555642,54701889123,66332444765,174928738081
2024,서울,서울강서구,1126000,N,232822475939,-4144493408,73783206547,77927699955,228677982531
2024,서울,서울구로구,1127000,N,145647884785,2746730673,86856291216,84109560543,148394615458
2024,서울,서울금천구,1128000,N,41506931619,864137552,9354322108,8490184556,42371069171
2024,서울,서울영등포구,1129000,N,84606482827,92590787121,108243673715,15652886594,177197269948
2024,서울,서울동작구,1130000,N,229823939881,16180375888,35016633121,18836257233,246004315769
2024,서울,서울관악구,1131000,N,93161546206,-1047454200,35616326610,36663780810,92114092006
2024,서울,서울서초구,1132000,N,274169010957,8161005252,52372834358,44211829106,282330016209
2024,서울,서울강남구,1133000,N,435554492784,85685813761,131685963084,46000149323,521240306545
2024,서울,서울송파구,1134000,N,163840601905,-19327235996,94577681654,113904917650,144513365909
2024,서울,서울강동구,1135000,N,100145211774,4309752084,56651091422,52341339338,104454963858
2024,부산,부산본청,2600000,Y,977761229517,-14547093441,1192649572260,1207196665701,963214136076
2024,부산,부산중구,2611000,N,132186919782,17588601941,24620923341,7032321400,149775521723
2024,부산,부산서구,2612000,N,85752935911,13895210287,14710072537,814862250,99648146198
2024,부산,부산동구,2613000,N,57719135476,-13967704121,7351765039,21319469160,43751431355
2024,부산,부산영도구,2614000,N,46575487332,2732121722,14411752212,11679630490,49307609054
2024,부산,부산부산진구,2615000,N,62301871932,10448012813,21380622103,10932609290,72749884745
2024,부산,부산동래구,2616000,N,84565109730,-41724936430,8117110720,49842047150,42840173300
2024,부산,부산남구,2617000,N,52482654647,10998555628,14296205468,3297649840,63481210275
2024,부산,부산북구,2618000,N,78245501180,37191598360,37685979780,494381420,115437099540
2024,부산,부산해운대구,2619000,N,107609689031,9237455692,17246545012,8009089320,116847144723
2024,부산,부산사하구,2620000,N,11283555696,4378268305,7306375105,2928106800,15661824001
2024,부산,부산금정구,2621000,N,84232223426,3647335316,22057601586,18410266270,87879558742
2024,부산,부산강서구,2622000,N,63556313434,32117484589,33315210209,1197725620,95673798023
2024,부산,부산연제구,2623000,N,67723283690,8579159420,10196564640,1617405220,76302443110
2024,부산,부산수영구,2624000,N,49964938560,32815137610,33333870540,518732930,82780076170
2024,부산,부산사상구,2625000,N,35851304122,-4592156241,2482904287,7075060528,31259147881
2024,부산,부산기장군,2671000,N,74134051304,42016453320,53577619110,11561165790,116150504624
2024,대구,대구본청,2700000,Y,1757646383283,48566918373,459687018158,411120099785,1806213301656
2024,대구,대구중구,2711000,N,175351997789,-15730893903,13265070917,28995964820,159621103886
2024,대구,대구동구,2712000,N,60061725220,15523080782,16090169192,567088410,75584806002
2024,대구,대구서구,2713000,N,147465629182,-49576654027,6053933390,55630587417,97888975155
2024,대구,대구남구,2714000,N,231728147225,69153873924,69336961134,183087210,300882021149
2024,대구,대구북구,2715000,N,27513625487,2169243895,2845610564,676366669,29682869382
2024,대구,대구수성구,2716000,N,61677518635,-22167725582,19970505668,42138231250,39509793053
2024,대구,대구달서구,2717000,N,33091539056,-13943406591,2892727069,16836133660,19148132465
2024,대구,대구달성군,2771000,N,290594352788,47799649455,50797945965,2998296510,338394002243
2024,대구,대구군위군,2772000,N,148385440136,31359579800,31428721520,69141720,179745019936
2024,인천,인천본청,2800000,Y,2475273628541,-137055815010,568853033281,705908848291,2338217813531
2024,인천,인천중구,2811000,N,30228532482,3483222687,7307290675,3824067988,33711755169
2024,인천,인천동구,2812000,N,225878733164,2651890358,34164324456,31512434098,228530623522
2024,인천,인천미추홀구,2813000,N,19389508964,422890363,1498956068,1076065705,19812399327
2024,인천,인천연수구,2814000,N,26555820082,5791484698,7268147762,1476663064,32347304780
2024,인천,인천남동구,2815000,N,39488833713,515345620,3551536230,3036190610,40004179333
2024,인천,인천부평구,2816000,N,24346639391,3744734648,5569333321,1824598673,28091374039
2024,인천,인천계양구,2817000,N,17926512362,1588898878,2509045198,920146320,19515411240
2024,인천,인천서구,2818000,N,74156140776,13162982400,18612414466,5449432066,87319123176
2024,인천,인천강화군,2871000,N,53129867647,41439642220,50002378700,8562736480,94569509867
2024,인천,인천옹진군,2872000,N,30716394086,3098765590,3700984630,602219040,33815159676
2024,광주,광주본청,2900000,Y,1024826705152,22952934689,170944982708,147992048019,1047779639841
2024,광주,광주동구,2911000,N,24124340926,-14029748746,3256317671,17286066417,10094592180
2024,광주,광주서구,2912000,N,21308755214,1634838608,2975894468,1341055860,22943593822
2024,광주,광주남구,2913000,N,29390315798,-16964338593,7102355847,24066694440,12425977205
2024,광주,광주북구,2914000,N,56500370428,-17000174634,10670995549,27671170183,39500195794
2024,광주,광주광산구,2915000,N,33173334827,6148504383,30589871554,24441367171,39321839210
2024,대전,대전본청,3000000,Y,925246917671,52505454891,379204498674,326699043783,977752372562
2024,대전,대전동구,3011000,N,68763530194,-14765217862,6240427288,21005645150,53998312332
2024,대전,대전중구,3012000,N,92155980057,-7451629457,3475354378,10926983835,84704350600
2024,대전,대전서구,3013000,N,182953600827,-22295959665,17483317455,39779277120,160657641162
2024,대전,대전유성구,3014000,N,128928753993,-12610694060,18193502490,30804196550,116318059933
2024,대전,대전대덕구,3015000,N,93055766930,4461573158,14874299398,10412726240,97517340088
2024,울산,울산본청,3100000,Y,1251506457503,188475139339,378400031087,189924891748,1439981596842
2024,울산,울산중구,3111000,N,35863132253,-9953758757,12956839904,22910598661,25909373496
2024,울산,울산남구,3112000,N,11036644191,6969000450,9760184670,2791184220,18005644641
2024,울산,울산동구,3113000,N,5585495525,2477249836,3423486739,946236903,8062745361
2024,울산,울산북구,3114000,N,9473182375,1087602276,2167629596,1080027320,10560784651
2024,울산,울산울주군,3171000,N,204254518097,-24050268342,50617420795,74667689137,180204249755
2024,세종,세종본청,3200000,Y,727375500933,-9433355098,127553745524,136987100622,717942145835
2024,경기,경기본청,4100000,Y,4387362199772,471958312819,1863779251730,1391820938911,4859320512591
2024,경기,경기수원시,4111000,N,735261324400,-24371143670,182033538909,206404682579,710890180730
2024,경기,경기성남시,4112000,N,1106422053780,202409861636,429570697512,227160835876,1308831915416
2024,경기,경기의정부시,4113000,N,78046285597,3304855451,8393835131,5088979680,81351141048
2024,경기,경기안양시,4114000,N,595182261206,-102084120503,80182882633,182267003136,493098140703
2024,경기,경기부천시,4115000,N,263761382664,73398152594,140424680532,67026527938,337159535258
2024,경기,경기광명시,4116000,N,155801270720,43802525781,68184388421,24381862640,199603796501
2024,경기,경기평택시,4117000,N,420457150485,-32454920184,66073683554,98528603738,388002230301
2024,경기,경기동두천시,4118000,N,290167529685,-24876273564,69859854546,94736128110,265291256121
2024,경기,경기안산시,4119000,N,490348870623,-39436341448,32468600882,71904942330,450912529175
2024,경기,경기고양시,4120000,N,838377898250,60363265680,200222534450,139859268770,898741163930
2024,경기,경기과천시,4121000,N,331667975917,-30035597000,66962182010,96997779010,301632378917
2024,경기,경기구리시,4122000,N,197854246554,-84984742327,115316668943,200301411270,112869504227
2024,경기,경기남양주시,4123000,N,373074648442,121436781878,131939936102,10503154224,494511430320
2024,경기,경기오산시,4124000,N,103252886849,31357849038,56281589418,24923740380,134610735887
2024,경기,경기시흥시,4125000,N,256836923144,9798067570,60124665020,50326597450,266634990714
2024,경기,경기군포시,4126000,N,106734787892,7384525695,15362823125,7978297430,114119313587
2024,경기,경기의왕시,4127000,N,116755160540,38479581027,42144427192,3664846165,155234741567
2024,경기,경기하남시,4128000,N,102683669700,-5004749162,21252456488,26257205650,97678920538
2024,경기,경기용인시,4129000,N,334822397033,15001129149,72128685699,57127556550,349823526182
2024,경기,경기파주시,4130000,N,124278747733,74145513486,84255510716,10109997230,198424261219
2024,경기,경기이천시,4131000,N,335853948108,-46041579196,91409041741,137450620937,289812368912
2024,경기,경기안성시,4132000,N,193527655107,-41471701959,73898908691,115370610650,152055953148
2024,경기,경기김포시,4133000,N,147569158996,7128955374,20525602084,13396646710,154698114370
2024,경기,경기화성시,4134000,N,591846350969,-57942782812,96184866503,154127649315,533903568157
2024,경기,경기광주시,4135000,N,307906413851,40656767664,85961388364,45304620700,348563181515
2024,경기,경기양주시,4136000,N,9510097070,1924611669,5981712534,4057100865,11434708739
2024,경기,경기포천시,4137000,N,450521407932,-95566215286,32606084944,128172300230,354955192646
2024,경기,경기여주시,4138000,N,296950160689,5624849984,65094084364,59469234380,302575010673
2024,경기,경기연천군,4175000,N,66418693569,-11388014103,10345001917,21733016020,55030679466
2024,경기,경기가평군,4177000,N,127465426450,-937284234,8069155636,9006439870,126528142216
2024,경기,경기양평군,4178000,N,55093012998,11167776541,36469808711,25302032170,66260789539
2024,강원,강원본청,4200000,Y,903795494664,548605667530,1107552735835,558947068305,1452401162194
2024,강원,강원춘천시,4211000,N,185381392008,-40292071698,39616783438,79908855136,145089320310
2024,강원,강원원주시,4212000,N,129827546065,32441850176,46964698796,14522848620,162269396241
2024,강원,강원강릉시,4213000,N,50673440377,-11270384334,10333776966,21604161300,39403056043
2024,강원,강원동해시,4214000,N,35016282206,1273464662,2234487112,961022450,36289746868
2024,강원,강원태백시,4215000,N,66538924735,-6296640189,22757796871,29054437060,60242284546
2024,강원,강원속초시,4216000,N,49183043898,14641967787,16596246204,1954278417,63825011685
2024,강원,강원삼척시,4217000,N,17088694846,1104294465,1465659755,361365290,18192989311
2024,강원,강원홍천군,4271000,N,93195923238,46451867427,50570797919,4118930492,139647790665
2024,강원,강원횡성군,4272000,N,120490034844,-13468256528,14062984007,27531240535,107021778316
2024,강원,강원영월군,4273000,N,54630573191,-18378867747,4720647946,23099515693,36251705444
2024,강원,강원평창군,4274000,N,26659652420,-1149992886,2881334674,4031327560,25509659534
2024,강원,강원정선군,4275000,N,123959867256,-3461444899,4097534911,7558979810,120498422357
2024,강원,강원철원군,4276000,N,39803488142,20713410589,21004885529,291474940,60516898731
2024,강원,강원화천군,4277000,N,2748877957,210315339,987935279,777619940,2959193296
2024,강원,강원양구군,4278000,N,94147259033,-652220290,18137483240,18789703530,93495038743
2024,강원,강원인제군,4279000,N,22283083769,21473610415,30042133018,8568522603,43756694184
2024,강원,강원고성군,4280000,N,23609598327,-5210809632,1349894278,6560703910,18398788695
2024,강원,강원양양군,4281000,N,54725306184,-12902593095,7247116665,20149709760,41822713089
2024,충북,충북본청,4300000,Y,1258819124399,12203299396,335897466066,323694166670,1271022423795
2024,충북,충북충주시,4312000,N,319350168761,35912467048,43781222958,7868755910,355262635809
2024,충북,충북제천시,4313000,N,267790577315,11868195549,34807173859,22938978310,279658772864
2024,충북,충북청주시,4314000,N,574659321589,-58433146546,141584614939,200017761485,516226175043
2024,충북,충북보은군,4372000,N,158513658516,-15603906064,16608254376,32212160440,142909752452
2024,충북,충북옥천군,4373000,N,51059036240,16030023243,27044160443,11014137200,67089059483
2024,충북,충북영동군,4374000,N,107884631835,-31469104485,4262322155,35731426640,76415527350
2024,충북,충북진천군,4375000,N,62445761263,-33081715346,28742486464,61824201810,29364045917
2024,충북,충북괴산군,4376000,N,21376477780,549280150,1178371150,629091000,21925757930
2024,충북,충북음성군,4377000,N,53630196823,21602076924,25501323374,3899246450,75232273747
2024,충북,충북단양군,4378000,N,21112207281,850379312,950549312,100170000,21962586593
2024,충북,충북증평군,4379000,N,38785859250,-9476030683,9553666137,19029696820,29309828567
2024,충남,충남본청,4400000,Y,1267783883328,2189180392,290842863990,288653683598,1269973063720
2024,충남,충남천안시,4411000,N,287387889661,37058314686,63862527232,26804212546,324446204347
2024,충남,충남공주시,4412000,N,170052746990,-39870377830,17014021300,56884399130,130182369160
2024,충남,충남보령시,4413000,N,44119349709,6536163899,13784516659,7248352760,50655513608
2024,충남,충남아산시,4414000,N,164960570999,26657020292,47450101692,20793081400,191617591291
2024,충남,충남서산시,4415000,N,98634612869,21769575381,26245096504,4475521123,120404188250
2024,충남,충남논산시,4416000,N,153875428715,-63714678180,23423300900,87137979080,90160750535
2024,충남,충남계룡시,4417000,N,91175413461,-20520411090,3926101400,24446512490,70655002371
2024,충남,충남당진시,4418000,N,93848614544,41112381650,62819427571,21707045921,134960996194
2024,충남,충남금산군,4471000,N,125192085904,-41965076105,44024839363,85989915468,83227009799
2024,충남,충남부여군,4473000,N,56701169189,-5904038430,10673133971,16577172401,50797130759
2024,충남,충남서천군,4474000,N,31410604514,-1783669157,9079080573,10862749730,29626935357
2024,충남,충남청양군,4475000,N,54650922588,5306298750,12084563030,6778264280,59957221338
2024,충남,충남홍성군,4476000,N,74615361797,-2594179195,5471735845,8065915040,72021182602
2024,충남,충남예산군,4477000,N,54151711450,-26401245775,5245404336,31646650111,27750465675
2024,충남,충남태안군,4478000,N,14272093188,-3849474518,34112026002,37961500520,10422618670
2024,전북,전북본청,4500000,Y,1042249342766,66103491392,222821874575,156718383183,1108352834158
2024,전북,전북전주시,4511000,N,43001065852,13841984502,128524898110,114682913608,56843050354
2024,전북,전북군산시,4512000,N,189265141739,-30840542494,63026784379,93867326873,158424599245
2024,전북,전북익산시,4513000,N,81714701282,-26518516954,35052285644,61570802598,55196184328
2024,전북,전북정읍시,4514000,N,183262450658,46250091864,68376168544,22126076680,229512542522
2024,전북,전북남원시,4515000,N,74938476545,-22957336791,25332367854,48289704645,51981139754
2024,전북,전북김제시,4516000,N,76985158676,3169975733,11250724163,8080748430,80155134409
2024,전북,전북완주군,4571000,N,180586235153,-78583824817,27274713894,105858538711,102002410336
2024,전북,전북진안군,4572000,N,59778221108,-25715839590,10215793680,35931633270,34062381518
2024,전북,전북무주군,4573000,N,26225840490,7807281776,14906044276,7098762500,34033122266
2024,전북,전북장수군,4574000,N,39498719249,-6858542164,3115164626,9973706790,32640177085
2024,전북,전북임실군,4575000,N,12037352122,500416870,3115925580,2615508710,12537768992
2024,전북,전북순창군,4576000,N,42594357575,857479059,12997415259,12139936200,43451836634
2024,전북,전북고창군,4577000,N,63798534385,-31998420110,5611543950,37609964060,31800114275
2024,전북,전북부안군,4578000,N,52394234765,-17251697531,4369135159,21620832690,35142537234
2024,전남,전남본청,4600000,Y,1549721571322,57756078417,656385079464,598629001047,1607477649739
2024,전남,전남목포시,4611000,N,76718506633,-16871564789,7683512617,24555077406,59846941844
2024,전남,전남여수시,4612000,N,166872210482,-14434136951,14165966029,28600102980,152438073531
2024,전남,전남순천시,4613000,N,422820416635,46448352721,149933701291,103485348570,469268769356
2024,전남,전남나주시,4614000,N,42286123711,8772171808,10798208428,2026036620,51058295519
2024,전남,전남광양시,4615000,N,32045088428,5053461170,6839385560,1785924390,37098549598
2024,전남,전남담양군,4671000,N,11833224860,456591832,5446849352,4990257520,12289816692
2024,전남,전남곡성군,4672000,N,43895290264,-1677469853,13335520667,15012990520,42217820411
2024,전남,전남구례군,4673000,N,39902729594,6283786780,8215626480,1931839700,46186516374
2024,전남,전남고흥군,4674000,N,37925562362,6345692728,7816514648,1470821920,44271255090
2024,전남,전남보성군,4675000,N,140666813241,-23524223832,10992073548,34516297380,117142589409
2024,전남,전남화순군,4676000,N,24742237772,-18008805780,5150617820,23159423600,6733431992
2024,전남,전남장흥군,4677000,N,65079447689,4708805150,5526565430,817760280,69788252839
2024,전남,전남강진군,4678000,N,36021179839,-2298668460,12755953310,15054621770,33722511379
2024,전남,전남해남군,4679000,N,206736588562,-28082839090,17964296350,46047135440,178653749472
2024,전남,전남영암군,4680000,N,54605247577,-402455256,5967768214,6370223470,54202792321
2024,전남,전남무안군,4681000,N,76143566415,46952329057,48304328777,1351999720,123095895472
2024,전남,전남함평군,4682000,N,38993499048,-14225997718,4232594162,18458591880,24767501330
2024,전남,전남영광군,4683000,N,65639569148,963422801,15349496580,14386073779,66602991949
2024,전남,전남장성군,4684000,N,43231459191,-13273390028,18698861442,31972251470,29958069163
2024,전남,전남완도군,4685000,N,36775601926,7661714382,7934178362,272463980,44437316308
2024,전남,전남진도군,4686000,N,62430915325,-21686099982,4460483138,26146583120,40744815343
2024,전남,전남신안군,4687000,N,12455888168,-4677567841,1845480629,6523048470,7778320327
2024,경북,경북본청,4700000,Y,1965090397409,-73215613897,499494140198,572709754095,1891874783512
2024,경북,경북포항시,4711000,N,80711023939,10946850708,20029797195,9082946487,91657874647
2024,경북,경북경주시,4712000,N,164405838059,13958386736,58956832321,44998445585,178364224795
2024,경북,경북김천시,4713000,N,255452828583,-119455431930,10322328090,129777760020,135997396653
2024,경북,경북안동시,4714000,N,382420356771,15582655654,18619263344,3036607690,398003012425
2024,경북,경북구미시,4715000,N,375030185075,-13133796986,177614438872,190748235858,361896388089
2024,경북,경북영주시,4716000,N,241188739868,-41225096084,10387579871,51612675955,199963643784
2024,경북,경북영천시,4717000,N,235301751942,-14215936072,5698476538,19914412610,221085815870
2024,경북,경북상주시,4718000,N,576960192763,70861209526,83670071306,12808861780,647821402289
2024,경북,경북문경시,4719000,N,95730951431,-4397887251,22574915699,26972802950,91333064180
2024,경북,경북경산시,4720000,N,102412353444,-18093634515,24937251503,43030886018,84318718929
2024,경북,경북의성군,4772000,N,89136454431,4097711634,6069578874,1971867240,93234166065
2024,경북,경북청송군,4773000,N,9461940104,1422292200,1486387350,64095150,10884232304
2024,경북,경북영양군,4774000,N,38311335809,5748624270,6779152230,1030527960,44059960079
2024,경북,경북영덕군,4775000,N,28351713996,14199314997,29575015227,15375700230,42551028993
2024,경북,경북청도군,4776000,N,107298420655,-8066234726,86668140484,94734375210,99232185929
2024,경북,경북고령군,4777000,N,5807049688,691712788,753085738,61372950,6498762476
2024,경북,경북성주군,4778000,N,21528715556,-6181442598,3175553432,9356996030,15347272958
2024,경북,경북칠곡군,4779000,N,5230085775,1571389289,2119584868,548195579,6801475064
2024,경북,경북예천군,4780000,N,21102244147,-5162447570,3184759840,8347207410,15939796577
2024,경북,경북봉화군,4781000,N,123043024797,-23623645436,17839550405,41463195841,99419379361
2024,경북,경북울진군,4782000,N,166262417498,42517405450,46215574630,3698169180,208779822948
2024,경북,경북울릉군,4783000,N,70932685818,-17048477110,5298429050,22346906160,53884208708
2024,경남,경남본청,4800000,Y,741065008355,13165361118,200640232115,187474870997,754230369473
2024,경남,경남창원시,4811000,N,497587202041,-21621362035,72818823805,94440185840,475965840006
2024,경남,경남진주시,4813000,N,220153903530,-62765702480,10485702720,73251405200,157388201050
2024,경남,경남통영시,4815000,N,87226859313,16757241908,30890259348,14133017440,103984101221
2024,경남,경남사천시,4816000,N,38056984323,1829691252,19118346918,17288655666,39886675575
2024,경남,경남김해시,4817000,N,76708137078,-387373012,12450807189,12838180201,76320764066
2024,경남,경남밀양시,4818000,N,93087621431,-6830181914,35586932716,42417114630,86257439517
2024,경남,경남거제시,4819000,N,136158640580,-23339274636,21768949832,45108224468,112819365944
2024,경남,경남양산시,4820000,N,147122282673,3858682082,16172255994,12313573912,150980964755
2024,경남,경남의령군,4871000,N,113676759354,-1553514600,19307181220,20860695820,112123244754
2024,경남,경남함안군,4872000,N,44114122781,-13320905572,15537999838,28858905410,30793217209
2024,경남,경남창녕군,4873000,N,108326167236,2705673161,4022687241,1317014080,111031840397
2024,경남,경남고성군,4874000,N,85912603777,-36191362920,4633086050,40824448970,49721240857
2024,경남,경남남해군,4875000,N,109251006022,5040137470,31875554330,26835416860,114291143492
2024,경남,경남하동군,4876000,N,19730296973,17810348710,68703566640,50893217930,37540645683
2024,경남,경남산청군,4877000,N,51166538753,1020656989,44516284149,43495627160,52187195742
2024,경남,경남함양군,4878000,N,53413893201,-23010277650,4910196200,27920473850,30403615551
2024,경남,경남거창군,4879000,N,94532672378,-17548339130,45528367270,63076706400,76984333248
2024,경남,경남합천군,4880000,N,78569112546,26128966706,36053313746,9924347040,104698079252
2024,제주,제주본청,4900000,Y,1835810346726,-31175629154,435417578026,466593207180,1804634717572
