회계연도,지역명,자치단체명,본청여부,당초예산,세입결산,오차액,오차율
2012,강원,강원강릉시,N,628698548000,775993106397,147294558397,23.4285
2012,강원,강원고성군,N,241141322000,307746474640,66605152640,27.6208
2012,강원,강원동해시,N,285037104000,318533674191,33496570191,11.7517
2012,강원,강원본청,Y,3923348357000,4409640696353,486292339353,12.3948
2012,강원,강원삼척시,N,390784816000,495597525365,104812709365,26.8211
2012,강원,강원속초시,N,279116278000,331630462764,52514184764,18.8144
2012,강원,강원양구군,N,230845934000,308511587826,77665653826,33.6439
2012,강원,강원양양군,N,206160126000,253867166291,47707040291,23.1408
2012,강원,강원영월군,N,265991662000,395319686242,129328024242,48.6211
2012,강원,강원원주시,N,771620825000,1005035292197,233414467197,30.2499
2012,강원,강원인제군,N,268847496000,362537889899,93690393899,34.8489
2012,강원,강원정선군,N,317076926000,406972715338,89895789338,28.3514
2012,강원,강원철원군,N,251921197000,314939926460,63018729460,25.0153
2012,강원,강원춘천시,N,1070500310000,1232270823541,161770513541,15.1117
2012,강원,강원태백시,N,252305699000,345025272736,92719573736,36.7489
2012,강원,강원평창군,N,250866901000,368173239958,117306338958,46.7604
2012,강원,강원홍천군,N,344063847000,507037586300,162973739300,47.3673
2012,강원,강원화천군,N,231102270000,343675119822,112572849822,48.7113
2012,강원,강원횡성군,N,267769100000,410153265221,142384165221,53.1742
2012,경기,경기가평군,N,325839437000,466470674212,140631237212,43.1597
2012,경기,경기고양시,N,1305886117000,1788272891013,482386774013,36.9394
2012,경기,경기과천시,N,335342224000,435123488208,99781264208,29.7551
2012,경기,경기광명시,N,510235391000,665722635799,155487244799,30.4736
2012,경기,경기광주시,N,641880742000,803645750770,161765008770,25.2017
2012,경기,경기구리시,N,357965168000,487647513941,129682345941,36.2276
2012,경기,경기군포시,N,393682721000,551168278098,157485557098,40.0032
2012,경기,경기김포시,N,632807794000,808952045726,176144251726,27.8353
2012,경기,경기남양주시,N,887388333000,1198517494296,311129161296,35.0612
2012,경기,경기동두천시,N,287971512000,409986508140,122014996140,42.3705
2012,경기,경기본청,Y,16459873256000,18048039053247,1588165797247,9.6487
2012,경기,경기부천시,N,1282060007000,1583324176631,301264169631,23.4984
2012,경기,경기성남시,N,2126893843000,2453162190480,326268347480,15.3401
2012,경기,경기수원시,N,1777887699000,2159370671245,381482972245,21.4571
2012,경기,경기시흥시,N,1275936240000,1125789259498,-150146980502,-11.7676
2012,경기,경기안산시,N,1541696042000,1867407634058,325711592058,21.1268
2012,경기,경기안성시,N,499233864000,675397510647,176163646647,35.2868
2012,경기,경기안양시,N,850118616000,1143892074754,293773458754,34.5568
2012,경기,경기양주시,N,481050858000,668417738960,187366880960,38.9495
2012,경기,경기양평군,N,371378163000,497180016826,125801853826,33.8743
2012,경기,경기여주군,N,465092095000,624793631756,159701536756,34.3376
2012,경기,경기연천군,N,323481286000,484030778751,160549492751,49.6318
2012,경기,경기오산시,N,345911285000,452725505811,106814220811,30.8791
2012,경기,경기용인시,N,1743685208000,2932833502522,1189148294522,68.1974
2012,경기,경기의왕시,N,249885721000,369416268537,119530547537,47.8341
2012,경기,경기의정부시,N,688146787000,886041005068,197894218068,28.7576
2012,경기,경기이천시,N,545623907000,767020381004,221396474004,40.5768
2012,경기,경기파주시,N,792078613000,1002196663655,210118050655,26.5274
2012,경기,경기평택시,N,992362966000,1424735657019,432372691019,43.57
2012,경기,경기포천시,N,507672212000,663921885441,156249673441,30.7777
2012,경기,경기하남시,N,464825995000,659856586224,195030591224,41.9578
2012,경기,경기화성시,N,997173343000,1396586800479,399413457479,40.0546
2012,경남,경남거제시,N,538009650000,718547914223,180538264223,33.5567
2012,경남,경남거창군,N,405877917000,582328751447,176450834447,43.4739
2012,경남,경남고성군,N,325032333000,426352662986,101320329986,31.1724
2012,경남,경남김해시,N,1009225776000,1167872459690,158646683690,15.7196
2012,경남,경남남해군,N,299019161000,435666666850,136647505850,45.6986
2012,경남,경남밀양시,N,483795021000,653004785929,169209764929,34.9755
2012,경남,경남본청,Y,6463199819000,7437223636876,974023817876,15.0703
2012,경남,경남사천시,N,448300894000,535599575308,87298681308,19.4732
2012,경남,경남산청군,N,326118063000,440281502507,114163439507,35.0068
2012,경남,경남양산시,N,696911722000,778792796439,81881074439,11.7491
2012,경남,경남의령군,N,322922388000,413489188345,90566800345,28.046
2012,경남,경남진주시,N,912978493000,1136332640614,223354147614,24.4643
2012,경남,경남창녕군,N,365195700000,479510861101,114315161101,31.3024
2012,경남,경남창원시,N,2716226552000,3016401785825,300175233825,11.0512
2012,경남,경남통영시,N,428766814000,591977080672,163210266672,38.065
2012,경남,경남하동군,N,335642298000,428780174441,93137876441,27.7491
2012,경남,경남함안군,N,335305915000,367342275664,32036360664,9.5544
2012,경남,경남함양군,N,325302677000,444766171182,119463494182,36.7238
2012,경남,경남합천군,N,344759946000,525763271784,181003325784,52.5013
2012,경북,경북경산시,N,539494233000,666870772535,127376539535,23.6104
2012,경북,경북경주시,N,1018683538000,1332904575525,314221037525,30.8458
2012,경북,경북고령군,N,229988505000,357347140299,127358635299,55.3761
2012,경북,경북구미시,N,1026107691000,1221086897437,194979206437,19.0018
2012,경북,경북군위군,N,210179196000,280665916816,70486720816,33.5365
2012,경북,경북김천시,N,563569891000,864798594947,301228703947,53.4501
2012,경북,경북문경시,N,436857496000,498323221857,61465725857,14.07
2012,경북,경북본청,Y,6587817888000,7598912860514,1011094972514,15.3479
2012,경북,경북봉화군,N,278913268000,382748876796,103835608796,37.2286
2012,경북,경북상주시,N,601124267000,752414110634,151289843634,25.1678
2012,경북,경북성주군,N,255302734000,421167894350,165865160350,64.968
2012,경북,경북안동시,N,721950000000,932452219625,210502219625,29.1575
2012,경북,경북영덕군,N,301024917000,370021904660,68996987660,22.9207
2012,경북,경북영양군,N,204642837000,292865846460,88223009460,43.1107
2012,경북,경북영주시,N,451153484000,590685183582,139531699582,30.9278
2012,경북,경북영천시,N,546315276000,779334247552,233018971552,42.6528
2012,경북,경북예천군,N,283103001000,367832836695,84729835695,29.929
2012,경북,경북울릉군,N,134587859000,207433676099,72845817099,54.1251
2012,경북,경북울진군,N,431598377000,547133349490,115534972490,26.7691
2012,경북,경북의성군,N,401843746000,553947560315,152103814315,37.8515
2012,경북,경북청도군,N,285937438000,415155732321,129218294321,45.1911
2012,경북,경북청송군,N,223684935000,310360109171,86675174171,38.7488
2012,경북,경북칠곡군,N,394657337000,531393495240,136736158240,34.6468
2012,경북,경북포항시,N,1244972416000,1378531684678,133559268678,10.7279
2012,광주,광주광산구,N,325069775000,432629556547,107559781547,33.0882
2012,광주,광주남구,N,197333054000,308948852946,111615798946,56.5621
2012,광주,광주동구,N,182910909000,235114911739,52204002739,28.5407
2012,광주,광주본청,Y,3390869678000,3887374924177,496505246177,14.6424
2012,광주,광주북구,N,366811786000,458561658842,91749872842,25.0128
2012,광주,광주서구,N,244749890000,335698902775,90949012775,37.16
2012,대구,대구남구,N,173814014000,206626147097,32812133097,18.8777
2012,대구,대구달서구,N,371838515000,441623093386,69784578386,18.7674
2012,대구,대구달성군,N,361571140000,495983884756,134412744756,37.1746
2012,대구,대구동구,N,322433287000,381839681220,59406394220,18.4244
2012,대구,대구본청,Y,5658658372000,6398205466005,739547094005,13.0693
2012,대구,대구북구,N,333049424000,375856084730,42806660730,12.8529
2012,대구,대구서구,N,184934126000,207155598161,22221472161,12.0159
2012,대구,대구수성구,N,313617030000,381206846092,67589816092,21.5517
2012,대구,대구중구,N,139673435000,171543583887,31870148887,22.8176
2012,대전,대전대덕구,N,223186910000,274325894467,51138984467,22.9131
2012,대전,대전동구,N,280187091000,378210030967,98022939967,34.9848
2012,대전,대전본청,Y,3472537513000,4269051360829,796513847829,22.9375
2012,대전,대전서구,N,348028759000,474163979281,126135220281,36.2428
2012,대전,대전유성구,N,242800256000,389342801108,146542545108,60.3552
2012,대전,대전중구,N,248918162000,313694472089,64776310089,26.0231
2012,부산,부산강서구,N,152537588000,225400954060,72863366060,47.7675
2012,부산,부산금정구,N,220816967000,292878512288,72061545288,32.6341
2012,부산,부산기장군,N,356814310000,490838087631,134023777631,37.5612
2012,부산,부산남구,N,188755126000,268056035793,79300909793,42.0126
2012,부산,부산동구,N,148252615000,186563616018,38311001018,25.8417
2012,부산,부산동래구,N,218900538000,270903587760,52003049760,23.7565
2012,부산,부산본청,Y,8767692765000,9898928384082,1131235619082,12.9023
2012,부산,부산부산진구,N,274778045000,359573188230,84795143230,30.8595
2012,부산,부산북구,N,239229729000,297778782562,58549053562,24.474
2012,부산,부산사상구,N,208311821000,283160620280,74848799280,35.9311
2012,부산,부산사하구,N,257584071000,353207200462,95623129462,37.1231
2012,부산,부산서구,N,150302056000,207728330603,57426274603,38.2072
2012,부산,부산수영구,N,149069203000,188793470990,39724267990,26.6482
2012,부산,부산연제구,N,171377058000,242240898200,70863840200,41.3497
2012,부산,부산영도구,N,153256886000,205827107142,52570221142,34.302
2012,부산,부산중구,N,95525731000,144541455709,49015724709,51.3115
2012,부산,부산해운대구,N,318614497000,406131980914,87517483914,27.4681
2012,서울,서울강남구,N,788575089000,896867303939,108292214939,13.7326
2012,서울,서울강동구,N,364446914000,407662144739,43215230739,11.8578
2012,서울,서울강북구,N,339444417000,406670218232,67225801232,19.8047
2012,서울,서울강서구,N,464726649000,560807959010,96081310010,20.6748
2012,서울,서울관악구,N,377421007000,431594797066,54173790066,14.3537
2012,서울,서울광진구,N,293668538000,361120551559,67452013559,22.9688
2012,서울,서울구로구,N,364380164000,435450620609,71070456609,19.5045
2012,서울,서울금천구,N,262453971000,326516256040,64062285040,24.409
2012,서울,서울노원구,N,458361205000,522666378563,64305173563,14.0294
2012,서울,서울도봉구,N,288134595000,351564807732,63430212732,22.0141
2012,서울,서울동대문구,N,348776224000,408681972263,59905748263,17.176
2012,서울,서울동작구,N,329281315000,384106358204,54825043204,16.6499
2012,서울,서울마포구,N,376480209000,435019362509,58539153509,15.5491
2012,서울,서울본청,Y,24343667131000,24987275288306,643608157306,2.6438
2012,서울,서울서대문구,N,287141785000,347015939790,59874154790,20.8518
2012,서울,서울서초구,N,490357786000,563239980801,72882194801,14.8631
2012,서울,서울성동구,N,325005872000,407090709958,82084837958,25.2564
2012,서울,서울성북구,N,385161334000,443673640971,58512306971,15.1916
2012,서울,서울송파구,N,465186843000,529625721623,64438878623,13.8523
2012,서울,서울양천구,N,364979718000,419057528098,54077810098,14.8167
2012,서울,서울영등포구,N,358492854000,448974367325,90481513325,25.2394
2012,서울,서울용산구,N,273825256000,323759903731,49934647731,18.236
2012,서울,서울은평구,N,365179286000,445807889649,80628603649,22.0792
2012,서울,서울종로구,N,324846535000,414617430775,89770895775,27.6349
2012,서울,서울중구,N,288315043000,363660797683,75345754683,26.1331
2012,서울,서울중랑구,N,338646902000,383693848191,45046946191,13.302
2012,울산,울산남구,N,258407382000,348127944335,89720562335,34.7206
2012,울산,울산동구,N,141132896000,186809269877,45676373877,32.3641
2012,울산,울산본청,Y,2673772410000,3297489986962,623717576962,23.3273
2012,울산,울산북구,N,171063268000,229939050335,58875782335,34.4175
2012,울산,울산울주군,N,472557420000,655497156785,182939736785,38.7127
2012,울산,울산중구,N,228271874000,299890177707,71618303707,31.3741
2012,인천,인천강화군,N,350852862000,438876175004,88023313004,25.0884
2012,인천,인천계양구,N,248349018000,300911887115,52562869115,21.1649
2012,인천,인천남구,N,337030740000,371033669803,34002929803,10.089
2012,인천,인천남동구,N,423724097000,509125362005,85401265005,20.1549
2012,인천,인천동구,N,153427079000,179209742209,25782663209,16.8045
2012,인천,인천본청,Y,7998358333000,7791382524588,-206975808412,-2.5877
2012,인천,인천부평구,N,408185586000,450463180973,42277594973,10.3574
2012,인천,인천서구,N,373435718000,459044103608,85608385608,22.9245
2012,인천,인천연수구,N,275566388000,321880509770,46314121770,16.8069
2012,인천,인천옹진군,N,218072225000,324888477590,106816252590,48.9821
2012,인천,인천중구,N,218849848000,303691160354,84841312354,38.7669
2012,전남,전남강진군,N,251976895000,353546120239,101569225239,40.3089
2012,전남,전남고흥군,N,405647792000,579536851732,173889059732,42.867
2012,전남,전남곡성군,N,238360025000,329015409869,90655384869,38.033
2012,전남,전남광양시,N,495076500000,612929507929,117853007929,23.805
2012,전남,전남구례군,N,214137571000,301985242917,87847671917,41.0239
2012,전남,전남나주시,N,438190106000,713369868575,275179762575,62.7992
2012,전남,전남담양군,N,290856566000,408820015233,117963449233,40.5573
2012,전남,전남목포시,N,585486434000,713003850686,127517416686,21.7797
2012,전남,전남무안군,N,326072213000,468854741572,142782528572,43.7886
2012,전남,전남보성군,N,327438250000,450765962466,123327712466,37.6644
2012,전남,전남본청,Y,5664760056000,6931744996164,1266984940164,22.3661
2012,전남,전남순천시,N,762769036000,1005056161389,242287125389,31.7642
2012,전남,전남신안군,N,392924925000,609598889792,216673964792,55.1439
2012,전남,전남여수시,N,939519712000,1367512986537,427993274537,45.5545
2012,전남,전남영광군,N,357971631000,548022375177,190050744177,53.091
2012,전남,전남영암군,N,389821351000,519925183399,130103832399,33.3752
2012,전남,전남완도군,N,335733744000,552387245898,216653501898,64.5313
2012,전남,전남장성군,N,288908460000,422998143596,134089683596,46.4125
2012,전남,전남장흥군,N,278151134000,446048648249,167897514249,60.362
2012,전남,전남진도군,N,250123689000,419418665726,169294976726,67.6845
2012,전남,전남함평군,N,233827460000,344172854681,110345394681,47.1909
2012,전남,전남해남군,N,436010074000,626344399263,190334325263,43.6537
2012,전남,전남화순군,N,414651929000,581006155424,166354226424,40.119
2012,전북,전북고창군,N,386205143000,551656483427,165451340427,42.8403
2012,전북,전북군산시,N,814644585000,1019495850179,204851265179,25.1461
2012,전북,전북김제시,N,506011481000,633489915024,127478434024,25.1928
2012,전북,전북남원시,N,465373558000,565698865989,100325307989,21.558
2012,전북,전북무주군,N,244387877000,349781940358,105394063358,43.1257
2012,전북,전북본청,Y,4590444009000,5048281052331,457837043331,9.9737
2012,전북,전북부안군,N,344744743000,446858096036,102113353036,29.62
2012,전북,전북순창군,N,242700002000,336782332983,94082330983,38.7649
2012,전북,전북완주군,N,507191450000,688301599051,181110149051,35.7084
2012,전북,전북익산시,N,809878855000,1046013975385,236135120385,29.1568
2012,전북,전북임실군,N,288866144000,392837871848,103971727848,35.993
2012,전북,전북장수군,N,246534679000,348012270601,101477591601,41.1616
2012,전북,전북전주시,N,1204238451000,1394866650554,190628199554,15.8298
2012,전북,전북정읍시,N,565827594000,767985960301,202158366301,35.7279
2012,전북,전북진안군,N,259788634000,366625383834,106836749834,41.1245
2012,제주,제주본청,Y,3390632441000,4214780624895,824148183895,24.3066
2012,충남,충남계룡시,N,132735011000,174074726261,41339715261,31.1445
2012,충남,충남공주시,N,522236625000,713189095173,190952470173,36.5644
2012,충남,충남금산군,N,299966014000,413250806771,113284792771,37.7659
2012,충남,충남논산시,N,467000143000,633053768269,166053625269,35.5575
2012,충남,충남당진시,N,620635966000,764101173383,143465207383,23.1158
2012,충남,충남보령시,N,498759697000,631788679091,133028982091,26.672
2012,충남,충남본청,Y,4915500000000,5352153158910,436653158910,8.8832
2012,충남,충남부여군,N,388190311000,542086677897,153896366897,39.6446
2012,충남,충남서산시,N,544301176000,710714943918,166413767918,30.5738
2012,충남,충남서천군,N,323537738000,454896373058,131358635058,40.6007
2012,충남,충남아산시,N,783567706000,1046817833505,263250127505,33.5963
2012,충남,충남예산군,N,387463055000,519284601877,131821546877,34.0217
2012,충남,충남천안시,N,1201387994000,1379376899012,177988905012,14.8153
2012,충남,충남청양군,N,256677560000,378475040899,121797480899,47.4516
2012,충남,충남태안군,N,306983685000,484847720668,177864035668,57.9392
2012,충남,충남홍성군,N,422700310000,541792980599,119092670599,28.1743
2012,충북,충북괴산군,N,261697895000,424835958380,163138063380,62.3383
2012,충북,충북단양군,N,249483264000,342899236916,93415972916,37.4438
2012,충북,충북보은군,N,239079974000,322702575753,83622601753,34.9768
2012,충북,충북본청,Y,3308567275000,3688989088459,380421813459,11.4981
2012,충북,충북영동군,N,286388420000,411126832697,124738412697,43.5557
2012,충북,충북옥천군,N,285854635000,377730262010,91875627010,32.1407
2012,충북,충북음성군,N,357229644000,481058270776,123828626776,34.6636
2012,충북,충북제천시,N,476630757000,569554755748,92923998748,19.496
2012,충북,충북증평군,N,168280410000,208169791744,39889381744,23.7041
2012,충북,충북진천군,N,293314326000,365832190967,72517864967,24.7236
2012,충북,충북청원군,N,496963371000,681873115047,184909744047,37.2079
2012,충북,충북청주시,N,1101670218000,1375113446557,273443228557,24.8208
2012,충북,충북충주시,N,697938754000,914633782730,216695028730,31.0479
2013,강원,강원강릉시,N,647971496000,837379717157,189408221157,29.2309
2013,강원,강원고성군,N,251956256000,332195027392,80238771392,31.8463
2013,강원,강원동해시,N,292767027000,339244958905,46477931905,15.8754
2013,강원,강원본청,Y,4219834004000,5006437812589,786603808589,18.6406
2013,강원,강원삼척시,N,444880733000,565009719041,120128986041,27.0025
2013,강원,강원속초시,N,294853676000,354882865285,60029189285,20.359
2013,강원,강원양구군,N,248470914000,330407237554,81936323554,32.9762
2013,강원,강원양양군,N,220497661000,267668388873,47170727873,21.3928
2013,강원,강원영월군,N,283182237000,426484391046,143302154046,50.6042
2013,강원,강원원주시,N,804657154000,1126977906442,322320752442,40.0569
2013,강원,강원인제군,N,280785514000,397392145566,116606631566,41.5287
2013,강원,강원정선군,N,324025063000,442441711570,118416648570,36.5455
2013,강원,강원철원군,N,273893093000,370468800407,96575707407,35.2604
2013,강원,강원춘천시,N,923322521000,1309541278987,386218757987,41.8292
2013,강원,강원태백시,N,255965355000,363332742951,107367387951,41.9461
2013,강원,강원평창군,N,286735303000,436999735469,150264432469,52.4053
2013,강원,강원홍천군,N,406298761000,618351160664,212052399664,52.1912
2013,강원,강원화천군,N,230233674000,321608757368,91375083368,39.688
2013,강원,강원횡성군,N,301405713000,451068596651,149662883651,49.655
2013,경기,경기가평군,N,336821903000,473546399340,136724496340,40.5925
2013,경기,경기고양시,N,1456602469000,1899229254921,442626785921,30.3876
2013,경기,경기과천시,N,331609039000,392739797405,61130758405,18.4346
2013,경기,경기광명시,N,544357843000,736499685163,192141842163,35.297
2013,경기,경기광주시,N,543049069000,732062676290,189013607290,34.806
2013,경기,경기구리시,N,362334541000,538858907213,176524366213,48.7186
2013,경기,경기군포시,N,443753678000,586676773530,142923095530,32.2078
2013,경기,경기김포시,N,633886006000,891166355439,257280349439,40.5878
2013,경기,경기남양주시,N,927505188000,1230934190745,303429002745,32.7145
2013,경기,경기동두천시,N,301747304000,414609397820,112862093820,37.4029
2013,경기,경기본청,Y,16630920117000,18008713787202,1377793670202,8.2845
2013,경기,경기부천시,N,1138960114000,1453590010496,314629896496,27.6243
2013,경기,경기성남시,N,2357088769000,2874174807515,517086038515,21.9375
2013,경기,경기수원시,N,1874948413000,2398023349095,523074936095,27.8981
2013,경기,경기시흥시,N,1127721905000,1214299398624,86577493624,7.6772
2013,경기,경기안산시,N,1627149986000,2227279267469,600129281469,36.8822
2013,경기,경기안성시,N,564771963000,706900236816,142128273816,25.1656
2013,경기,경기안양시,N,883880961000,1185498596907,301617635907,34.1242
2013,경기,경기양주시,N,510432641000,684194208978,173761567978,34.042
2013,경기,경기양평군,N,415449373000,530362588424,114913215424,27.66
2013,경기,경기연천군,N,352221240000,541147701136,188926461136,53.6386
2013,경기,경기오산시,N,334776003000,491624269624,156848266624,46.8517
2013,경기,경기용인시,N,1563204818000,2128682071012,565477253012,36.1742
2013,경기,경기의왕시,N,282041057000,412293109527,130252052527,46.1819
2013,경기,경기의정부시,N,706162902000,858162723029,151999821029,21.5248
2013,경기,경기이천시,N,548049847000,849610847997,301561000997,55.0244
2013,경기,경기파주시,N,747780319000,963863796583,216083477583,28.8967
2013,경기,경기평택시,N,924657862000,1412244287329,487586425329,52.7316
2013,경기,경기포천시,N,453061609000,696670240975,243608631975,53.7694
2013,경기,경기하남시,N,454963279000,677665324745,222702045745,48.9495
2013,경기,경기화성시,N,1209087094000,1549075974414,339988880414,28.1195
2013,경남,경남거제시,N,525082638000,753019703688,227937065688,43.4098
2013,경남,경남거창군,N,408157739000,651371311850,243213572850,59.5881
2013,경남,경남고성군,N,326621332000,450091953196,123470621196,37.8024
2013,경남,경남김해시,N,1064936805000,1308645723778,243708918778,22.8848
2013,경남,경남남해군,N,326149878000,438691452566,112541574566,34.5061
2013,경남,경남밀양시,N,538678821000,689476512409,150797691409,27.994
2013,경남,경남본청,Y,6555036293000,8014715119658,1459678826658,22.2681
2013,경남,경남사천시,N,458215316000,556757211423,98541895423,21.5056
2013,경남,경남산청군,N,322079184000,430770316412,108691132412,33.7467
2013,경남,경남양산시,N,655800213000,947241263525,291441050525,44.4405
2013,경남,경남의령군,N,325554560000,419304714311,93750154311,28.7971
2013,경남,경남진주시,N,1005223852000,1236468730001,231244878001,23.0043
2013,경남,경남창녕군,N,387660516000,488666021153,101005505153,26.0551
2013,경남,경남창원시,N,2478206483000,2951642871228,473436388228,19.104
2013,경남,경남통영시,N,431832092000,608512388926,176680296926,40.9141
2013,경남,경남하동군,N,337869700000,438643664631,100773964631,29.8263
2013,경남,경남함안군,N,346072868000,399930612024,53857744024,15.5625
2013,경남,경남함양군,N,327616306000,462397134410,134780828410,41.1398
2013,경남,경남합천군,N,392200885000,589196096707,196995211707,50.2281
2013,경북,경북경산시,N,555912820000,720194592719,164281772719,29.5517
2013,경북,경북경주시,N,1047237866000,1403762081642,356524215642,34.0442
2013,경북,경북고령군,N,245855202000,381088366415,135233164415,55.0052
2013,경북,경북구미시,N,1062937893000,1357407182702,294469289702,27.7033
2013,경북,경북군위군,N,228291909000,323747444706,95455535706,41.8129
2013,경북,경북김천시,N,588099679000,870580475979,282480796979,48.0328
2013,경북,경북문경시,N,447504747000,541223621174,93718874174,20.9425
2013,경북,경북본청,Y,7068818092000,8086823789497,1018005697497,14.4014
2013,경북,경북봉화군,N,302293791000,385627754212,83333963212,27.5672
2013,경북,경북상주시,N,629111357000,780378763986,151267406986,24.0446
2013,경북,경북성주군,N,303559879000,479030097780,175470218780,57.8042
2013,경북,경북안동시,N,762890000000,1025270887714,262380887714,34.393
2013,경북,경북영덕군,N,315064909000,381093162591,66028253591,20.957
2013,경북,경북영양군,N,216764119000,297470599874,80706480874,37.2324
2013,경북,경북영주시,N,521843418000,675213697186,153370279186,29.3901
2013,경북,경북영천시,N,596048148000,831475266218,235427118218,39.498
2013,경북,경북예천군,N,321144573000,396467444987,75322871987,23.4545
2013,경북,경북울릉군,N,142336096000,201282684275,58946588275,41.4137
2013,경북,경북울진군,N,458208557000,639775146487,181566589487,39.6253
2013,경북,경북의성군,N,417105359000,556956120816,139850761816,33.5289
2013,경북,경북청도군,N,305414808000,440798765830,135383957830,44.3279
2013,경북,경북청송군,N,252579112000,353526698346,100947586346,39.9667
2013,경북,경북칠곡군,N,401377180000,558580256340,157203076340,39.1659
2013,경북,경북포항시,N,1261929668000,1479412567869,217482899869,17.2342
2013,광주,광주광산구,N,362689635000,480770609337,118080974337,32.557
2013,광주,광주남구,N,217736387000,323495083945,105758696945,48.5719
2013,광주,광주동구,N,162475774000,260955671441,98479897441,60.6121
2013,광주,광주본청,Y,3495638850000,4242406920455,746768070455,21.3628
2013,광주,광주북구,N,374326643000,498020895102,123694252102,33.0445
2013,광주,광주서구,N,267229429000,375999471410,108770042410,40.7029
2013,대구,대구남구,N,184985163000,220223122412,35237959412,19.0491
2013,대구,대구달서구,N,421132268000,506074603399,84942335399,20.17
2013,대구,대구달성군,N,416196397000,574446458894,158250061894,38.0229
2013,대구,대구동구,N,335953000000,423989489350,88036489350,26.205
2013,대구,대구본청,Y,6061163228000,7199890433136,1138727205136,18.7873
2013,대구,대구북구,N,369280864000,433717627714,64436763714,17.4493
2013,대구,대구서구,N,203266658000,230221184289,26954526289,13.2607
2013,대구,대구수성구,N,356385469000,434955340451,78569871451,22.0463
2013,대구,대구중구,N,144334563000,179172621321,34838058321,24.137
2013,대전,대전대덕구,N,243679976000,308915563469,65235587469,26.771
2013,대전,대전동구,N,306111919000,394045498613,87933579613,28.726
2013,대전,대전본청,Y,3706749120000,4603697587932,896948467932,24.1977
2013,대전,대전서구,N,372250960000,522509777648,150258817648,40.3649
2013,대전,대전유성구,N,309284112000,432204828945,122920716945,39.7436
2013,대전,대전중구,N,266601206000,355936848982,89335642982,33.5091
2013,부산,부산강서구,N,158924578000,261205273517,102280695517,64.358
2013,부산,부산금정구,N,231209165000,313708311073,82499146073,35.6816
2013,부산,부산기장군,N,369694630000,465390037473,95695407473,25.885
2013,부산,부산남구,N,197881045000,300011420642,102130375642,51.612
2013,부산,부산동구,N,155665726000,206060602807,50394876807,32.3738
2013,부산,부산동래구,N,238118061000,301066010570,62947949570,26.4356
2013,부산,부산본청,Y,8845982007000,10673329509434,1827347502434,20.6574
2013,부산,부산부산진구,N,311381383000,411482339590,100100956590,32.1474
2013,부산,부산북구,N,251845815000,329661669700,77815854700,30.8982
2013,부산,부산사상구,N,235118613000,299816768015,64698155015,27.5172
2013,부산,부산사하구,N,283853901000,372567126376,88713225376,31.2531
2013,부산,부산서구,N,167444975000,211355178752,43910203752,26.2237
2013,부산,부산수영구,N,154458640000,203234605300,48775965300,31.5787
2013,부산,부산연제구,N,225749151000,275478537550,49729386550,22.0286
2013,부산,부산영도구,N,157156085000,219475110860,62319025860,39.6542
2013,부산,부산중구,N,104078632000,153118068388,49039436388,47.1177
2013,부산,부산해운대구,N,335290424000,447455418316,112164994316,33.4531
2013,서울,서울강남구,N,785483202000,919494092751,134010890751,17.0609
2013,서울,서울강동구,N,392466541000,456980195952,64513654952,16.438
2013,서울,서울강북구,N,364966784000,447070968951,82104184951,22.4963
2013,서울,서울강서구,N,510240593000,586774224714,76533631714,14.9995
2013,서울,서울관악구,N,397781064000,469743917323,71962853323,18.0911
2013,서울,서울광진구,N,320355348000,392758793107,72403445107,22.601
2013,서울,서울구로구,N,407225694000,484244684156,77018990156,18.9131
2013,서울,서울금천구,N,300828747000,344521675060,43692928060,14.5242
2013,서울,서울노원구,N,520504741000,598796222865,78291481865,15.0415
2013,서울,서울도봉구,N,316673122000,389195130704,72522008704,22.9012
2013,서울,서울동대문구,N,362738488000,428801613242,66063125242,18.2123
2013,서울,서울동작구,N,365195452000,412822877547,47627425547,13.0416
2013,서울,서울마포구,N,420629432000,503486556630,82857124630,19.6984
2013,서울,서울본청,Y,24636431859000,26802951361098,2166519502098,8.794
2013,서울,서울서대문구,N,320550748000,370478284313,49927536313,15.5755
2013,서울,서울서초구,N,523648221000,601876376980,78228155980,14.9391
2013,서울,서울성동구,N,346015788000,422553098560,76537310560,22.1196
2013,서울,서울성북구,N,420822370000,485625323634,64802953634,15.3991
2013,서울,서울송파구,N,474540072000,542823636367,68283564367,14.3894
2013,서울,서울양천구,N,416127159000,471314271168,55187112168,13.2621
2013,서울,서울영등포구,N,411445144000,482256785696,70811641696,17.2105
2013,서울,서울용산구,N,295163297000,345527844708,50364547708,17.0633
2013,서울,서울은평구,N,412777493000,482883871164,70106378164,16.9841
2013,서울,서울종로구,N,356245601000,443177511922,86931910922,24.4022
2013,서울,서울중구,N,305576026000,378816374896,73240348896,23.968
2013,서울,서울중랑구,N,363109541000,415390227569,52280686569,14.398
2013,세종,세종본청,Y,617834632000,864159564049,246324932049,39.8691
2013,울산,울산남구,N,289186186000,393915688897,104729502897,36.2153
2013,울산,울산동구,N,162740214000,236099652830,73359438830,45.0776
2013,울산,울산본청,Y,2759707672000,3306233277249,546525605249,19.8037
2013,울산,울산북구,N,189442968000,253865264436,64422296436,34.0062
2013,울산,울산울주군,N,516804197000,730091180915,213286983915,41.2704
2013,울산,울산중구,N,222705401000,324387113955,101681712955,45.6575
2013,인천,인천강화군,N,356650736000,501039292926,144388556926,40.4846
2013,인천,인천계양구,N,278584679000,347037865074,68453186074,24.5718
2013,인천,인천남구,N,370586117000,420216426182,49630309182,13.3924
2013,인천,인천남동구,N,461666262000,562990667718,101324405718,21.9475
2013,인천,인천동구,N,154113335000,184740919459,30627584459,19.8734
2013,인천,인천본청,Y,7262039680000,9344589134422,2082549454422,28.6772
2013,인천,인천부평구,N,437869593000,535068368518,97198775518,22.1981
2013,인천,인천서구,N,410475733000,560479203665,150003470665,36.5438
2013,인천,인천연수구,N,288492845000,342894621581,54401776581,18.8572
2013,인천,인천옹진군,N,225865623000,320762809107,94897186107,42.0149
2013,인천,인천중구,N,237823794000,323542574322,85718780322,36.043
2013,전남,전남강진군,N,255841981000,362433898899,106591917899,41.6632
2013,전남,전남고흥군,N,425956028000,657792026580,231835998580,54.4272
2013,전남,전남곡성군,N,267698810000,348837832029,81139022029,30.3098
2013,전남,전남광양시,N,523500177000,646007148683,122506971683,23.4015
2013,전남,전남구례군,N,233215009000,316060460075,82845451075,35.5232
2013,전남,전남나주시,N,457385519000,711616398174,254230879174,55.5835
2013,전남,전남담양군,N,303419964000,414920105650,111500141650,36.7478
2013,전남,전남목포시,N,580889057000,737967057565,157078000565,27.041
2013,전남,전남무안군,N,311510310000,481607215750,170096905750,54.6039
2013,전남,전남보성군,N,351627155000,472721031973,121093876973,34.4381
2013,전남,전남본청,Y,6100125250000,7270661979569,1170536729569,19.1887
2013,전남,전남순천시,N,745190812000,1064464733095,319273921095,42.8446
2013,전남,전남신안군,N,396282195000,589870959963,193588764963,48.8512
2013,전남,전남여수시,N,808291313000,1202969472241,394678159241,48.8287
2013,전남,전남영광군,N,377840217000,563963360452,186123143452,49.2597
2013,전남,전남영암군,N,373279330000,502513588357,129234258357,34.6213
2013,전남,전남완도군,N,357627390000,545103327134,187475937134,52.4221
2013,전남,전남장성군,N,312342876000,434688607060,122345731060,39.1703
2013,전남,전남장흥군,N,298910409000,441047146982,142136737982,47.5516
2013,전남,전남진도군,N,256052480000,402765261068,146712781068,57.2979
2013,전남,전남함평군,N,253257330000,402371285460,149113955460,58.8784
2013,전남,전남해남군,N,453831382000,659733478083,205902096083,45.3697
2013,전남,전남화순군,N,398018672000,583451542627,185432870627,46.589
2013,전북,전북고창군,N,416414318000,535011240864,118596922864,28.4805
2013,전북,전북군산시,N,886145794000,1089881013208,203735219208,22.9912
2013,전북,전북김제시,N,546762649000,702796986580,156034337580,28.5379
2013,전북,전북남원시,N,507146087000,610091422393,102945335393,20.299
2013,전북,전북무주군,N,281023209000,373943898568,92920689568,33.0651
2013,전북,전북본청,Y,4947312104000,5363748771201,416436667201,8.4174
2013,전북,전북부안군,N,402307053000,496585470418,94278417418,23.4344
2013,전북,전북순창군,N,294573570000,376303242690,81729672690,27.7451
2013,전북,전북완주군,N,547048697000,685507297241,138458600241,25.3101
2013,전북,전북익산시,N,854183244000,1160451419490,306268175490,35.8551
2013,전북,전북임실군,N,287005499000,402003098973,114997599973,40.0681
2013,전북,전북장수군,N,281177135000,382315872672,101138737672,35.9698
2013,전북,전북전주시,N,1235406868000,1565993936298,330587068298,26.7594
2013,전북,전북정읍시,N,568394970000,756647863517,188252893517,33.1201
2013,전북,전북진안군,N,278772091000,380548471596,101776380596,36.5088
2013,제주,제주본청,Y,3697610428000,4798127542806,1100517114806,29.7629
2013,충남,충남계룡시,N,133650869000,198377813218,64726944218,48.4299
2013,충남,충남공주시,N,511001894000,693448670381,182446776381,35.7037
2013,충남,충남금산군,N,308165884000,448163414346,139997530346,45.4293
2013,충남,충남논산시,N,518480561000,662337283016,143856722016,27.7458
2013,충남,충남당진시,N,570332410000,813815474447,243483064447,42.6914
2013,충남,충남보령시,N,534829985000,719428192198,184598207198,34.5153
2013,충남,충남본청,Y,4873539000000,5290584216566,417045216566,8.5573
2013,충남,충남부여군,N,389533746000,588848447386,199314701386,51.1675
2013,충남,충남서산시,N,576986139000,743984521515,166998382515,28.9432
2013,충남,충남서천군,N,346768656000,492596938606,145828282606,42.0535
2013,충남,충남아산시,N,815621211000,1072976210486,257354999486,31.5532
2013,충남,충남예산군,N,395853272000,524458666514,128605394514,32.4881
2013,충남,충남천안시,N,1227918384000,1486333672282,258415288282,21.045
2013,충남,충남청양군,N,257712622000,368857715847,111145093847,43.1275
2013,충남,충남태안군,N,339894715000,488147448627,148252733627,43.6173
2013,충남,충남홍성군,N,395681296000,535947713986,140266417986,35.4493
2013,충북,충북괴산군,N,267616063000,438169325630,170553262630,63.7306
2013,충북,충북단양군,N,258225774000,351781088340,93555314340,36.23
2013,충북,충북보은군,N,259805384000,354323698060,94518314060,36.3804
2013,충북,충북본청,Y,3457781694000,3956133780042,498352086042,14.4125
2013,충북,충북영동군,N,307783661000,449582971820,141799310820,46.0711
2013,충북,충북옥천군,N,313719588000,439954662330,126235074330,40.2382
2013,충북,충북음성군,N,413824850000,530597113535,116772263535,28.2178
2013,충북,충북제천시,N,505580835000,631715897849,126135062849,24.9485
2013,충북,충북증평군,N,151341001000,224889198815,73548197815,48.5977
2013,충북,충북진천군,N,317260210000,387257925919,69997715919,22.0632
2013,충북,충북청원군,N,514882069000,738645702401,223763633401,43.4592
2013,충북,충북청주시,N,1128229539000,1474519598540,346290059540,30.6932
2013,충북,충북충주시,N,741863096000,929994778171,188131682171,25.3594
2014,강원,강원강릉시,N,688130478000,873057228904,184926750904,26.8738
2014,강원,강원고성군,N,272384866000,352399679674,80014813674,29.3756
2014,강원,강원동해시,N,296488192000,339806149074,43317957074,14.6103
2014,강원,강원본청,Y,4534614247000,5215012542570,680398295570,15.0045
2014,강원,강원삼척시,N,456823071000,569281931968,112458860968,24.6176
2014,강원,강원속초시,N,293798080000,351604990059,57806910059,19.6757
2014,강원,강원양구군,N,264270290000,334091576048,69821286048,26.4204
2014,강원,강원양양군,N,216904325000,276786966962,59882641962,27.6079
2014,강원,강원영월군,N,294836511000,407994828975,113158317975,38.38
2014,강원,강원원주시,N,841019958000,1133724462164,292704504164,34.8035
2014,강원,강원인제군,N,306578382000,403615143504,97036761504,31.6515
2014,강원,강원정선군,N,324836918000,463408301460,138571383460,42.6588
2014,강원,강원철원군,N,287645969000,389584322085,101938353085,35.4388
2014,강원,강원춘천시,N,967953618000,1258380378413,290426760413,30.0042
2014,강원,강원태백시,N,312069292000,394421010664,82351718664,26.3889
2014,강원,강원평창군,N,307092192000,456637637211,149545445211,48.6972
2014,강원,강원홍천군,N,425967383000,637303696027,211336313027,49.6133
2014,강원,강원화천군,N,248257698000,312638053345,64380355345,25.9329
2014,강원,강원횡성군,N,323441916000,475407253370,151965337370,46.9838
2014,경기,경기가평군,N,345340063000,517130786959,171790723959,49.7454
2014,경기,경기고양시,N,1420648218000,1813985554717,393337336717,27.6872
2014,경기,경기과천시,N,258396863000,422618841855,164221978855,63.5542
2014,경기,경기광명시,N,600945608000,785101929885,184156321885,30.6444
2014,경기,경기광주시,N,620853079000,760610936592,139757857592,22.5106
2014,경기,경기구리시,N,345009098000,563566247672,218557149672,63.3482
2014,경기,경기군포시,N,653825366000,654307831494,482465494,0.0738
2014,경기,경기김포시,N,873781699000,959814680479,86032981479,9.846
2014,경기,경기남양주시,N,1048735025000,1288979911759,240244886759,22.9081
2014,경기,경기동두천시,N,284638929000,374099397990,89460468990,31.4295
2014,경기,경기본청,Y,16958522169000,20007984920533,3049462751533,17.9819
2014,경기,경기부천시,N,1188997428000,1570694936251,381697508251,32.1025
2014,경기,경기성남시,N,2389502232000,2811298430066,421796198066,17.6521
2014,경기,경기수원시,N,2031541293000,2532334783380,500793490380,24.6509
2014,경기,경기시흥시,N,1184147478000,1524127827464,339980349464,28.711
2014,경기,경기안산시,N,1422427967000,1737589699295,315161732295,22.1566
2014,경기,경기안성시,N,539314667000,707318916686,168004249686,31.1514
2014,경기,경기안양시,N,900263713000,1199948698380,299684985380,33.2886
2014,경기,경기양주시,N,496016589000,732466662954,236450073954,47.6698
2014,경기,경기양평군,N,434881692000,524448017989,89566325989,20.5956
2014,경기,경기여주시,N,480975484000,706828207538,225852723538,46.9572
2014,경기,경기연천군,N,345961791000,493920009039,147958218039,42.7672
2014,경기,경기오산시,N,361943452000,500103330883,138159878883,38.1717
2014,경기,경기용인시,N,1639354092000,2161859105923,522505013923,31.8726
2014,경기,경기의왕시,N,286578799000,437036339380,150457540380,52.5013
2014,경기,경기의정부시,N,731162296000,885652539176,154490243176,21.1294
2014,경기,경기이천시,N,527046765000,830199746086,303152981086,57.5192
2014,경기,경기파주시,N,782237909000,960387269019,178149360019,22.7743
2014,경기,경기평택시,N,964159528000,1473753627996,509594099996,52.8537
2014,경기,경기포천시,N,569723455000,761447727997,191724272997,33.6522
2014,경기,경기하남시,N,391050819000,578661591336,187610772336,47.9761
2014,경기,경기화성시,N,1267930841000,1741378234792,473447393792,37.3402
2014,경남,경남거제시,N,630948167000,800648176506,169700009506,26.896
2014,경남,경남거창군,N,429242243000,576570002517,147327759517,34.3228
2014,경남,경남고성군,N,346231833000,483440125341,137208292341,39.629
2014,경남,경남김해시,N,1090927432000,1384534464211,293607032211,26.9135
2014,경남,경남남해군,N,331861335000,432529816676,100668481676,30.3345
2014,경남,경남밀양시,N,598581816000,726564109331,127982293331,21.3809
2014,경남,경남본청,Y,6877120300000,8115798472508,1238678172508,18.0116
2014,경남,경남사천시,N,459717899000,580320386724,120602487724,26.234
2014,경남,경남산청군,N,310249361000,393668009733,83418648733,26.8876
2014,경남,경남양산시,N,663382182000,923684204777,260302022777,39.2386
2014,경남,경남의령군,N,327298085000,432372036605,105073951605,32.1034
2014,경남,경남진주시,N,1029041293000,1320394382537,291353089537,28.3131
2014,경남,경남창녕군,N,389403293000,489417764182,100014471182,25.684
2014,경남,경남창원시,N,2543142944000,2989792399037,446649455037,17.5629
2014,경남,경남통영시,N,433208580000,602473028979,169264448979,39.0723
2014,경남,경남하동군,N,342437891000,453948392091,111510501091,32.5637
2014,경남,경남함안군,N,364370234000,434479023004,70108789004,19.2411
2014,경남,경남함양군,N,332934049000,451469014712,118534965712,35.6031
2014,경남,경남합천군,N,413794008000,560703689268,146909681268,35.5031
2014,경북,경북경산시,N,604379246000,801895477579,197516231579,32.6808
2014,경북,경북경주시,N,1033816136000,1431267395994,397451259994,38.4451
2014,경북,경북고령군,N,247947909000,356358245178,108410336178,43.723
2014,경북,경북구미시,N,1085980524000,1372008505318,286027981318,26.3382
2014,경북,경북군위군,N,236586510000,337782189685,101195679685,42.7732
2014,경북,경북김천시,N,634064101000,853742424597,219678323597,34.6461
2014,경북,경북문경시,N,484074435000,557755833538,73681398538,15.2211
2014,경북,경북본청,Y,7511928970000,8511690110060,999761140060,13.309
2014,경북,경북봉화군,N,292308142000,405271939825,112963797825,38.6455
2014,경북,경북상주시,N,625264835000,780732350381,155467515381,24.8643
2014,경북,경북성주군,N,307372467000,410935535870,103563068870,33.693
2014,경북,경북안동시,N,790619000000,1079326310908,288707310908,36.5166
2014,경북,경북영덕군,N,324400307000,381398359342,56998052342,17.5703
2014,경북,경북영양군,N,216909448000,297807385817,80897937817,37.2957
2014,경북,경북영주시,N,521911343000,695343412318,173432069318,33.2302
2014,경북,경북영천시,N,608331701000,763255715622,154924014622,25.467
2014,경북,경북예천군,N,323606074000,417965060689,94358986689,29.1586
2014,경북,경북울릉군,N,156853154000,200292796541,43439642541,27.6945
2014,경북,경북울진군,N,458247684000,639992743327,181745059327,39.6609
2014,경북,경북의성군,N,430971918000,578414016850,147442098850,34.2115
2014,경북,경북청도군,N,315285039000,451107829272,135822790272,43.0794
2014,경북,경북청송군,N,271126725000,348636663445,77509938445,28.5881
2014,경북,경북칠곡군,N,411111990000,547946547005,136834557005,33.284
2014,경북,경북포항시,N,1328887337000,1505561476883,176674139883,13.2949
2014,광주,광주광산구,N,419983179000,517053422264,97070243264,23.1129
2014,광주,광주남구,N,261733657000,347752262497,86018605497,32.8649
2014,광주,광주동구,N,181203470000,250181269874,68977799874,38.0665
2014,광주,광주본청,Y,3682510436000,4435829327947,753318891947,20.4567
2014,광주,광주북구,N,417840892000,535848101611,118007209611,28.2421
2014,광주,광주서구,N,298269001000,395098976093,96829975093,32.464
2014,대구,대구남구,N,214333446000,252934709709,38601263709,18.0099
2014,대구,대구달서구,N,489476130000,561623758986,72147628986,14.7398
2014,대구,대구달성군,N,446021909000,634746467263,188724558263,42.3128
2014,대구,대구동구,N,386313418000,451516744853,65203326853,16.8783
2014,대구,대구본청,Y,6173154962000,7314704606176,1141549644176,18.4922
2014,대구,대구북구,N,428334429000,478198742599,49864313599,11.6414
2014,대구,대구서구,N,234331747000,266298046282,31966299282,13.6415
2014,대구,대구수성구,N,395587470000,456519167031,60931697031,15.4028
2014,대구,대구중구,N,161362626000,203542493855,42179867855,26.1398
2014,대전,대전대덕구,N,278394411000,347440501212,69046090212,24.8015
2014,대전,대전동구,N,313667609000,378886854887,65219245887,20.7925
2014,대전,대전본청,Y,3743905317000,4766885593620,1022980276620,27.3239
2014,대전,대전서구,N,423695559000,543188725846,119493166846,28.2026
2014,대전,대전유성구,N,377584849000,480848583645,103263734645,27.3485
2014,대전,대전중구,N,289075030000,373942710611,84867680611,29.3584
2014,부산,부산강서구,N,173351722000,278165666398,104813944398,60.4632
2014,부산,부산금정구,N,242713373000,341317030760,98603657760,40.6256
2014,부산,부산기장군,N,362509730000,644629939407,282120209407,77.8242
2014,부산,부산남구,N,233868650000,328676126366,94807476366,40.5388
2014,부산,부산동구,N,176999147000,231624097725,54624950725,30.8617
2014,부산,부산동래구,N,254733502000,338453314660,83719812660,32.8656
2014,부산,부산본청,Y,8951204026000,10924749152826,1973545126826,22.0478
2014,부산,부산부산진구,N,345777301000,449101533680,103324232680,29.8817
2014,부산,부산북구,N,285996116000,370122542956,84126426956,29.4152
2014,부산,부산사상구,N,269776834000,329514141226,59737307226,22.1432
2014,부산,부산사하구,N,314220095000,396399882619,82179787619,26.1536
2014,부산,부산서구,N,190518274000,240050539877,49532265877,25.9987
2014,부산,부산수영구,N,190312695000,229548589740,39235894740,20.6165
2014,부산,부산연제구,N,233233123000,273422523400,40189400400,17.2314
2014,부산,부산영도구,N,181229632000,233487840070,52258208070,28.8354
2014,부산,부산중구,N,111224447000,157180164963,45955717963,41.318
2014,부산,부산해운대구,N,380536000000,475916287008,95380287008,25.0647
2014,서울,서울강남구,N,812548390000,992921127057,180372737057,22.1984
2014,서울,서울강동구,N,422537164000,496473665564,73936501564,17.4982
2014,서울,서울강북구,N,401344742000,474865770302,73521028302,18.3187
2014,서울,서울강서구,N,563512292000,668027659664,104515367664,18.5471
2014,서울,서울관악구,N,444332212000,537478487975,93146275975,20.9632
2014,서울,서울광진구,N,351279064000,433965126902,82686062902,23.5386
2014,서울,서울구로구,N,467369432000,556544246607,89174814607,19.0802
2014,서울,서울금천구,N,299826362000,352245820760,52419458760,17.4833
2014,서울,서울노원구,N,573019497000,664330444749,91310947749,15.9351
2014,서울,서울도봉구,N,348912921000,430227954648,81315033648,23.3053
2014,서울,서울동대문구,N,393152966000,451733622806,58580656806,14.9002
2014,서울,서울동작구,N,386423037000,432708892532,46285855532,11.978
2014,서울,서울마포구,N,465682359000,549509893929,83827534929,18.001
2014,서울,서울본청,Y,25517088597000,28209587474530,2692498877530,10.5517
2014,서울,서울서대문구,N,340429852000,392102283992,51672431992,15.1786
2014,서울,서울서초구,N,587794442000,667675104508,79880662508,13.5899
2014,서울,서울성동구,N,378057113000,419026249163,40969136163,10.8368
2014,서울,서울성북구,N,461253450000,543687927567,82434477567,17.8718
2014,서울,서울송파구,N,518541553000,583460877231,64919324231,12.5196
2014,서울,서울양천구,N,449741194000,520322403919,70581209919,15.6937
2014,서울,서울영등포구,N,443953243000,553417502995,109464259995,24.6567
2014,서울,서울용산구,N,314861863000,365319069668,50457206668,16.0252
2014,서울,서울은평구,N,448481389000,521609201281,73127812281,16.3057
2014,서울,서울종로구,N,384331724000,470699723625,86367999625,22.4723
2014,서울,서울중구,N,311561612000,392738068010,81176456010,26.0547
2014,서울,서울중랑구,N,403542948000,474637626001,71094678001,17.6176
2014,세종,세종본청,Y,790016057000,1304344814813,514328757813,65.1036
2014,울산,울산남구,N,342504680000,416121503995,73616823995,21.4937
2014,울산,울산동구,N,190108650000,254041932812,63933282812,33.6299
2014,울산,울산본청,Y,2939311217000,3504444496149,565133279149,19.2267
2014,울산,울산북구,N,210533245000,265923901685,55390656685,26.3097
2014,울산,울산울주군,N,588004799000,813645566294,225640767294,38.374
2014,울산,울산중구,N,231780335000,323033586592,91253251592,39.3706
2014,인천,인천강화군,N,358484419000,492907878580,134423459580,37.4977
2014,인천,인천계양구,N,322031549000,381897422219,59865873219,18.5901
2014,인천,인천남구,N,413802858000,455463357657,41660499657,10.0677
2014,인천,인천남동구,N,518455487000,601086433256,82630946256,15.9379
2014,인천,인천동구,N,165671161000,208320438968,42649277968,25.7433
2014,인천,인천본청,Y,8173812626000,8968414906338,794602280338,9.7213
2014,인천,인천부평구,N,507820412000,588026775485,80206363485,15.7942
2014,인천,인천서구,N,478349732000,583896485851,105546753851,22.0648
2014,인천,인천연수구,N,331177248000,380170843371,48993595371,14.7938
2014,인천,인천옹진군,N,270176180000,332182816313,62006636313,22.9504
2014,인천,인천중구,N,266867198000,352859629911,85992431911,32.2229
2014,전남,전남강진군,N,288145465000,404772746282,116627281282,40.4751
2014,전남,전남고흥군,N,455646667000,672172654257,216525987257,47.5206
2014,전남,전남곡성군,N,273952311000,374245511323,100293200323,36.6097
2014,전남,전남광양시,N,497364502000,657941419122,160576917122,32.2856
2014,전남,전남구례군,N,241028959000,317821005643,76792046643,31.8601
2014,전남,전남나주시,N,494957121000,745808391450,250851270450,50.6814
2014,전남,전남담양군,N,317846741000,403397652306,85550911306,26.9158
2014,전남,전남목포시,N,602993897000,715966636837,112972739837,18.7353
2014,전남,전남무안군,N,352040497000,553094571630,201054074630,57.1111
2014,전남,전남보성군,N,358779022000,469437998969,110658976969,30.8432
2014,전남,전남본청,Y,6130308107000,6843818871650,713510764650,11.6391
2014,전남,전남순천시,N,816116963000,1096821456703,280704493703,34.3951
2014,전남,전남신안군,N,399124488000,574743065291,175618577291,44.001
2014,전남,전남여수시,N,815575486000,1147274623735,331699137735,40.6706
2014,전남,전남영광군,N,407329726000,580014459707,172684733707,42.3943
2014,전남,전남영암군,N,384982739000,507279270028,122296531028,31.7668
2014,전남,전남완도군,N,359551069000,528327073388,168776004388,46.9408
2014,전남,전남장성군,N,319199867000,437646920680,118447053680,37.1075
2014,전남,전남장흥군,N,307080646000,418646631638,111565985638,36.3312
2014,전남,전남진도군,N,270678291000,428997397767,158319106767,58.4898
2014,전남,전남함평군,N,277678370000,440262839087,162584469087,58.5514
2014,전남,전남해남군,N,471959145000,694884122884,222924977884,47.234
2014,전남,전남화순군,N,371429661000,556278622249,184848961249,49.7669
2014,전북,전북고창군,N,423778698000,549572379889,125793681889,29.6838
2014,전북,전북군산시,N,906591999000,1051659352329,145067353329,16.0014
2014,전북,전북김제시,N,568296605000,685964073246,117667468246,20.7053
2014,전북,전북남원시,N,507476173000,629987549872,122511376872,24.1413
2014,전북,전북무주군,N,286486894000,372177985278,85691091278,29.911
2014,전북,전북본청,Y,5134323385000,5590510415516,456187030516,8.885
2014,전북,전북부안군,N,410783991000,494549446645,83765455645,20.3916
2014,전북,전북순창군,N,295885716000,395266689197,99380973197,33.5876
2014,전북,전북완주군,N,574051349000,715195699163,141144350163,24.5874
2014,전북,전북익산시,N,898207650000,1127694643496,229486993496,25.5494
2014,전북,전북임실군,N,293078230000,430287454707,137209224707,46.8166
2014,전북,전북장수군,N,266127949000,386541957542,120414008542,45.2467
2014,전북,전북전주시,N,1272542503000,1629015783338,356473280338,28.0127
2014,전북,전북정읍시,N,604748270000,765979604585,161231334585,26.6609
2014,전북,전북진안군,N,306776494000,410461775424,103685281424,33.7983
2014,제주,제주본청,Y,3954027432000,4919951398411,965923966411,24.4289
2014,충남,충남계룡시,N,144271891000,207419791367,63147900367,43.7701
2014,충남,충남공주시,N,528898921000,752572952130,223674031130,42.2905
2014,충남,충남금산군,N,335208795000,448616801254,113408006254,33.832
2014,충남,충남논산시,N,557125282000,682555088981,125429806981,22.5138
2014,충남,충남당진시,N,603830647000,852512642855,248681995855,41.1841
2014,충남,충남보령시,N,535674476000,706768333412,171093857412,31.9399
2014,충남,충남본청,Y,5081737000000,5745345144957,663608144957,13.0587
2014,충남,충남부여군,N,408606380000,606859580602,198253200602,48.5194
2014,충남,충남서산시,N,624207952000,819347993196,195140041196,31.262
2014,충남,충남서천군,N,369681112000,520619247925,150938135925,40.8293
2014,충남,충남아산시,N,931581691000,1139412630888,207830939888,22.3095
2014,충남,충남예산군,N,434308022000,563383494062,129075472062,29.7198
2014,충남,충남천안시,N,1290341223000,1604721818199,314380595199,24.3641
2014,충남,충남청양군,N,276423003000,381601238639,105178235639,38.0497
2014,충남,충남태안군,N,380845743000,528055631684,147209888684,38.6534
2014,충남,충남홍성군,N,430491673000,572020427083,141528754083,32.8761
2014,충북,충북괴산군,N,290494761000,480620148470,190125387470,65.4488
2014,충북,충북단양군,N,255218882000,352444359000,97225477000,38.0949
2014,충북,충북보은군,N,287913001000,376949090359,89036089359,30.9247
2014,충북,충북본청,Y,3691105367000,4176048552856,484943185856,13.1382
2014,충북,충북영동군,N,345959538000,485595591820,139636053820,40.362
2014,충북,충북옥천군,N,328781206000,455820253630,127039047630,38.6394
2014,충북,충북음성군,N,418834260000,547986670920,129152410920,30.8362
2014,충북,충북제천시,N,565439229000,706549783191,141110554191,24.9559
2014,충북,충북증평군,N,183779356000,230507825620,46728469620,25.4264
2014,충북,충북진천군,N,326984542000,420589503989,93604961989,28.6267
2014,충북,충북충주시,N,745321143000,945540382391,200219239391,26.8635
2015,강원,강원강릉시,N,710633317000,909386748647,198753431647,27.9685
2015,강원,강원고성군,N,274158303000,355581535669,81423232669,29.6993
2015,강원,강원동해시,N,307454705000,359087725817,51633020817,16.7937
2015,강원,강원본청,Y,5146235899000,6065933075195,919697176195,17.8713
2015,강원,강원삼척시,N,464289957000,600196385702,135906428702,29.2719
2015,강원,강원속초시,N,272845473000,369395728197,96550255197,35.3864
2015,강원,강원양구군,N,270275340000,351196042662,80920702662,29.9401
2015,강원,강원양양군,N,241914075000,302515021635,60600946635,25.0506
2015,강원,강원영월군,N,305781366000,432837596334,127056230334,41.5513
2015,강원,강원원주시,N,904477389000,1242452958885,337975569885,37.3669
2015,강원,강원인제군,N,317033090000,418004643274,100971553274,31.8489
2015,강원,강원정선군,N,367861752000,501643357960,133781605960,36.3674
2015,강원,강원철원군,N,315941763000,436817114974,120875351974,38.2587
2015,강원,강원춘천시,N,995319650000,1285889676215,290570026215,29.1936
2015,강원,강원태백시,N,336386611000,401770254692,65383643692,19.4371
2015,강원,강원평창군,N,338717357000,480562856006,141845499006,41.8772
2015,강원,강원홍천군,N,435014648000,624945304537,189930656537,43.6607
2015,강원,강원화천군,N,262918910000,326748007829,63829097829,24.2771
2015,강원,강원횡성군,N,308136850000,460994943225,152858093225,49.6072
2015,경기,경기가평군,N,396018166000,570726917545,174708751545,44.1163
2015,경기,경기고양시,N,1515366090000,2138621625778,623255535778,41.129
2015,경기,경기과천시,N,318303121000,436698949590,118395828590,37.1959
2015,경기,경기광명시,N,613349151000,848904015788,235554864788,38.4047
2015,경기,경기광주시,N,600284626000,855115739507,254831113507,42.4517
2015,경기,경기구리시,N,433932568000,610523135527,176590567527,40.6954
2015,경기,경기군포시,N,619212944000,805520488876,186307544876,30.0878
2015,경기,경기김포시,N,1015126785000,1262730867735,247604082735,24.3914
2015,경기,경기남양주시,N,1049419467000,1419649207066,370229740066,35.2795
2015,경기,경기동두천시,N,302410038000,471564631480,169154593480,55.9355
2015,경기,경기본청,Y,19271679079000,24979700436837,5708021357837,29.6187
2015,경기,경기부천시,N,1244988967000,1888385454039,643396487039,51.6789
2015,경기,경기성남시,N,2656345953000,3015742839805,359396886805,13.5297
2015,경기,경기수원시,N,2087808238000,2732749784470,644941546470,30.8908
2015,경기,경기시흥시,N,1292627702000,1950690377931,658062675931,50.9089
2015,경기,경기안산시,N,1529357318000,1857751109650,328393791650,21.4727
2015,경기,경기안성시,N,583343553000,791515966885,208172413885,35.6861
2015,경기,경기안양시,N,1020020497000,1426263018059,406242521059,39.8269
2015,경기,경기양주시,N,488945172000,768322523363,279377351363,57.1388
2015,경기,경기양평군,N,439271431000,612502347637,173230916637,39.436
2015,경기,경기여주시,N,514430678000,713885830328,199455152328,38.772
2015,경기,경기연천군,N,344565068000,525563599801,180998531801,52.5296
2015,경기,경기오산시,N,397253971000,592317936642,195063965642,49.1031
2015,경기,경기용인시,N,1730497464000,2437315002292,706817538292,40.8448
2015,경기,경기의왕시,N,307330029000,452773540543,145443511543,47.3249
2015,경기,경기의정부시,N,796251469000,1228139764393,431888295393,54.2402
2015,경기,경기이천시,N,588574471000,924857948632,336283477632,57.1352
2015,경기,경기파주시,N,804328970000,1059726176098,255397206098,31.7528
2015,경기,경기평택시,N,1052317118000,1804269319286,751952201286,71.4568
2015,경기,경기포천시,N,562803903000,848788134399,285984231399,50.8142
2015,경기,경기하남시,N,459532720000,626899769571,167367049571,36.4211
2015,경기,경기화성시,N,1477070593000,2321239716628,844169123628,57.1516
2015,경남,경남거제시,N,652643811000,854279506891,201635695891,30.8952
2015,경남,경남거창군,N,445689228000,596446479645,150757251645,33.8256
2015,경남,경남고성군,N,354858189000,473648435131,118790246131,33.4754
2015,경남,경남김해시,N,1191782362000,1534787693695,343005331695,28.7809
2015,경남,경남남해군,N,356027983000,458282565444,102254582444,28.7209
2015,경남,경남밀양시,N,574330139000,712179793108,137849654108,24.0018
2015,경남,경남본청,Y,7287256659000,9534546158233,2247289499233,30.8386
2015,경남,경남사천시,N,507011926000,634207541627,127195615627,25.0873
2015,경남,경남산청군,N,346507242000,431995929470,85488687470,24.6715
2015,경남,경남양산시,N,797091053000,962838689282,165747636282,20.7941
2015,경남,경남의령군,N,337963341000,469853696662,131890355662,39.025
2015,경남,경남진주시,N,1045073153000,1429029589940,383956436940,36.7397
2015,경남,경남창녕군,N,407150477000,513197730345,106047253345,26.0462
2015,경남,경남창원시,N,2596769175000,3156647744217,559878569217,21.5606
2015,경남,경남통영시,N,458408102000,655514075342,197105973342,42.9979
2015,경남,경남하동군,N,362228334000,467855060096,105626726096,29.1603
2015,경남,경남함안군,N,383560385000,471163245724,87602860724,22.8394
2015,경남,경남함양군,N,337468226000,452365393751,114897167751,34.0468
2015,경남,경남합천군,N,440521022000,594940650993,154419628993,35.0539
2015,경북,경북경산시,N,625157794000,930630147040,305472353040,48.8632
2015,경북,경북경주시,N,1082868157000,1503011330728,420143173728,38.7991
2015,경북,경북고령군,N,273997707000,363757008535,89759301535,32.7591
2015,경북,경북구미시,N,1103750606000,1582480237094,478729631094,43.373
2015,경북,경북군위군,N,251971116000,367645581455,115674465455,45.9078
2015,경북,경북김천시,N,681731745000,997160690464,315428945464,46.2688
2015,경북,경북문경시,N,510806325000,635211411914,124405086914,24.3546
2015,경북,경북본청,Y,7860065765000,9346974275205,1486908510205,18.9173
2015,경북,경북봉화군,N,298761830000,413853270630,115091440630,38.5228
2015,경북,경북상주시,N,655831990000,838244342958,182412352958,27.8139
2015,경북,경북성주군,N,381941451000,511794625576,129853174576,33.9982
2015,경북,경북안동시,N,813055000000,1127496285109,314441285109,38.674
2015,경북,경북영덕군,N,335599115000,451445946828,115846831828,34.5194
2015,경북,경북영양군,N,225866508000,312117358943,86250850943,38.1866
2015,경북,경북영주시,N,538396814000,729273359265,190876545265,35.4528
2015,경북,경북영천시,N,610000000000,824130773652,214130773652,35.1034
2015,경북,경북예천군,N,357576276000,469127453106,111551177106,31.1965
2015,경북,경북울릉군,N,153052060000,200569223733,47517163733,31.0464
2015,경북,경북울진군,N,447795679000,916675062992,468879383992,104.7083
2015,경북,경북의성군,N,464020627000,630335849435,166315222435,35.8422
2015,경북,경북청도군,N,325602047000,458088647143,132486600143,40.6897
2015,경북,경북청송군,N,282339040000,355570002981,73230962981,25.9372
2015,경북,경북칠곡군,N,425700000000,547483370515,121783370515,28.6078
2015,경북,경북포항시,N,1357514390000,1671743473627,314229083627,23.1474
2015,광주,광주광산구,N,463822127000,565654012531,101831885531,21.9549
2015,광주,광주남구,N,277305912000,368942607030,91636695030,33.0453
2015,광주,광주동구,N,216526574000,276968630926,60442056926,27.9144
2015,광주,광주본청,Y,3933062429000,4820471392847,887408963847,22.5628
2015,광주,광주북구,N,481657600000,583356574541,101698974541,21.1144
2015,광주,광주서구,N,348645550000,436221490838,87575940838,25.1189
2015,대구,대구남구,N,241220941000,303337948616,62117007616,25.7511
2015,대구,대구달서구,N,547284946000,637187141185,89902195185,16.4269
2015,대구,대구달성군,N,486394903000,731190773628,244795870628,50.3286
2015,대구,대구동구,N,427679479000,526685819282,99006340282,23.1497
2015,대구,대구본청,Y,6400498917000,8185707304638,1785208387638,27.8917
2015,대구,대구북구,N,445874326000,547607966721,101733640721,22.8167
2015,대구,대구서구,N,273157375000,324035707717,50878332717,18.626
2015,대구,대구수성구,N,426697481000,511743413425,85045932425,19.9312
2015,대구,대구중구,N,177446743000,239307607361,61860864361,34.8617
2015,대전,대전대덕구,N,280234420000,365252985838,85018565838,30.3384
2015,대전,대전동구,N,334114164000,418488848748,84374684748,25.2532
2015,대전,대전본청,Y,4108244837000,4971268514950,863023677950,21.0071
2015,대전,대전서구,N,470121200000,616742985664,146621785664,31.1881
2015,대전,대전유성구,N,390931568000,532594245786,141662677786,36.2372
2015,대전,대전중구,N,308624620000,422883051997,114258431997,37.0218
2015,부산,부산강서구,N,209313647000,310763415747,101449768747,48.4678
2015,부산,부산금정구,N,284375232000,362198118850,77822886850,27.3663
2015,부산,부산기장군,N,431229673000,708658982273,277429309273,64.3345
2015,부산,부산남구,N,251734943000,380376183194,128641240194,51.1019
2015,부산,부산동구,N,193339693000,262348767010,69009074010,35.6932
2015,부산,부산동래구,N,276960442000,369851876610,92891434610,33.5396
2015,부산,부산본청,Y,10020444490000,12199730886332,2179286396332,21.7484
2015,부산,부산부산진구,N,396571863000,506155311370,109583448370,27.6327
2015,부산,부산북구,N,301149761000,413252619531,112102858531,37.225
2015,부산,부산사상구,N,279928602000,358042164249,78113562249,27.9048
2015,부산,부산사하구,N,352996362000,448036347912,95039985912,26.9238
2015,부산,부산서구,N,207404271000,292322955923,84918684923,40.9436
2015,부산,부산수영구,N,198976382000,267025551090,68049169090,34.1996
2015,부산,부산연제구,N,248944727000,307634032590,58689305590,23.5752
2015,부산,부산영도구,N,204299782000,268632009740,64332227740,31.4891
2015,부산,부산중구,N,125140462000,177139121297,51998659297,41.5522
2015,부산,부산해운대구,N,412895098000,529760902004,116865804004,28.304
2015,서울,서울강남구,N,870243560000,1096223777356,225980217356,25.9675
2015,서울,서울강동구,N,471609263000,570571814884,98962551884,20.984
2015,서울,서울강북구,N,443820632000,538067202393,94246570393,21.2353
2015,서울,서울강서구,N,671626456000,737709150060,66082694060,9.8392
2015,서울,서울관악구,N,474634140000,575018145038,100384005038,21.1498
2015,서울,서울광진구,N,394745789000,491887408141,97141619141,24.6087
2015,서울,서울구로구,N,487461141000,595370260916,107909119916,22.137
2015,서울,서울금천구,N,329484186000,383727998360,54243812360,16.4633
2015,서울,서울노원구,N,637254831000,760846248560,123591417560,19.3943
2015,서울,서울도봉구,N,392738766000,482797368447,90058602447,22.9309
2015,서울,서울동대문구,N,417957150000,478457013396,60499863396,14.4751
2015,서울,서울동작구,N,402865467000,519839357032,116973890032,29.0355
2015,서울,서울마포구,N,510562462000,608920941865,98358479865,19.2647
2015,서울,서울본청,Y,26657217692000,30872323751338,4215106059338,15.8123
2015,서울,서울서대문구,N,377506379000,446631366748,69124987748,18.3109
2015,서울,서울서초구,N,632284418000,735499018894,103214600894,16.3241
2015,서울,서울성동구,N,391628042000,446769625208,55141583208,14.0801
2015,서울,서울성북구,N,494445596000,592087266266,97641670266,19.7477
2015,서울,서울송파구,N,565741586000,640833522479,75091936479,13.2732
2015,서울,서울양천구,N,488841223000,568995784952,80154561952,16.3968
2015,서울,서울영등포구,N,451000771000,538697488890,87696717890,19.4449
2015,서울,서울용산구,N,342822005000,386763482083,43941477083,12.8176
2015,서울,서울은평구,N,510381323000,583691196836,73309873836,14.3637
2015,서울,서울종로구,N,412696383000,502582898453,89886515453,21.7803
2015,서울,서울중구,N,362120674000,433483803346,71363129346,19.707
2015,서울,서울중랑구,N,461503937000,532242426614,70738489614,15.3278
2015,세종,세종본청,Y,967609435000,1646340819151,678731384151,70.1452
2015,울산,울산남구,N,365992759000,456155654826,90162895826,24.6352
2015,울산,울산동구,N,196792903000,257020884591,60227981591,30.6048
2015,울산,울산본청,Y,3090833905000,3644307113521,553473208521,17.9069
2015,울산,울산북구,N,228750652000,287571085170,58820433170,25.7138
2015,울산,울산울주군,N,617698625000,846442512715,228743887715,37.0316
2015,울산,울산중구,N,254355912000,337337582203,82981670203,32.6242
2015,인천,인천강화군,N,362447066000,475143283066,112696217066,31.0932
2015,인천,인천계양구,N,337156084000,417259857970,80103773970,23.7587
2015,인천,인천남구,N,456803959000,527402968902,70599009902,15.455
2015,인천,인천남동구,N,549369065000,651885472478,102516407478,18.6608
2015,인천,인천동구,N,196728879000,234468684324,37739805324,19.1837
2015,인천,인천본청,Y,8051910458000,9910665709464,1858755251464,23.0846
2015,인천,인천부평구,N,565102625000,636213968756,71111343756,12.5838
2015,인천,인천서구,N,503902107000,663279310380,159377203380,31.6286
2015,인천,인천연수구,N,340871714000,425164281130,84292567130,24.7285
2015,인천,인천옹진군,N,270890885000,349790609028,78899724028,29.126
2015,인천,인천중구,N,267839076000,374771740924,106932664924,39.9242
2015,전남,전남강진군,N,288900245000,405248994322,116348749322,40.273
2015,전남,전남고흥군,N,476950521000,739874907330,262924386330,55.1261
2015,전남,전남곡성군,N,293081181000,386224916843,93143735843,31.7809
2015,전남,전남광양시,N,571996050000,722487507672,150491457672,26.3099
2015,전남,전남구례군,N,249445786000,299313514342,49867728342,19.9914
2015,전남,전남나주시,N,542832067000,801132824370,258300757370,47.5839
2015,전남,전남담양군,N,324285087000,406971835833,82686748833,25.4982
2015,전남,전남목포시,N,654350907000,758605042606,104254135606,15.9325
2015,전남,전남무안군,N,374855303000,586255266640,211399963640,56.3951
2015,전남,전남보성군,N,363186383000,465143623059,101957240059,28.073
2015,전남,전남본청,Y,6671297574000,7256337074107,585039500107,8.7695
2015,전남,전남순천시,N,868763310000,1194452605948,325689295948,37.4888
2015,전남,전남신안군,N,411807333000,606899640729,195092307729,47.3747
2015,전남,전남여수시,N,905385126000,1218141873912,312756747912,34.5441
2015,전남,전남영광군,N,408286704000,616938941714,208652237714,51.1043
2015,전남,전남영암군,N,394441213000,513431203577,118989990577,30.1667
2015,전남,전남완도군,N,347153276000,532306242816,185152966816,53.3346
2015,전남,전남장성군,N,331721208000,482885312020,151164104020,45.5696
2015,전남,전남장흥군,N,339304269000,455990797824,116686528824,34.3899
2015,전남,전남진도군,N,285347681000,432946130775,147598449775,51.7258
2015,전남,전남함평군,N,325197254000,466459468857,141262214857,43.4389
2015,전남,전남해남군,N,497528135000,733108521538,235580386538,47.3502
2015,전남,전남화순군,N,405750046000,571105448475,165355402475,40.753
2015,전북,전북고창군,N,444796467000,561590674374,116794207374,26.2579
2015,전북,전북군산시,N,958388018000,1148952628703,190564610703,19.8839
2015,전북,전북김제시,N,576049519000,739431337582,163381818582,28.3625
2015,전북,전북남원시,N,516830255000,644768451904,127938196904,24.7544
2015,전북,전북무주군,N,289073513000,368941024185,79867511185,27.6288
2015,전북,전북본청,Y,5463648994000,6099857834203,636208840203,11.6444
2015,전북,전북부안군,N,438480838000,515959731283,77478893283,17.6698
2015,전북,전북순창군,N,308002005000,401508504435,93506499435,30.3591
2015,전북,전북완주군,N,584740389000,713991670880,129251281880,22.104
2015,전북,전북익산시,N,935045837000,1220724348698,285678511698,30.5524
2015,전북,전북임실군,N,318879117000,457261735268,138382618268,43.3966
2015,전북,전북장수군,N,272255821000,389336707529,117080886529,43.004
2015,전북,전북전주시,N,1340954839000,1753478983362,412524144362,30.7635
2015,전북,전북정읍시,N,667871378000,829088367263,161216989263,24.1389
2015,전북,전북진안군,N,320781701000,401131620000,80349919000,25.0482
2015,제주,제주본청,Y,4283145082000,5394028330130,1110883248130,25.9362
2015,충남,충남계룡시,N,142344074000,213593635823,71249561823,50.0545
2015,충남,충남공주시,N,557603504000,794110266994,236506762994,42.4149
2015,충남,충남금산군,N,341468799000,433320063545,91851264545,26.8989
2015,충남,충남논산시,N,583441942000,726451754047,143009812047,24.5114
2015,충남,충남당진시,N,669118814000,923115146298,253996332298,37.9598
2015,충남,충남보령시,N,534113608000,743991952395,209878344395,39.2947
2015,충남,충남본청,Y,5228921000000,6525336410167,1296415410167,24.7932
2015,충남,충남부여군,N,416375136000,638624334500,222249198500,53.3772
2015,충남,충남서산시,N,663950000000,859586554883,195636554883,29.4656
2015,충남,충남서천군,N,381797580000,508745380360,126947800360,33.25
2015,충남,충남아산시,N,907472158000,1232505438605,325033280605,35.8174
2015,충남,충남예산군,N,467518775000,604891800671,137373025671,29.3834
2015,충남,충남천안시,N,1333353428000,1751669081602,418315653602,31.3732
2015,충남,충남청양군,N,280273450000,389227871152,108954421152,38.8743
2015,충남,충남태안군,N,392557797000,613799627511,221241830511,56.359
2015,충남,충남홍성군,N,462051724000,599284817517,137233093517,29.7008
2015,충북,충북괴산군,N,300744499000,475821232320,175076733320,58.2144
2015,충북,충북단양군,N,270851274000,379081934970,108230660970,39.9594
2015,충북,충북보은군,N,283848302000,383918080876,100069778876,35.2547
2015,충북,충북본청,Y,3888909977000,4558989768547,670079791547,17.2305
2015,충북,충북영동군,N,358180606000,508879017550,150698411550,42.0733
2015,충북,충북옥천군,N,343101658000,475583030360,132481372360,38.6129
2015,충북,충북음성군,N,457142952000,591572986577,134430034577,29.4066
2015,충북,충북제천시,N,588831959000,740293556393,151461597393,25.7224
2015,충북,충북증평군,N,181170005000,225171103045,44001098045,24.2872
2015,충북,충북진천군,N,332549590000,451125955243,118576365243,35.6567
2015,충북,충북청주시,N,2022042674000,2745533436317,723490762317,35.7802
2015,충북,충북충주시,N,761850478000,1018986270079,257135792079,33.7515
2016,강원,강원강릉시,N,769231327000,1031882181207,262650854207,34.1446
2016,강원,강원고성군,N,283704186000,402802273711,119098087711,41.9797
2016,강원,강원동해시,N,347022191000,435249628842,88227437842,25.4241
2016,강원,강원본청,Y,5633549162000,7681662804757,2048113642757,36.3557
2016,강원,강원삼척시,N,464436252000,644144242317,179707990317,38.6938
2016,강원,강원속초시,N,282206954000,390620598153,108413644153,38.4164
2016,강원,강원양구군,N,280426155000,396483791392,116057636392,41.3862
2016,강원,강원양양군,N,270282323000,342795884896,72513561896,26.8288
2016,강원,강원영월군,N,318956253000,467712190991,148755937991,46.6384
2016,강원,강원원주시,N,994270504000,1528377831793,534107327793,53.7185
2016,강원,강원인제군,N,323422395000,467043132280,143620737280,44.4066
2016,강원,강원정선군,N,367549115000,574468059204,206918944204,56.297
2016,강원,강원철원군,N,334880549000,498972322817,164091773817,49.0001
2016,강원,강원춘천시,N,1038979847000,1365169541919,326189694919,31.3952
2016,강원,강원태백시,N,311124667000,491565524512,180440857512,57.9963
2016,강원,강원평창군,N,354392865000,558948865251,204556000251,57.7201
2016,강원,강원홍천군,N,464848192000,634845558433,169997366433,36.5705
2016,강원,강원화천군,N,283984901000,374302638248,90317737248,31.8037
2016,강원,강원횡성군,N,335457940000,489191178392,153733238392,45.8279
2016,경기,경기가평군,N,414337741000,567124602866,152786861866,36.875
2016,경기,경기고양시,N,1556056500000,2188888098926,632831598926,40.6689
2016,경기,경기과천시,N,289797445000,398696726555,108899281555,37.5777
2016,경기,경기광명시,N,683714491000,906512382934,222797891934,32.5864
2016,경기,경기광주시,N,622893647000,1042479424209,419585777209,67.3607
2016,경기,경기구리시,N,454864857000,621246296031,166381439031,36.5782
2016,경기,경기군포시,N,651373750000,794492222921,143118472921,21.9718
2016,경기,경기김포시,N,1155051471000,1581408047574,426356576574,36.9123
2016,경기,경기남양주시,N,1149454417000,1630346061959,480891644959,41.8365
2016,경기,경기동두천시,N,350126130000,539345351630,189219221630,54.0432
2016,경기,경기본청,Y,20818802530000,26939495204821,6120692674821,29.3998
2016,경기,경기부천시,N,1613976592000,2224880506517,610903914517,37.8509
2016,경기,경기성남시,N,2572987213000,3368013028203,795025815203,30.8989
2016,경기,경기수원시,N,2358084034000,2906073244897,547989210897,23.2387
2016,경기,경기시흥시,N,1480128676000,2229612649052,749483973052,50.6364
2016,경기,경기안산시,N,1622861941000,2479145079409,856283138409,52.7638
2016,경기,경기안성시,N,587106102000,934457877683,347351775683,59.1634
2016,경기,경기안양시,N,1107497832000,1528553198476,421055366476,38.0186
2016,경기,경기양주시,N,585826697000,818238055052,232411358052,39.6724
2016,경기,경기양평군,N,455252836000,667534265138,212281429138,46.6293
2016,경기,경기여주시,N,556411274000,826323514016,269912240016,48.5095
2016,경기,경기연천군,N,344616632000,540129901878,195513269878,56.7336
2016,경기,경기오산시,N,433977053000,674338992782,240361939782,55.3859
2016,경기,경기용인시,N,1945120235000,2624302396713,679182161713,34.9172
2016,경기,경기의왕시,N,320942999000,478915578986,157972579986,49.2214
2016,경기,경기의정부시,N,839459353000,1277860084791,438400731791,52.2242
2016,경기,경기이천시,N,612261074000,1104469665603,492208591603,80.3919
2016,경기,경기파주시,N,882137924000,1225700613001,343562689001,38.9466
2016,경기,경기평택시,N,1235144905000,2075275692599,840130787599,68.0188
2016,경기,경기포천시,N,506209879000,929468343887,423258464887,83.6132
2016,경기,경기하남시,N,462652317000,679935783896,217283466896,46.9647
2016,경기,경기화성시,N,1926140430000,2729713054484,803572624484,41.7193
2016,경남,경남거제시,N,681537776000,898873736021,217335960021,31.8891
2016,경남,경남거창군,N,461772495000,604247605515,142475110515,30.854
2016,경남,경남고성군,N,373548596000,509878559194,136329963194,36.4959
2016,경남,경남김해시,N,1203872753000,1563329618746,359456865746,29.8584
2016,경남,경남남해군,N,361992769000,496931344301,134938575301,37.2766
2016,경남,경남밀양시,N,572905002000,804956155479,232051153479,40.5043
2016,경남,경남본청,Y,7542890476000,9163640040908,1620749564908,21.4871
2016,경남,경남사천시,N,542344396000,723314199376,180969803376,33.3681
2016,경남,경남산청군,N,353075144000,483085517175,130010373175,36.8223
2016,경남,경남양산시,N,911389903000,1145429186890,234039283890,25.6794
2016,경남,경남의령군,N,360125421000,496630077414,136504656414,37.9048
2016,경남,경남진주시,N,1054775316000,1722136159703,667360843703,63.2704
2016,경남,경남창녕군,N,432367237000,555925894429,123558657429,28.5772
2016,경남,경남창원시,N,2638969592000,3540397877245,901428285245,34.1583
2016,경남,경남통영시,N,473485167000,699756514072,226271347072,47.7885
2016,경남,경남하동군,N,397256415000,539877554056,142621139056,35.9015
2016,경남,경남함안군,N,399221830000,505171137301,105949307301,26.539
2016,경남,경남함양군,N,355919750000,475073962209,119154212209,33.4778
2016,경남,경남합천군,N,456512437000,634561871607,178049434607,39.0021
2016,경북,경북경산시,N,737164968000,985275421704,248110453704,33.6574
2016,경북,경북경주시,N,1126698022000,1703128546976,576430524976,51.161
2016,경북,경북고령군,N,279573937000,383133984536,103560047536,37.0421
2016,경북,경북구미시,N,1121561638000,1587267610008,465705972008,41.523
2016,경북,경북군위군,N,284010567000,412352046452,128341479452,45.189
2016,경북,경북김천시,N,820126290000,1085860112740,265733822740,32.4016
2016,경북,경북문경시,N,534279000000,652427542066,118148542066,22.1136
2016,경북,경북본청,Y,8529707555000,9741357425172,1211649870172,14.2051
2016,경북,경북봉화군,N,313639304000,478258353883,164619049883,52.4867
2016,경북,경북상주시,N,670044612000,975797396014,305752784014,45.6317
2016,경북,경북성주군,N,399664000000,518385285225,118721285225,29.7053
2016,경북,경북안동시,N,786535377000,1145414317892,358878940892,45.6278
2016,경북,경북영덕군,N,367084044000,472329223263,105245179263,28.6706
2016,경북,경북영양군,N,246694957000,340943445936,94248488936,38.2045
2016,경북,경북영주시,N,563358084000,780065414106,216707330106,38.4671
2016,경북,경북영천시,N,637287426000,941736333983,304448907983,47.7726
2016,경북,경북예천군,N,383392696000,543983672795,160590976795,41.8868
2016,경북,경북울릉군,N,154081413000,205800668896,51719255896,33.5662
2016,경북,경북울진군,N,643313024000,1009979557933,366666533933,56.9966
2016,경북,경북의성군,N,481113538000,676728616392,195615078392,40.6588
2016,경북,경북청도군,N,314558268000,480503836437,165945568437,52.7551
2016,경북,경북청송군,N,298006489000,383118106161,85111617161,28.5603
2016,경북,경북칠곡군,N,436400000000,549537551949,113137551949,25.9252
2016,경북,경북포항시,N,1468229873000,1845618730121,377388857121,25.7037
2016,광주,광주광산구,N,499802478000,599328923931,99526445931,19.9132
2016,광주,광주남구,N,280363284000,396737945191,116374661191,41.5085
2016,광주,광주동구,N,242707550000,316399076983,73691526983,30.3623
2016,광주,광주본청,Y,4163972594000,4893497101072,729524507072,17.5199
2016,광주,광주북구,N,504290632000,617091722043,112801090043,22.3683
2016,광주,광주서구,N,366091513000,464073900310,97982387310,26.7645
2016,대구,대구남구,N,267069219000,357206204087,90136985087,33.7504
2016,대구,대구달서구,N,600201172000,704472045707,104270873707,17.3727
2016,대구,대구달성군,N,550313676000,862225208047,311911532047,56.6789
2016,대구,대구동구,N,466326919000,594813965563,128487046563,27.553
2016,대구,대구본청,Y,7222588409000,8189472259395,966883850395,13.3869
2016,대구,대구북구,N,468073081000,597989753807,129916672807,27.7556
2016,대구,대구서구,N,292259190000,388510699068,96251509068,32.9336
2016,대구,대구수성구,N,467918316000,585166161455,117247845455,25.0573
2016,대구,대구중구,N,192616093000,286913747782,94297654782,48.9563
2016,대전,대전대덕구,N,294704601000,393046201062,98341600062,33.3696
2016,대전,대전동구,N,358203415000,432985801503,74782386503,20.8771
2016,대전,대전본청,Y,4312802052000,5191890080785,879088028785,20.3832
2016,대전,대전서구,N,503856598000,667493821928,163637223928,32.4769
2016,대전,대전유성구,N,403205119000,550263747442,147058628442,36.4724
2016,대전,대전중구,N,331813679000,420928878245,89115199245,26.857
2016,부산,부산강서구,N,228727696000,331232418180,102504722180,44.8152
2016,부산,부산금정구,N,309784804000,386837292796,77052488796,24.8729
2016,부산,부산기장군,N,481830919000,661103704481,179272785481,37.2066
2016,부산,부산남구,N,270417968000,414713241691,144295273691,53.3601
2016,부산,부산동구,N,196046933000,275514897204,79467964204,40.5352
2016,부산,부산동래구,N,300229388000,413623434360,113394046360,37.7691
2016,부산,부산본청,Y,11147652001000,12593250881827,1445598880827,12.9677
2016,부산,부산부산진구,N,416000530000,565899258570,149898728570,36.0333
2016,부산,부산북구,N,341727305000,453234877901,111507572901,32.6306
2016,부산,부산사상구,N,302835063000,390714471448,87879408448,29.0189
2016,부산,부산사하구,N,383123877000,490907854920,107783977920,28.1329
2016,부산,부산서구,N,213945473000,313505292653,99559819653,46.5351
2016,부산,부산수영구,N,219118791000,303985219850,84866428850,38.7308
2016,부산,부산연제구,N,262205928000,340629207883,78423279883,29.909
2016,부산,부산영도구,N,222524011000,298612660160,76088649160,34.1935
2016,부산,부산중구,N,136063957000,196266775234,60202818234,44.246
2016,부산,부산해운대구,N,436491104000,582431631884,145940527884,33.4349
2016,서울,서울강남구,N,916817624000,1223954258716,307136634716,33.5003
2016,서울,서울강동구,N,515133234000,657110741525,141977507525,27.5613
2016,서울,서울강북구,N,486129132000,603625710577,117496578577,24.1698
2016,서울,서울강서구,N,714775197000,825950916471,111175719471,15.5539
2016,서울,서울관악구,N,521402477000,639843231525,118440754525,22.7158
2016,서울,서울광진구,N,432207005000,555606168856,123399163856,28.5509
2016,서울,서울구로구,N,542981357000,670713784690,127732427690,23.5243
2016,서울,서울금천구,N,360232834000,429893844606,69661010606,19.3378
2016,서울,서울노원구,N,694946675000,851047199099,156100524099,22.4622
2016,서울,서울도봉구,N,447255717000,561352363721,114096646721,25.5104
2016,서울,서울동대문구,N,444327045000,535631893654,91304848654,20.549
2016,서울,서울동작구,N,456290355000,594484327634,138193972634,30.2864
2016,서울,서울마포구,N,562030607000,670343868802,108313261802,19.2718
2016,서울,서울본청,Y,29272794246000,34836934197419,5564139951419,19.0079
2016,서울,서울서대문구,N,406166034000,534031832396,127865798396,31.4812
2016,서울,서울서초구,N,682215590000,817789622298,135574032298,19.8726
2016,서울,서울성동구,N,416787094000,505486343923,88699249923,21.2817
2016,서울,서울성북구,N,530814175000,660955620476,130141445476,24.5173
2016,서울,서울송파구,N,603202533000,711009751818,107807218818,17.8725
2016,서울,서울양천구,N,525114585000,661132918212,136018333212,25.9026
2016,서울,서울영등포구,N,476342511000,580595458600,104252947600,21.8861
2016,서울,서울용산구,N,366945436000,433267064442,66321628442,18.074
2016,서울,서울은평구,N,557015571000,663723022421,106707451421,19.157
2016,서울,서울종로구,N,432342705000,546594693819,114251988819,26.4263
2016,서울,서울중구,N,414585572000,501111230167,86525658167,20.8704
2016,서울,서울중랑구,N,494082344000,589079062164,94996718164,19.2269
2016,세종,세종본청,Y,1194522501000,1893363496834,698840995834,58.5038
2016,울산,울산남구,N,379854400000,497237940322,117383540322,30.9022
2016,울산,울산동구,N,217657287000,269390452283,51733165283,23.7682
2016,울산,울산본청,Y,3397293393000,4129202364697,731908971697,21.5439
2016,울산,울산북구,N,252306369000,370104903470,117798534470,46.6887
2016,울산,울산울주군,N,730312953000,1023948369078,293635416078,40.2068
2016,울산,울산중구,N,279345754000,374756452750,95410698750,34.1551
2016,인천,인천강화군,N,372055831000,526467807977,154411976977,41.5024
2016,인천,인천계양구,N,358403148000,490053920249,131650772249,36.7326
2016,인천,인천남구,N,491299691000,611877002390,120577311390,24.5425
2016,인천,인천남동구,N,580237788000,744463560969,164225772969,28.3032
2016,인천,인천동구,N,178867322000,254851438508,75984116508,42.4807
2016,인천,인천본청,Y,8531672102000,10014198429271,1482526327271,17.3767
2016,인천,인천부평구,N,594472517000,702450777201,107978260201,18.1637
2016,인천,인천서구,N,548571570000,736570386512,187998816512,34.2706
2016,인천,인천연수구,N,391371428000,523120575057,131749147057,33.6635
2016,인천,인천옹진군,N,283534721000,411674134208,128139413208,45.1936
2016,인천,인천중구,N,295745003000,419636529411,123891526411,41.8913
2016,전남,전남강진군,N,291504744000,447388687742,155883943742,53.4756
2016,전남,전남고흥군,N,532957400000,833695133438,300737733438,56.4281
2016,전남,전남곡성군,N,286798051000,408754180474,121956129474,42.5233
2016,전남,전남광양시,N,685291495000,854763978024,169472483024,24.73
2016,전남,전남구례군,N,234112224000,326058202512,91945978512,39.2743
2016,전남,전남나주시,N,578794769000,901887397942,323092628942,55.8216
2016,전남,전남담양군,N,319143499000,437007094313,117863595313,36.9312
2016,전남,전남목포시,N,681031391000,849819008387,168787617387,24.7841
2016,전남,전남무안군,N,395096202000,634115188840,239018986840,60.4964
2016,전남,전남보성군,N,366601874000,535090464649,168488590649,45.9596
2016,전남,전남본청,Y,6884895796000,8182967072067,1298071276067,18.8539
2016,전남,전남순천시,N,938064576000,1281949402640,343884826640,36.659
2016,전남,전남신안군,N,412459170000,688742104585,276282934585,66.9843
2016,전남,전남여수시,N,914790647000,1317051025519,402260378519,43.9729
2016,전남,전남영광군,N,430923405000,662486229540,231562824540,53.7364
2016,전남,전남영암군,N,398092365000,547197285140,149104920140,37.4549
2016,전남,전남완도군,N,351290142000,543872561358,192582419358,54.8215
2016,전남,전남장성군,N,343681033000,497486218290,153805185290,44.7523
2016,전남,전남장흥군,N,329131538000,468030322744,138898784744,42.2016
2016,전남,전남진도군,N,289250165000,473521156790,184270991790,63.7064
2016,전남,전남함평군,N,334114138000,466496616104,132382478104,39.6219
2016,전남,전남해남군,N,518988424000,804344239012,285355815012,54.9831
2016,전남,전남화순군,N,411881896000,627588971520,215707075520,52.3711
2016,전북,전북고창군,N,454119437000,621935337234,167815900234,36.9541
2016,전북,전북군산시,N,965403971000,1219768975039,254365004039,26.348
2016,전북,전북김제시,N,533612436000,774435775314,240823339314,45.1308
2016,전북,전북남원시,N,524963887000,696674080533,171710193533,32.709
2016,전북,전북무주군,N,297099699000,404392264552,107292565552,36.1133
2016,전북,전북본청,Y,5636159792000,6472699714792,836539922792,14.8424
2016,전북,전북부안군,N,453067328000,595733758955,142666430955,31.489
2016,전북,전북순창군,N,319704395000,419443167639,99738772639,31.1972
2016,전북,전북완주군,N,604116967000,732618219681,128501252681,21.2709
2016,전북,전북익산시,N,957543891000,1231238387808,273694496808,28.583
2016,전북,전북임실군,N,329548937000,465100441687,135551504687,41.1324
2016,전북,전북장수군,N,284831906000,411340672625,126508766625,44.4152
2016,전북,전북전주시,N,1539613543000,1866293695510,326680152510,21.2183
2016,전북,전북정읍시,N,681121974000,880945023935,199823049935,29.3373
2016,전북,전북진안군,N,324333096000,421412535787,97079439787,29.932
2016,제주,제주본청,Y,4606950463000,6135686992970,1528736529970,33.1833
2016,충남,충남계룡시,N,148319003000,212867209666,64548206666,43.5198
2016,충남,충남공주시,N,559255464000,855331495111,296076031111,52.9411
2016,충남,충남금산군,N,342748051000,461752290343,119004239343,34.7206
2016,충남,충남논산시,N,625754485000,844598655937,218844170937,34.9728
2016,충남,충남당진시,N,705603230000,1035543844420,329940614420,46.7601
2016,충남,충남보령시,N,602966030000,865305775423,262339745423,43.5082
2016,충남,충남본청,Y,6001369500000,7379582215396,1378212715396,22.965
2016,충남,충남부여군,N,431172564000,723618460924,292445896924,67.8257
2016,충남,충남서산시,N,685890287000,959728670425,273838383425,39.9245
2016,충남,충남서천군,N,394210490000,544128483119,149917993119,38.0299
2016,충남,충남아산시,N,901797299000,1398948364567,497151065567,55.1289
2016,충남,충남예산군,N,497813064000,732624491957,234811427957,47.1686
2016,충남,충남천안시,N,1463877209000,1950992642312,487115433312,33.2757
2016,충남,충남청양군,N,283416946000,413145379959,129728433959,45.773
2016,충남,충남태안군,N,413323224000,682195179910,268871955910,65.0513
2016,충남,충남홍성군,N,493539000000,644078061667,150539061667,30.502
2016,충북,충북괴산군,N,319876322000,479606132580,159729810580,49.9349
2016,충북,충북단양군,N,259353031000,394966070741,135613039741,52.289
2016,충북,충북보은군,N,298714052000,446950082885,148236030885,49.6247
2016,충북,충북본청,Y,4190339640000,5197573293093,1007233653093,24.037
2016,충북,충북영동군,N,369417460000,592970790820,223553330820,60.5151
2016,충북,충북옥천군,N,367121357000,503886137220,136764780220,37.2533
2016,충북,충북음성군,N,473885039000,640441307583,166556268583,35.147
2016,충북,충북제천시,N,619517497000,848516406783,228998909783,36.9641
2016,충북,충북증평군,N,170603526000,235759269994,65155743994,38.1913
2016,충북,충북진천군,N,343022266000,495707870093,152685604093,44.5119
2016,충북,충북청주시,N,1995803078000,2830584673202,834781595202,41.8269
2016,충북,충북충주시,N,801224060000,1148782295786,347558235786,43.3784
2017,강원,강원강릉시,N,787635815000,1120542085463,332906270463,42.2665
2017,강원,강원고성군,N,276867165000,423905657562,147038492562,53.108
2017,강원,강원동해시,N,342029588000,454561443567,112531855567,32.9012
2017,강원,강원본청,Y,5871774807000,7192322906836,1320548099836,22.4898
2017,강원,강원삼척시,N,464544336000,710535178434,245990842434,52.9531
2017,강원,강원속초시,N,310294979000,480182798214,169887819214,54.7504
2017,강원,강원양구군,N,291488640000,457301061645,165812421645,56.8847
2017,강원,강원양양군,N,261347228000,396294256619,134947028619,51.6351
2017,강원,강원영월군,N,356103445000,545965444731,189861999731,53.3165
2017,강원,강원원주시,N,985182615000,1638940165236,653757550236,66.359
2017,강원,강원인제군,N,345542438000,559988145146,214445707146,62.0606
2017,강원,강원정선군,N,402020366000,606303882654,204283516654,50.8142
2017,강원,강원철원군,N,352150407000,564672881087,212522474087,60.3499
2017,강원,강원춘천시,N,1127361754000,1527958698379,400596944379,35.534
2017,강원,강원태백시,N,311373744000,453948055969,142574311969,45.7888
2017,강원,강원평창군,N,368492006000,656371089204,287879083204,78.1236
2017,강원,강원홍천군,N,478572152000,722724188862,244152036862,51.0168
2017,강원,강원화천군,N,273626448000,398801888473,125175440473,45.7468
2017,강원,강원횡성군,N,350328805000,536305412648,185976607648,53.0863
2017,경기,경기가평군,N,416982088000,658098231281,241116143281,57.8241
2017,경기,경기고양시,N,1708922594000,2478538744605,769616150605,45.0352
2017,경기,경기과천시,N,311192198000,448174107159,136981909159,44.0184
2017,경기,경기광명시,N,728584863000,975842175000,247257312000,33.9367
2017,경기,경기광주시,N,703680322000,1305065075080,601384753080,85.4628
2017,경기,경기구리시,N,437307599000,692361017136,255053418136,58.3236
2017,경기,경기군포시,N,617259158000,877792409108,260533251108,42.2081
2017,경기,경기김포시,N,1110469751000,1705474815120,595005064120,53.5814
2017,경기,경기남양주시,N,1262505385000,1844499570809,581994185809,46.0984
2017,경기,경기동두천시,N,422486879000,614089243663,191602364663,45.3511
2017,경기,경기본청,Y,24112525180000,29674690002885,5562164822885,23.0675
2017,경기,경기부천시,N,1518313490000,2103269877517,584956387517,38.5267
2017,경기,경기성남시,N,2938232174000,3729741158070,791508984070,26.9383
2017,경기,경기수원시,N,2509073154000,3277568623451,768495469451,30.6287
2017,경기,경기시흥시,N,1639105543000,2273674220571,634568677571,38.7143
2017,경기,경기안산시,N,2884903209000,3338258056383,453354847383,15.7147
2017,경기,경기안성시,N,602009753000,1105388277305,503378524305,83.6163
2017,경기,경기안양시,N,1163739460000,1584074104982,420334644982,36.1193
2017,경기,경기양주시,N,638091044000,893523706985,255432662985,40.0308
2017,경기,경기양평군,N,477161113000,729090979433,251929866433,52.7977
2017,경기,경기여주시,N,548525443000,944292044010,395766601010,72.151
2017,경기,경기연천군,N,369233656000,601215514399,231981858399,62.8279
2017,경기,경기오산시,N,486267234000,811757055095,325489821095,66.9364
2017,경기,경기용인시,N,1988741302000,2701078988455,712337686455,35.8185
2017,경기,경기의왕시,N,379685692000,529639854976,149954162976,39.4943
2017,경기,경기의정부시,N,885904940000,1214386082504,328481142504,37.0786
2017,경기,경기이천시,N,671995646000,1258384634508,586388988508,87.2608
2017,경기,경기파주시,N,1001994726000,1478282889160,476288163160,47.534
2017,경기,경기평택시,N,1357391413000,2280880438710,923489025710,68.0341
2017,경기,경기포천시,N,486544130000,1089815127434,603270997434,123.991
2017,경기,경기하남시,N,536784264000,800362072233,263577808233,49.1031
2017,경기,경기화성시,N,1916351060000,2979583683975,1063232623975,55.4821
2017,경남,경남거제시,N,640575202000,886426898018,245851696018,38.3798
2017,경남,경남거창군,N,479183990000,698101966817,218917976817,45.6856
2017,경남,경남고성군,N,383806117000,580297308968,196491191968,51.1954
2017,경남,경남김해시,N,1323086982000,1730907545905,407820563905,30.8234
2017,경남,경남남해군,N,391164355000,560141662117,168977307117,43.1985
2017,경남,경남밀양시,N,598425285000,921028513511,322603228511,53.9087
2017,경남,경남본청,Y,7726974504000,8992995179278,1266020675278,16.3844
2017,경남,경남사천시,N,567683852000,788144561834,220460709834,38.8351
2017,경남,경남산청군,N,358820180000,544095107490,185274927490,51.6345
2017,경남,경남양산시,N,900981643000,1223477778216,322496135216,35.7939
2017,경남,경남의령군,N,377802130000,577447692431,199645562431,52.8439
2017,경남,경남진주시,N,1095550086000,1746027762022,650477676022,59.3745
2017,경남,경남창녕군,N,458830942000,628901389703,170070447703,37.066
2017,경남,경남창원시,N,2708545548000,3719209527975,1010663979975,37.3139
2017,경남,경남통영시,N,511825338000,742267615419,230442277419,45.0236
2017,경남,경남하동군,N,427877157000,621058620544,193181463544,45.1488
2017,경남,경남함안군,N,406515666000,512407831648,105892165648,26.0487
2017,경남,경남함양군,N,385075116000,537070385121,151995269121,39.4716
2017,경남,경남합천군,N,476254527000,695288722569,219034195569,45.991
2017,경북,경북경산시,N,836574750000,1094518448048,257943698048,30.8333
2017,경북,경북경주시,N,1184022532000,1802825099803,618802567803,52.2627
2017,경북,경북고령군,N,281759896000,402911697185,121151801185,42.9982
2017,경북,경북구미시,N,1149594132000,1469685878225,320091746225,27.8439
2017,경북,경북군위군,N,314744925000,434535561685,119790636685,38.0596
2017,경북,경북김천시,N,888386182000,1217941697361,329555515361,37.096
2017,경북,경북문경시,N,567254000000,745489332373,178235332373,31.4207
2017,경북,경북본청,Y,8563033232000,9997334830265,1434301598265,16.7499
2017,경북,경북봉화군,N,336590580000,531386205293,194795625293,57.8732
2017,경북,경북상주시,N,690651528000,1102090411457,411438883457,59.5726
2017,경북,경북성주군,N,387000000000,569333299802,182333299802,47.1145
2017,경북,경북안동시,N,879747116000,1311042789910,431295673910,49.025
2017,경북,경북영덕군,N,371924906000,536795174434,164870268434,44.3289
2017,경북,경북영양군,N,248591066000,359906637427,111315571427,44.7786
2017,경북,경북영주시,N,596835064000,888580558340,291745494340,48.8821
2017,경북,경북영천시,N,644418494000,991979984451,347561490451,53.9341
2017,경북,경북예천군,N,386085294000,586926469613,200841175613,52.0199
2017,경북,경북울릉군,N,154754879000,212400428616,57645549616,37.2496
2017,경북,경북울진군,N,716986060000,994272452947,277286392947,38.6739
2017,경북,경북의성군,N,501194903000,745353807552,244158904552,48.7154
2017,경북,경북청도군,N,327492753000,500752190591,173259437591,52.9048
2017,경북,경북청송군,N,307694758000,442901687291,135206929291,43.9419
2017,경북,경북칠곡군,N,451000000000,579724894919,128724894919,28.5421
2017,경북,경북포항시,N,1653843033000,2101609764536,447766731536,27.0743
2017,광주,광주광산구,N,503274831000,625010152096,121735321096,24.1886
2017,광주,광주남구,N,290017830000,421298160573,131280330573,45.2663
2017,광주,광주동구,N,218231918000,345550303009,127318385009,58.3409
2017,광주,광주본청,Y,4314108458000,5093766180784,779657722784,18.0723
2017,광주,광주북구,N,510238541000,659577616037,149339075037,29.2685
2017,광주,광주서구,N,377583601000,497497508167,119913907167,31.7582
2017,대구,대구남구,N,287492597000,373584154738,86091557738,29.9457
2017,대구,대구달서구,N,613703633000,727518461671,113814828671,18.5456
2017,대구,대구달성군,N,594509104000,948807591269,354298487269,59.5951
2017,대구,대구동구,N,493783051000,630421350405,136638299405,27.6717
2017,대구,대구본청,Y,7548357538000,8537466758582,989109220582,13.1036
2017,대구,대구북구,N,490941848000,618167858657,127226010657,25.9147
2017,대구,대구서구,N,303296792000,419924318521,116627526521,38.4533
2017,대구,대구수성구,N,491990989000,617245499361,125254510361,25.4587
2017,대구,대구중구,N,208209898000,308195144373,99985246373,48.0214
2017,대전,대전대덕구,N,335401962000,420653714885,85251752885,25.4178
2017,대전,대전동구,N,385968716000,459294195749,73325479749,18.9978
2017,대전,대전본청,Y,4542052884000,5639001176335,1096948292335,24.1509
2017,대전,대전서구,N,559124352000,732669778687,173545426687,31.0388
2017,대전,대전유성구,N,452655950000,563910575657,111254625657,24.5782
2017,대전,대전중구,N,353496910000,446972518440,93475608440,26.4431
2017,부산,부산강서구,N,236604419000,355610930106,119006511106,50.2977
2017,부산,부산금정구,N,320228743000,429265837824,109037094824,34.0498
2017,부산,부산기장군,N,491510982000,649519042328,158008060328,32.1474
2017,부산,부산남구,N,278264987000,441653668927,163388681927,58.7169
2017,부산,부산동구,N,201450885000,283879761826,82428876826,40.9176
2017,부산,부산동래구,N,328814126000,434195921170,105381795170,32.049
2017,부산,부산본청,Y,11292657601000,12821508031587,1528850430587,13.5384
2017,부산,부산부산진구,N,433269390000,584795828570,151526438570,34.9728
2017,부산,부산북구,N,363898733000,480413500506,116514767506,32.0185
2017,부산,부산사상구,N,312849551000,402915652229,90066101229,28.789
2017,부산,부산사하구,N,393726811000,549601068066,155874257066,39.5894
2017,부산,부산서구,N,216215686000,337352359585,121136673585,56.0258
2017,부산,부산수영구,N,241630705000,330022306690,88391601690,36.5813
2017,부산,부산연제구,N,262718480000,363142798534,100424318534,38.2251
2017,부산,부산영도구,N,230304383000,330734349690,100429966690,43.6075
2017,부산,부산중구,N,143310984000,203388805250,60077821250,41.9213
2017,부산,부산해운대구,N,476279691000,619510536157,143230845157,30.0728
2017,서울,서울강남구,N,985472585000,1344470139809,358997554809,36.429
2017,서울,서울강동구,N,553382324000,747654153260,194271829260,35.1063
2017,서울,서울강북구,N,540875475000,683101712270,142226237270,26.2956
2017,서울,서울강서구,N,792117900000,950031892135,157913992135,19.9357
2017,서울,서울관악구,N,557263834000,713487924295,156224090295,28.0341
2017,서울,서울광진구,N,465166018000,633936565299,168770547299,36.2818
2017,서울,서울구로구,N,575146792000,760767498348,185620706348,32.2736
2017,서울,서울금천구,N,379371184000,493028716130,113657532130,29.9595
2017,서울,서울노원구,N,729926498000,970010525862,240084027862,32.8915
2017,서울,서울도봉구,N,486238872000,633995226527,147756354527,30.3876
2017,서울,서울동대문구,N,474081671000,618768985328,144687314328,30.5195
2017,서울,서울동작구,N,507933204000,644847462419,136914258419,26.9552
2017,서울,서울마포구,N,594239212000,728307240315,134068028315,22.5613
2017,서울,서울본청,Y,32015393602000,38050279679583,6034886077583,18.85
2017,서울,서울서대문구,N,439776531000,632368127573,192591596573,43.7931
2017,서울,서울서초구,N,775857522000,943425024630,167567502630,21.5977
2017,서울,서울성동구,N,435998642000,555990733713,119992091713,27.5212
2017,서울,서울성북구,N,573356424000,739640965318,166284541318,29.0019
2017,서울,서울송파구,N,642037368000,788707089926,146669721926,22.8444
2017,서울,서울양천구,N,565159420000,753109231366,187949811366,33.2561
2017,서울,서울영등포구,N,499235859000,654417092412,155181233412,31.0838
2017,서울,서울용산구,N,386802792000,469525013440,82722221440,21.3861
2017,서울,서울은평구,N,587507617000,765544626839,178037009839,30.3038
2017,서울,서울종로구,N,448203573000,615983961752,167780388752,37.434
2017,서울,서울중구,N,425944449000,541328309717,115383860717,27.0889
2017,서울,서울중랑구,N,533777778000,683764084086,149986306086,28.099
2017,세종,세종본청,Y,1412782992000,1924677455792,511894463792,36.2331
2017,울산,울산남구,N,420810300000,539254641379,118444341379,28.1467
2017,울산,울산동구,N,239896183000,292808478016,52912295016,22.0563
2017,울산,울산본청,Y,3707655279000,4356055201752,648399922752,17.4881
2017,울산,울산북구,N,271128272000,405470361785,134342089785,49.5493
2017,울산,울산울주군,N,1064758996000,1310781553235,246022557235,23.1059
2017,울산,울산중구,N,300149428000,411496737548,111347309548,37.0973
2017,인천,인천강화군,N,392186697000,575786766218,183600069218,46.8145
2017,인천,인천계양구,N,374031727000,542385929807,168354202807,45.0107
2017,인천,인천남구,N,510547561000,642931343932,132383782932,25.9298
2017,인천,인천남동구,N,657653885000,804888650476,147234765476,22.3879
2017,인천,인천동구,N,191263935000,293613666283,102349731283,53.5123
2017,인천,인천본청,Y,8945189924000,10836246709303,1891056785303,21.1405
2017,인천,인천부평구,N,634218889000,776370510307,142151621307,22.4137
2017,인천,인천서구,N,601398175000,853440812117,252042637117,41.9094
2017,인천,인천연수구,N,458545081000,583673690018,125128609018,27.2882
2017,인천,인천옹진군,N,265951609000,403976984351,138025375351,51.8987
2017,인천,인천중구,N,308672969000,455360067957,146687098957,47.5218
2017,전남,전남강진군,N,316670380000,500725919807,184055539807,58.1221
2017,전남,전남고흥군,N,528322438000,887392500064,359070062064,67.9642
2017,전남,전남곡성군,N,312239667000,469696835702,157457168702,50.4283
2017,전남,전남광양시,N,722486962000,934755647166,212268685166,29.3803
2017,전남,전남구례군,N,241910644000,357871525552,115960881552,47.9354
2017,전남,전남나주시,N,621099934000,984882262006,363782328006,58.5707
2017,전남,전남담양군,N,325128486000,490666559969,165538073969,50.9147
2017,전남,전남목포시,N,680436948000,877362670993,196925722993,28.9411
2017,전남,전남무안군,N,397215121000,687942482300,290727361300,73.1914
2017,전남,전남보성군,N,395070485000,602600569015,207530084015,52.5299
2017,전남,전남본청,Y,7429336674000,8348160955055,918824281055,12.3675
2017,전남,전남순천시,N,1036442563000,1434816780058,398374217058,38.4367
2017,전남,전남신안군,N,421864880000,725098768736,303233888736,71.8794
2017,전남,전남여수시,N,996223420000,1514617346440,518393926440,52.0359
2017,전남,전남영광군,N,441485836000,726200945098,284715109098,64.4902
2017,전남,전남영암군,N,410199048000,613775699829,203576651829,49.6287
2017,전남,전남완도군,N,348505106000,574427931704,225922825704,64.8263
2017,전남,전남장성군,N,357108053000,526278006150,169169953150,47.3722
2017,전남,전남장흥군,N,316717074000,491038744863,174321670863,55.0402
2017,전남,전남진도군,N,293147047000,518593049087,225446002087,76.9054
2017,전남,전남함평군,N,320668856000,467468155387,146799299387,45.7791
2017,전남,전남해남군,N,537656358000,901867910435,364211552435,67.7406
2017,전남,전남화순군,N,426234176000,689770474153,263536298153,61.829
2017,전북,전북고창군,N,507608175000,696226234208,188618059208,37.1582
2017,전북,전북군산시,N,922646729000,1271722752507,349076023507,37.8342
2017,전북,전북김제시,N,623163278000,880037116183,256873838183,41.221
2017,전북,전북남원시,N,585980129000,803829624749,217849495749,37.1769
2017,전북,전북무주군,N,306333153000,440532537485,134199384485,43.8083
2017,전북,전북본청,Y,5823611671000,6474139776095,650528105095,11.1705
2017,전북,전북부안군,N,506548972000,642602456963,136053484963,26.8589
2017,전북,전북순창군,N,336318683000,447149724821,110831041821,32.9542
2017,전북,전북완주군,N,590108860000,695491184351,105382324351,17.8581
2017,전북,전북익산시,N,1009511762000,1406875187098,397363425098,39.3619
2017,전북,전북임실군,N,340822397000,482970659990,142148262990,41.7074
2017,전북,전북장수군,N,295217720000,440627585050,145409865050,49.2551
2017,전북,전북전주시,N,1656295933000,2063942631859,407646698859,24.6119
2017,전북,전북정읍시,N,734171149000,1012031469303,277860320303,37.8468
2017,전북,전북진안군,N,354136861000,462734771019,108597910019,30.6655
2017,제주,제주본청,Y,5104290043000,6729906446808,1625616403808,31.848
2017,충남,충남계룡시,N,141311382000,220343545254,79032163254,55.9277
2017,충남,충남공주시,N,563146912000,949902217742,386755305742,68.6775
2017,충남,충남금산군,N,349013370000,503693526825,154680156825,44.3193
2017,충남,충남논산시,N,616825401000,948718048788,331892647788,53.8066
2017,충남,충남당진시,N,727626077000,1081736220290,354110143290,48.6665
2017,충남,충남보령시,N,609673521000,956774834729,347101313729,56.9323
2017,충남,충남본청,Y,6241561400000,7190271276736,948709876736,15.1999
2017,충남,충남부여군,N,457433798000,817454745945,360020947945,78.7045
2017,충남,충남서산시,N,768815924000,1087015154033,318199230033,41.3882
2017,충남,충남서천군,N,406755230000,580757345951,174002115951,42.7781
2017,충남,충남아산시,N,894036279000,1365928456015,471892177015,52.7822
2017,충남,충남예산군,N,519850735000,766694539850,246843804850,47.4836
2017,충남,충남천안시,N,1570138219000,2221728464541,651590245541,41.4989
2017,충남,충남청양군,N,310397019000,465072975435,154675956435,49.8317
2017,충남,충남태안군,N,455823669000,718712303927,262888634927,57.6733
2017,충남,충남홍성군,N,523756707000,659418651136,135661944136,25.9017
2017,충북,충북괴산군,N,337808559000,570334692000,232526133000,68.8337
2017,충북,충북단양군,N,280503137000,458349643703,177846506703,63.4027
2017,충북,충북보은군,N,321240911000,505072625475,183831714475,57.2255
2017,충북,충북본청,Y,4323585821000,5281712092982,958126271982,22.1605
2017,충북,충북영동군,N,381001691000,594993885040,213992194040,56.1657
2017,충북,충북옥천군,N,369715254000,535727670670,166012416670,44.9028
2017,충북,충북음성군,N,481055785000,702068727182,221012942182,45.9433
2017,충북,충북제천시,N,665787792000,1001449963279,335662171279,50.4158
2017,충북,충북증평군,N,173572136000,256669086587,83096950587,47.8746
2017,충북,충북진천군,N,366464911000,576592302091,210127391091,57.339
2017,충북,충북청주시,N,2230507837000,3100740606305,870232769305,39.015
2017,충북,충북충주시,N,827478751000,1263277814439,435799063439,52.6659
2018,강원,강원강릉시,N,884211883000,1138529561216,254317678216,28.7621
2018,강원,강원고성군,N,302139051000,444945953711,142806902711,47.2653
2018,강원,강원동해시,N,369430423000,488231009064,118800586064,32.1578
2018,강원,강원본청,Y,6105353758000,7062406821053,957053063053,15.6756
2018,강원,강원삼척시,N,502123409000,768560448559,266437039559,53.0621
2018,강원,강원속초시,N,338776121000,474141170099,135365049099,39.9571
2018,강원,강원양구군,N,332162102000,487759255449,155597153449,46.8437
2018,강원,강원양양군,N,267635340000,414617632296,146982292296,54.9189
2018,강원,강원영월군,N,392212707000,632597138873,240384431873,61.2893
2018,강원,강원원주시,N,1156754874000,1764541196857,607786322857,52.5424
2018,강원,강원인제군,N,409357553000,642931550422,233573997422,57.0587
2018,강원,강원정선군,N,431078604000,632661606322,201583002322,46.7625
2018,강원,강원철원군,N,409596078000,589861134208,180265056208,44.0104
2018,강원,강원춘천시,N,1366063008000,1733294632887,367231624887,26.8825
2018,강원,강원태백시,N,322270103000,456573211175,134303108175,41.6741
2018,강원,강원평창군,N,362675158000,587459399514,224784241514,61.9795
2018,강원,강원홍천군,N,532640476000,786775366835,254134890835,47.7123
2018,강원,강원화천군,N,293203833000,435976049918,142772216918,48.6938
2018,강원,강원횡성군,N,392924780000,620734756257,227809976257,57.978
2018,경기,경기가평군,N,416639635000,670660848866,254021213866,60.969
2018,경기,경기고양시,N,2101712964000,2814179208316,712466244316,33.8993
2018,경기,경기과천시,N,349816000000,552442072628,202626072628,57.9236
2018,경기,경기광명시,N,823116569000,1045855856325,222739287325,27.0605
2018,경기,경기광주시,N,905445115000,1490711196301,585266081301,64.6385
2018,경기,경기구리시,N,533253128000,736004291033,202751163033,38.0216
2018,경기,경기군포시,N,673909891000,888982698015,215072807015,31.9142
2018,경기,경기김포시,N,1035237952000,1562281992711,527044040711,50.9104
2018,경기,경기남양주시,N,1424627303000,2071321723363,646694420363,45.3939
2018,경기,경기동두천시,N,427721401000,648373819784,220652418784,51.5879
2018,경기,경기본청,Y,26804640261000,31087957268251,4283317007251,15.9798
2018,경기,경기부천시,N,1859145618000,2309560660182,450415042182,24.227
2018,경기,경기성남시,N,3359687021000,3975610249683,615923228683,18.3328
2018,경기,경기수원시,N,2849229612000,3445061299614,595831687614,20.912
2018,경기,경기시흥시,N,1890662961000,2413035211847,522372250847,27.6291
2018,경기,경기안산시,N,2380511537000,2922746970262,542235433262,22.7781
2018,경기,경기안성시,N,731953642000,1135285531452,403331889452,55.1035
2018,경기,경기안양시,N,1435516777000,1699706325271,264189548271,18.4038
2018,경기,경기양주시,N,710131094000,933570618629,223439524629,31.4645
2018,경기,경기양평군,N,580109035000,801552170834,221443135834,38.1727
2018,경기,경기여주시,N,599332833000,1093741548478,494408715478,82.4932
2018,경기,경기연천군,N,396543706000,713983206065,317439500065,80.0516
2018,경기,경기오산시,N,578452763000,948619230064,370166467064,63.9925
2018,경기,경기용인시,N,2361904307000,3004889669600,642985362600,27.2232
2018,경기,경기의왕시,N,424381146000,569905553871,145524407871,34.291
2018,경기,경기의정부시,N,1001660485000,1266273230607,264612745607,26.4174
2018,경기,경기이천시,N,853749522000,1484370826254,630621304254,73.8649
2018,경기,경기파주시,N,1135191453000,1716781081522,581589628522,51.2327
2018,경기,경기평택시,N,1592081153000,2390205047304,798123894304,50.1309
2018,경기,경기포천시,N,596520930000,1171029504494,574508574494,96.3099
2018,경기,경기하남시,N,606072835000,857902566906,251829731906,41.5511
2018,경기,경기화성시,N,2376444261000,3389183290868,1012739029868,42.6157
2018,경남,경남거제시,N,726023364000,898018193453,171994829453,23.69
2018,경남,경남거창군,N,515084802000,774254284975,259169482975,50.3159
2018,경남,경남고성군,N,429935996000,656884322702,226948326702,52.7865
2018,경남,경남김해시,N,1465307328000,1827717087609,362409759609,24.7327
2018,경남,경남남해군,N,434990593000,604658655509,169668062509,39.005
2018,경남,경남밀양시,N,685521441000,1017193942452,331672501452,48.3825
2018,경남,경남본청,Y,7961115937000,8981746992753,1020631055753,12.8202
2018,경남,경남사천시,N,600108721000,836019586465,235910865465,39.3114
2018,경남,경남산청군,N,414573294000,556891546860,142318252860,34.3289
2018,경남,경남양산시,N,1038233528000,1328041994491,289808466491,27.9136
2018,경남,경남의령군,N,423709610000,591392051637,167682441637,39.5748
2018,경남,경남진주시,N,1239878229000,2190377658113,950499429113,76.6607
2018,경남,경남창녕군,N,476211726000,647186366487,170974640487,35.9031
2018,경남,경남창원시,N,2895628568000,3909502923868,1013874355868,35.014
2018,경남,경남통영시,N,549104915000,770093985609,220989070609,40.2453
2018,경남,경남하동군,N,506982532000,733921574579,226939042579,44.7627
2018,경남,경남함안군,N,455245574000,560412284683,105166710683,23.1011
2018,경남,경남함양군,N,459059662000,585397730166,126338068166,27.5211
2018,경남,경남합천군,N,520453283000,710590487177,190137204177,36.533
2018,경북,경북경산시,N,956118949000,1173010552533,216891603533,22.6846
2018,경북,경북경주시,N,1187085050000,1777700429727,590615379727,49.7534
2018,경북,경북고령군,N,298230102000,401666092239,103435990239,34.6833
2018,경북,경북구미시,N,1131053956000,1489049300116,357995344116,31.6515
2018,경북,경북군위군,N,316836293000,460002777123,143166484123,45.1863
2018,경북,경북김천시,N,1015363658000,1324246927527,308883269527,30.4209
2018,경북,경북문경시,N,630770000000,817546037583,186776037583,29.6108
2018,경북,경북본청,Y,8988625470000,10216166768718,1227541298718,13.6566
2018,경북,경북봉화군,N,377671104000,583140883010,205469779010,54.4044
2018,경북,경북상주시,N,783260031000,1244596307843,461336276843,58.8995
2018,경북,경북성주군,N,410617000000,584951226029,174334226029,42.4567
2018,경북,경북안동시,N,1038342584000,1433697185473,395354601473,38.0755
2018,경북,경북영덕군,N,409638832000,643824265768,234185433768,57.1688
2018,경북,경북영양군,N,276381336000,397049978995,120668642995,43.6602
2018,경북,경북영주시,N,660008787000,928644530146,268635743146,40.7018
2018,경북,경북영천시,N,685581213000,1029188622014,343607409014,50.1191
2018,경북,경북예천군,N,408280060000,595709010774,187428950774,45.907
2018,경북,경북울릉군,N,158720521000,209910218509,51189697509,32.2515
2018,경북,경북울진군,N,708604145000,1007556279899,298952134899,42.1889
2018,경북,경북의성군,N,521260211000,784655652929,263395441929,50.5305
2018,경북,경북청도군,N,360074613000,533505770282,173431157282,48.1653
2018,경북,경북청송군,N,313115340000,460800870487,147685530487,47.1665
2018,경북,경북칠곡군,N,462600000000,586441184201,123841184201,26.7707
2018,경북,경북포항시,N,1788612073000,2392424225968,603812152968,33.7587
2018,광주,광주광산구,N,558649256000,706531655764,147882399764,26.4714
2018,광주,광주남구,N,329053321000,459605962421,130552641421,39.6752
2018,광주,광주동구,N,223194668000,413990783861,190796115861,85.4842
2018,광주,광주본청,Y,4831332449000,5607735703144,776403254144,16.0702
2018,광주,광주북구,N,590398512000,730302407668,139903895668,23.6965
2018,광주,광주서구,N,427343784000,553272537972,125928753972,29.4678
2018,대구,대구남구,N,310448396000,372400637376,61952241376,19.9557
2018,대구,대구달서구,N,675723545000,763264563226,87541018226,12.9552
2018,대구,대구달성군,N,670611471000,1026716220178,356104749178,53.1015
2018,대구,대구동구,N,546915163000,680188692465,133273529465,24.3682
2018,대구,대구본청,Y,8225054197000,9151341005264,926286808264,11.2618
2018,대구,대구북구,N,559865401000,661431602038,101566201038,18.1412
2018,대구,대구서구,N,333071273000,430247981499,97176708499,29.176
2018,대구,대구수성구,N,543168356000,674681881806,131513525806,24.2123
2018,대구,대구중구,N,215093513000,305898559649,90805046649,42.2165
2018,대전,대전대덕구,N,381256469000,449212680145,67956211145,17.8243
2018,대전,대전동구,N,445820244000,504235834543,58415590543,13.1029
2018,대전,대전본청,Y,5245889339000,6177872393605,931983054605,17.766
2018,대전,대전서구,N,643714927000,786879170965,143164243965,22.2403
2018,대전,대전유성구,N,502720660000,607991506142,105270846142,20.9402
2018,대전,대전중구,N,396943784000,466379732792,69435948792,17.4926
2018,부산,부산강서구,N,270964808000,430236435481,159271627481,58.7795
2018,부산,부산금정구,N,357298287000,454339352374,97041065374,27.1597
2018,부산,부산기장군,N,488140524000,672925447307,184784923307,37.8549
2018,부산,부산남구,N,335129589000,475065986788,139936397788,41.7559
2018,부산,부산동구,N,220102825000,293331812103,73228987103,33.2704
2018,부산,부산동래구,N,361830287000,487060259040,125229972040,34.6101
2018,부산,부산본청,Y,11999130268000,13347034403477,1347904135477,11.2333
2018,부산,부산부산진구,N,510289800000,614454256000,104164456000,20.4128
2018,부산,부산북구,N,404596914000,512844543880,108247629880,26.7544
2018,부산,부산사상구,N,338137556000,436085903454,97948347454,28.967
2018,부산,부산사하구,N,423055754000,585574225663,162518471663,38.4154
2018,부산,부산서구,N,237936341000,342086516720,104150175720,43.7723
2018,부산,부산수영구,N,260739327000,368096256300,107356929300,41.174
2018,부산,부산연제구,N,294989614000,385388506226,90398892226,30.6448
2018,부산,부산영도구,N,258236679000,372487900850,114251221850,44.2428
2018,부산,부산중구,N,162753418000,213215581159,50462163159,31.0053
2018,부산,부산해운대구,N,517823282000,641320436668,123497154668,23.8493
2018,서울,서울강남구,N,1116394383000,1461352692788,344958309788,30.8993
2018,서울,서울강동구,N,643467658000,925005465702,281537807702,43.7532
2018,서울,서울강북구,N,625116482000,764101810853,138985328853,22.2335
2018,서울,서울강서구,N,882461807000,1061946996459,179485189459,20.3391
2018,서울,서울관악구,N,629732299000,775068370926,145336071926,23.079
2018,서울,서울광진구,N,540058469000,702598994303,162540525303,30.0968
2018,서울,서울구로구,N,635781434000,813272234163,177490800163,27.917
2018,서울,서울금천구,N,415503060000,565539666440,150036606440,36.1096
2018,서울,서울노원구,N,817693708000,1036476789371,218783081371,26.7561
2018,서울,서울도봉구,N,552311772000,717283928363,164972156363,29.8694
2018,서울,서울동대문구,N,540606087000,689948368269,149342281269,27.625
2018,서울,서울동작구,N,563783631000,719021759023,155238128023,27.5351
2018,서울,서울마포구,N,607190936000,743273769557,136082833557,22.4119
2018,서울,서울본청,Y,33867016155000,41377020698739,7510004543739,22.175
2018,서울,서울서대문구,N,518422063000,697292557731,178870494731,34.5029
2018,서울,서울서초구,N,791158956000,923637989209,132479033209,16.7449
2018,서울,서울성동구,N,473653634000,588576978714,114923344714,24.2632
2018,서울,서울성북구,N,654567325000,820543645426,165976320426,25.3566
2018,서울,서울송파구,N,748745073000,899544886966,150799813966,20.1403
2018,서울,서울양천구,N,640412597000,843940704552,203528107552,31.7808
2018,서울,서울영등포구,N,551748191000,714498364218,162750173218,29.4972
2018,서울,서울용산구,N,425137651000,516701909093,91564258093,21.5376
2018,서울,서울은평구,N,676732329000,865366058795,188633729795,27.8742
2018,서울,서울종로구,N,509143439000,660559483553,151416044553,29.7394
2018,서울,서울중구,N,457408501000,579796368673,122387867673,26.7568
2018,서울,서울중랑구,N,598910507000,779400191450,180489684450,30.1363
2018,세종,세종본청,Y,1723055251000,2104924165961,381868914961,22.1623
2018,울산,울산남구,N,465551969000,598601235051,133049266051,28.5788
2018,울산,울산동구,N,259495692000,331469016371,71973324371,27.7358
2018,울산,울산본청,Y,3917128549000,4520267804110,603139255110,15.3975
2018,울산,울산북구,N,308229514000,433837588494,125608074494,40.7515
2018,울산,울산울주군,N,1091774115000,1154718026115,62943911115,5.7653
2018,울산,울산중구,N,353151079000,465575194869,112424115869,31.8346
2018,인천,인천강화군,N,444111527000,625669484251,181557957251,40.8812
2018,인천,인천계양구,N,432337227000,578385646591,146048419591,33.7811
2018,인천,인천남동구,N,749535539000,905745824461,156210285461,20.8409
2018,인천,인천동구,N,257196669000,336680274449,79483605449,30.9038
2018,인천,인천미추홀구,N,599021159000,694933869771,95912710771,16.0116
2018,인천,인천본청,Y,9538301886000,11000112773514,1461810887514,15.3257
2018,인천,인천부평구,N,737555302000,844779755092,107224453092,14.5378
2018,인천,인천서구,N,779809591000,972125625889,192316034889,24.6619
2018,인천,인천연수구,N,535760677000,633500012907,97739335907,18.2431
2018,인천,인천옹진군,N,271003935000,374675591880,103671656880,38.2547
2018,인천,인천중구,N,356594747000,463078600752,106483853752,29.8613
2018,전남,전남강진군,N,339940335000,547451566919,207511231919,61.0434
2018,전남,전남고흥군,N,561870778000,965931650165,404060872165,71.9135
2018,전남,전남곡성군,N,361641530000,512696804227,151055274227,41.7693
2018,전남,전남광양시,N,955420243000,995387514808,39967271808,4.1832
2018,전남,전남구례군,N,279975525000,389672343972,109696818972,39.1809
2018,전남,전남나주시,N,646664726000,979576701518,332911975518,51.4814
2018,전남,전남담양군,N,367691888000,557408848381,189716960381,51.5967
2018,전남,전남목포시,N,696598340000,925106308765,228507968765,32.8034
2018,전남,전남무안군,N,445186164000,796271936793,351085772793,78.8627
2018,전남,전남보성군,N,436149441000,677674546707,241525105707,55.3767
2018,전남,전남본청,Y,7570448795000,8669058216080,1098609421080,14.5118
2018,전남,전남순천시,N,1204114785000,1614903104119,410788319119,34.1154
2018,전남,전남신안군,N,433790912000,758851982751,325061070751,74.935
2018,전남,전남여수시,N,1119820728000,1791955168683,672134440683,60.0216
2018,전남,전남영광군,N,505715975000,727703531140,221987556140,43.8957
2018,전남,전남영암군,N,440419450000,667532506759,227113056759,51.5674
2018,전남,전남완도군,N,379487033000,614704445655,235217412655,61.983
2018,전남,전남장성군,N,400060888000,567841514800,167780626800,41.9388
2018,전남,전남장흥군,N,341954707000,550674889846,208720182846,61.0374
2018,전남,전남진도군,N,313325190000,562890236887,249565046887,79.6505
2018,전남,전남함평군,N,334852459000,468367475226,133515016226,39.8728
2018,전남,전남해남군,N,573285132000,1017968522167,444683390167,77.5676
2018,전남,전남화순군,N,493796715000,756898484640,263101769640,53.2814
2018,전북,전북고창군,N,572335168000,754394135171,182058967171,31.8099
2018,전북,전북군산시,N,1014561053000,1380783856595,366222803595,36.0967
2018,전북,전북김제시,N,652346567000,951444618949,299098051949,45.8496
2018,전북,전북남원시,N,658880355000,885856468729,226976113729,34.4488
2018,전북,전북무주군,N,326466630000,463088701595,136622071595,41.8487
2018,전북,전북본청,Y,6407876434000,6884704468666,476828034666,7.4413
2018,전북,전북부안군,N,572280497000,708495880226,136215383226,23.8022
2018,전북,전북순창군,N,354395879000,491661017892,137265138892,38.7321
2018,전북,전북완주군,N,615891223000,730563785184,114672562184,18.619
2018,전북,전북익산시,N,1109587721000,1505360497184,395772776184,35.6685
2018,전북,전북임실군,N,379615281000,516825395132,137210114132,36.1445
2018,전북,전북장수군,N,314208743000,471934196181,157725453181,50.1977
2018,전북,전북전주시,N,1828571345000,2244088924323,415517579323,22.7236
2018,전북,전북정읍시,N,821975235000,1083264874576,261289639576,31.788
2018,전북,전북진안군,N,413229406000,523572167969,110342761969,26.7025
2018,제주,제주본청,Y,5776143019000,6850370332629,1074227313629,18.5977
2018,충남,충남계룡시,N,164241667000,260734757813,96493090813,58.7507
2018,충남,충남공주시,N,601970816000,1049146995230,447176179230,74.2854
2018,충남,충남금산군,N,375403230000,543010991387,167607761387,44.6474
2018,충남,충남논산시,N,694783192000,1007157396267,312374204267,44.96
2018,충남,충남당진시,N,848691963000,1115943485720,267251522720,31.4898
2018,충남,충남보령시,N,704586736000,1003030471367,298443735367,42.3573
2018,충남,충남본청,Y,6647717000000,7320245670324,672528670324,10.1167
2018,충남,충남부여군,N,496978375000,928172045997,431193670997,86.7631
2018,충남,충남서산시,N,815294631000,1253550296078,438255665078,53.7543
2018,충남,충남서천군,N,452743353000,639025170756,186281817756,41.1451
2018,충남,충남아산시,N,997304325000,1466811099115,469506774115,47.0776
2018,충남,충남예산군,N,550754195000,803107047938,252352852938,45.8195
2018,충남,충남천안시,N,1704700000000,2403812340989,699112340989,41.0109
2018,충남,충남청양군,N,359684099000,515203761059,155519662059,43.2378
2018,충남,충남태안군,N,476268190000,716114475534,239846285534,50.3595
2018,충남,충남홍성군,N,582565362000,709939345938,127373983938,21.8643
2018,충북,충북괴산군,N,358162115000,652499189210,294337074210,82.1798
2018,충북,충북단양군,N,336141990000,501978963620,165836973620,49.3354
2018,충북,충북보은군,N,366039101000,561339752195,195300651195,53.3551
2018,충북,충북본청,Y,4653600491000,5405120670252,751520179252,16.1492
2018,충북,충북영동군,N,431730571000,635933486420,204202915420,47.2987
2018,충북,충북옥천군,N,413435072000,574596200610,161161128610,38.981
2018,충북,충북음성군,N,557157311000,771851237037,214693926037,38.5338
2018,충북,충북제천시,N,709954920000,1081045695908,371090775908,52.2696
2018,충북,충북증평군,N,191227395000,267514748920,76287353920,39.8935
2018,충북,충북진천군,N,396359866000,623803947342,227444081342,57.3832
2018,충북,충북청주시,N,2289791382000,3083138046026,793346664026,34.6471
2018,충북,충북충주시,N,893121018000,1411351791248,518230773248,58.0247
2019,강원,강원강릉시,N,964604065000,1551890958128,587286893128,60.8837
2019,강원,강원고성군,N,308024162000,606758026286,298733864286,96.9839
2019,강원,강원동해시,N,380717378000,617988893618,237271515618,62.3222
2019,강원,강원본청,Y,6724093516000,7977974386357,1253880870357,18.6476
2019,강원,강원삼척시,N,554391033000,974329244941,419938211941,75.7477
2019,강원,강원속초시,N,372491854000,609281719681,236789865681,63.5691
2019,강원,강원양구군,N,364232815000,581769463667,217536648667,59.7246
2019,강원,강원양양군,N,295255343000,499075887252,203820544252,69.032
2019,강원,강원영월군,N,403405596000,701832089614,298426493614,73.9768
2019,강원,강원원주시,N,1290473396000,1915439543553,624966147553,48.4292
2019,강원,강원인제군,N,470347012000,766760672515,296413660515,63.0202
2019,강원,강원정선군,N,461924410000,692181439038,230257029038,49.8473
2019,강원,강원철원군,N,461030032000,670377325151,209347293151,45.4086
2019,강원,강원춘천시,N,1303897448000,1879760759738,575863311738,44.1648
2019,강원,강원태백시,N,387129319000,556239541252,169110222252,43.6831
2019,강원,강원평창군,N,418980466000,655208011021,236227545021,56.3815
2019,강원,강원홍천군,N,594637960000,922205464302,327567504302,55.0869
2019,강원,강원화천군,N,331635467000,553405774196,221770307196,66.8717
2019,강원,강원횡성군,N,472139037000,746069376201,273930339201,58.019
2019,경기,경기가평군,N,454499352000,712659537973,258160185973,56.801
2019,경기,경기고양시,N,2409329445000,3545396153696,1136066708696,47.1528
2019,경기,경기과천시,N,486977889000,726257822124,239279933124,49.1357
2019,경기,경기광명시,N,878570360000,1155934415183,277364055183,31.5699
2019,경기,경기광주시,N,1045100911000,1745618899997,700517988997,67.0287
2019,경기,경기구리시,N,610029411000,888778611023,278749200023,45.6944
2019,경기,경기군포시,N,783150390000,1014210162387,231059772387,29.5039
2019,경기,경기김포시,N,1205922676000,1822440767839,616518091839,51.1242
2019,경기,경기남양주시,N,1596685823000,2391691577445,795005754445,49.791
2019,경기,경기동두천시,N,485089319000,751488241305,266398922305,54.9175
2019,경기,경기본청,Y,29466252442000,34550528003466,5084275561466,17.2546
2019,경기,경기부천시,N,1985793556000,2511898178161,526104622161,26.4934
2019,경기,경기성남시,N,3454134430000,4270795204359,816660774359,23.643
2019,경기,경기수원시,N,2912059156000,3822516929363,910457773363,31.2651
2019,경기,경기시흥시,N,1631492356000,2264383737322,632891381322,38.7922
2019,경기,경기안산시,N,2465682120000,3186119468119,720437348119,29.2186
2019,경기,경기안성시,N,869890455000,1351238123778,481347668778,55.3343
2019,경기,경기안양시,N,1566969675000,2056763416502,489793741502,31.2574
2019,경기,경기양주시,N,783412422000,1064441504020,281029082020,35.8724
2019,경기,경기양평군,N,669122915000,914238524077,245115609077,36.6324
2019,경기,경기여주시,N,755337264000,1354567088461,599229824461,79.3328
2019,경기,경기연천군,N,426315605000,958770615522,532455010522,124.8969
2019,경기,경기오산시,N,659830404000,969974674603,310144270603,47.0036
2019,경기,경기용인시,N,2409194218000,3255480388503,846286170503,35.1274
2019,경기,경기의왕시,N,480729348000,629991800515,149262452515,31.0492
2019,경기,경기의정부시,N,1123467884000,1749008749139,625540865139,55.6795
2019,경기,경기이천시,N,1036179636000,2288131345852,1251951709852,120.8238
2019,경기,경기파주시,N,1372460498000,2246568699061,874108201061,63.6891
2019,경기,경기평택시,N,1829899912000,2871520038129,1041620126129,56.9222
2019,경기,경기포천시,N,663514090000,1677690229909,1014176139909,152.8492
2019,경기,경기하남시,N,708426369000,1050537813359,342111444359,48.2917
2019,경기,경기화성시,N,2648742844000,3809121807389,1160378963389,43.8087
2019,경남,경남거제시,N,738759577000,1106197624878,367438047878,49.7372
2019,경남,경남거창군,N,562292849000,1053411223022,491118374022,87.3421
2019,경남,경남고성군,N,511845932000,814674700679,302828768679,59.164
2019,경남,경남김해시,N,1611338228000,2090242925113,478904697113,29.7209
2019,경남,경남남해군,N,525574259000,700617083333,175042824333,33.3051
2019,경남,경남밀양시,N,729666971000,1156728027493,427061056493,58.5282
2019,경남,경남본청,Y,8735864793000,10234170965558,1498306172558,17.1512
2019,경남,경남사천시,N,694870117000,935590344315,240720227315,34.6425
2019,경남,경남산청군,N,465445424000,637794926980,172349502980,37.0289
2019,경남,경남양산시,N,1178161575000,1433163514054,255001939054,21.6441
2019,경남,경남의령군,N,450898130000,681397084591,230498954591,51.12
2019,경남,경남진주시,N,1656437636000,2496140263109,839702627109,50.6933
2019,경남,경남창녕군,N,523459744000,771367123453,247907379453,47.3594
2019,경남,경남창원시,N,3219820364000,4461612425868,1241792061868,38.5671
2019,경남,경남통영시,N,589277444000,936863143799,347585699799,58.9851
2019,경남,경남하동군,N,535438362000,688305279514,152866917514,28.5499
2019,경남,경남함안군,N,489082544000,691188129905,202105585905,41.3234
2019,경남,경남함양군,N,502281663000,665069459186,162787796186,32.4097
2019,경남,경남합천군,N,559965393000,840905663783,280940270783,50.171
2019,경북,경북경산시,N,985303010000,1307800762207,322497752207,32.7308
2019,경북,경북경주시,N,1318240774000,1937881540408,619640766408,47.0051
2019,경북,경북고령군,N,319732529000,440735381602,121002852602,37.845
2019,경북,경북구미시,N,1240366505000,1746165745751,505799240751,40.7782
2019,경북,경북군위군,N,329481763000,513509030962,184027267962,55.8536
2019,경북,경북김천시,N,1050690862000,1400586741806,349895879806,33.3015
2019,경북,경북문경시,N,690870000000,918815943270,227945943270,32.994
2019,경북,경북본청,Y,9882832647000,11979478269168,2096645622168,21.215
2019,경북,경북봉화군,N,424693136000,629304416170,204611280170,48.1786
2019,경북,경북상주시,N,906842113000,1685517507762,778675394762,85.8667
2019,경북,경북성주군,N,460926000000,688890976866,227964976866,49.458
2019,경북,경북안동시,N,1093881175000,1691522833448,597641658448,54.635
2019,경북,경북영덕군,N,412323755000,782786261563,370462506563,89.8475
2019,경북,경북영양군,N,292731309000,513979984796,221248675796,75.5808
2019,경북,경북영주시,N,721367399000,1079080929460,357713530460,49.5883
2019,경북,경북영천시,N,737011000000,1290877931920,553866931920,75.1504
2019,경북,경북예천군,N,434639000000,630741167044,196102167044,45.1184
2019,경북,경북울릉군,N,172096074000,266147293575,94051219575,54.6504
2019,경북,경북울진군,N,588072919000,1142327877220,554254958220,94.2494
2019,경북,경북의성군,N,551300849000,945815219233,394514370233,71.5606
2019,경북,경북청도군,N,376433010000,632235045000,255802035000,67.9542
2019,경북,경북청송군,N,336287728000,536771304909,200483576909,59.6167
2019,경북,경북칠곡군,N,492600000000,667230757733,174630757733,35.4508
2019,경북,경북포항시,N,1912706142000,2723679307057,810973165057,42.3993
2019,광주,광주광산구,N,605658995000,865943384650,260284389650,42.9754
2019,광주,광주남구,N,355781714000,537921735479,182140021479,51.1943
2019,광주,광주동구,N,265234476000,493327299544,228092823544,85.9967
2019,광주,광주본청,Y,5435381444000,6716331636184,1280950192184,23.5669
2019,광주,광주북구,N,676647316000,852250317417,175603001417,25.9519
2019,광주,광주서구,N,458986242000,649233757628,190247515628,41.4495
2019,대구,대구남구,N,332251126000,443097528581,110846402581,33.3622
2019,대구,대구달서구,N,735310946000,880013573574,144702627574,19.6791
2019,대구,대구달성군,N,735299578000,1140658866585,405359288585,55.1285
2019,대구,대구동구,N,601851537000,781914053316,180062516316,29.9181
2019,대구,대구본청,Y,8822143600000,10103941565262,1281797965262,14.5293
2019,대구,대구북구,N,619537434000,771905945169,152368511169,24.5939
2019,대구,대구서구,N,367905119000,528706860369,160801741369,43.7074
2019,대구,대구수성구,N,609368518000,831003940508,221635422508,36.3713
2019,대구,대구중구,N,234459973000,387223814371,152763841371,65.1556
2019,대전,대전대덕구,N,410356693000,526630302984,116273609984,28.3348
2019,대전,대전동구,N,468696771000,565984670807,97287899807,20.7571
2019,대전,대전본청,Y,5752981715000,7132417411231,1379435696231,23.9778
2019,대전,대전서구,N,725790932000,938056182806,212265250806,29.2461
2019,대전,대전유성구,N,537829536000,692813171408,154983635408,28.8165
2019,대전,대전중구,N,445516429000,538423168028,92906739028,20.8537
2019,부산,부산강서구,N,313545227000,474337849669,160792622669,51.2821
2019,부산,부산금정구,N,409879800000,536281003306,126401203306,30.8386
2019,부산,부산기장군,N,516251565000,731535175977,215283610977,41.7013
2019,부산,부산남구,N,359959001000,551927821593,191968820593,53.3307
2019,부산,부산동구,N,239216022000,335970191459,96754169459,40.4464
2019,부산,부산동래구,N,395211120000,590166482480,194955362480,49.3294
2019,부산,부산본청,Y,12901267298000,14442732197867,1541464899867,11.9482
2019,부산,부산부산진구,N,541169121000,719042796200,177873675200,32.8684
2019,부산,부산북구,N,448226625000,625922942790,177696317790,39.6443
2019,부산,부산사상구,N,377428559000,495811165570,118382606570,31.3656
2019,부산,부산사하구,N,476737738000,664740039274,188002301274,39.4352
2019,부산,부산서구,N,251955981000,393592865954,141636884954,56.2149
2019,부산,부산수영구,N,304169637000,437590704720,133421067720,43.864
2019,부산,부산연제구,N,328465346000,460654206811,132188860811,40.2444
2019,부산,부산영도구,N,301109131000,418536218622,117427087622,38.9982
2019,부산,부산중구,N,171122803000,246389893293,75267090293,43.9843
2019,부산,부산해운대구,N,577110014000,762444823357,185334809357,32.1143
2019,서울,서울강남구,N,1188043534000,1679386394066,491342860066,41.3573
2019,서울,서울강동구,N,885572160000,1075995757764,190423597764,21.5029
2019,서울,서울강북구,N,715833988000,853776029165,137942041165,19.2701
2019,서울,서울강서구,N,996651909000,1186187471606,189535562606,19.0172
2019,서울,서울관악구,N,715236851000,905490091796,190253240796,26.6
2019,서울,서울광진구,N,593486175000,798584620846,205098445846,34.5583
2019,서울,서울구로구,N,706351154000,907181908857,200830754857,28.4321
2019,서울,서울금천구,N,477856701000,663059048249,185202347249,38.7569
2019,서울,서울노원구,N,905141308000,1170007321425,264866013425,29.2624
2019,서울,서울도봉구,N,610831818000,815230017997,204398199997,33.4623
2019,서울,서울동대문구,N,601097172000,755757064196,154659892196,25.7296
2019,서울,서울동작구,N,626113925000,823694527640,197580602640,31.5567
2019,서울,서울마포구,N,672582083000,830865470682,158283387682,23.5337
2019,서울,서울본청,Y,38781400115000,45654859859312,6873459744312,17.7236
2019,서울,서울서대문구,N,594060767000,797081359363,203020592363,34.1751
2019,서울,서울서초구,N,872373855000,982914758867,110540903867,12.6713
2019,서울,서울성동구,N,537969389000,707933320699,169963931699,31.5936
2019,서울,서울성북구,N,702380126000,940487332664,238107206664,33.9
2019,서울,서울송파구,N,856656527000,1052421496660,195764969660,22.8522
2019,서울,서울양천구,N,721471022000,954352773770,232881751770,32.2787
2019,서울,서울영등포구,N,619121924000,801421899839,182299975839,29.4449
2019,서울,서울용산구,N,493395738000,625809215086,132413477086,26.8372
2019,서울,서울은평구,N,767683256000,988625948631,220942692631,28.7804
2019,서울,서울종로구,N,571512931000,733575684660,162062753660,28.3568
2019,서울,서울중구,N,474528907000,647842506846,173313599846,36.5233
2019,서울,서울중랑구,N,701830991000,907103639808,205272648808,29.2482
2019,세종,세종본청,Y,1726445940000,2094066658089,367620718089,21.2935
2019,울산,울산남구,N,476382775000,631318050051,154935275051,32.5233
2019,울산,울산동구,N,269992674000,365404616815,95411942815,35.3387
2019,울산,울산본청,Y,4100049021000,4761475476042,661426455042,16.1322
2019,울산,울산북구,N,320002853000,452036518475,132033665475,41.2602
2019,울산,울산울주군,N,952508462000,1133550024451,181041562451,19.0068
2019,울산,울산중구,N,372889171000,512578902499,139689731499,37.4615
2019,인천,인천강화군,N,504156335000,747652130128,243495795128,48.2977
2019,인천,인천계양구,N,485816244000,643552024899,157735780899,32.4682
2019,인천,인천남동구,N,820269193000,1014621344195,194352151195,23.6937
2019,인천,인천동구,N,318754764000,465552712038,146797948038,46.0536
2019,인천,인천미추홀구,N,662722987000,767131290094,104408303094,15.7544
2019,인천,인천본청,Y,10768928815000,12872836270778,2103907455778,19.5368
2019,인천,인천부평구,N,843438200000,986546923019,143108723019,16.9673
2019,인천,인천서구,N,940293997000,1147729078455,207435081455,22.0607
2019,인천,인천연수구,N,609334745000,708483904181,99149159181,16.2717
2019,인천,인천옹진군,N,286449152000,436678784286,150229632286,52.4455
2019,인천,인천중구,N,403657170000,529134779243,125477609243,31.0852
2019,전남,전남강진군,N,352304014000,624314923307,272010909307,77.2091
2019,전남,전남고흥군,N,606020584000,1096857647614,490837063614,80.9935
2019,전남,전남곡성군,N,402583144000,581767538549,179184394549,44.5087
2019,전남,전남광양시,N,987122694000,1241127328216,254004634216,25.7318
2019,전남,전남구례군,N,296826029000,434187427962,137361398962,46.2767
2019,전남,전남나주시,N,698891250000,1070090039395,371198789395,53.1125
2019,전남,전남담양군,N,372834938000,601663076260,228828138260,61.3752
2019,전남,전남목포시,N,765444288000,1195868282190,430423994190,56.2319
2019,전남,전남무안군,N,495469936000,1019454549480,523984613480,105.7551
2019,전남,전남보성군,N,486016270000,861218571910,375202301910,77.1995
2019,전남,전남본청,Y,8423825265000,10151012986496,1727187721496,20.5036
2019,전남,전남순천시,N,1278353380000,1793991620907,515638240907,40.3361
2019,전남,전남신안군,N,466670449000,955236074585,488565625585,104.6918
2019,전남,전남여수시,N,1406247129000,2076623781427,670376652427,47.6713
2019,전남,전남영광군,N,511453496000,797971953508,286518457508,56.0204
2019,전남,전남영암군,N,474728488000,764541254489,289812766489,61.0481
2019,전남,전남완도군,N,462068848000,727944783274,265875935274,57.5403
2019,전남,전남장성군,N,408131102000,590907022348,182775920348,44.7836
2019,전남,전남장흥군,N,412333247000,676195643627,263862396627,63.9925
2019,전남,전남진도군,N,325917866000,733737160630,407819294630,125.1295
2019,전남,전남함평군,N,361563405000,520403479253,158840074253,43.9315
2019,전남,전남해남군,N,745726870000,1391446942266,645720072266,86.5894
2019,전남,전남화순군,N,512450740000,898986977478,386536237478,75.429
2019,전북,전북고창군,N,598417957000,888854183031,290436226031,48.534
2019,전북,전북군산시,N,1177529543000,1765222710343,587693167343,49.909
2019,전북,전북김제시,N,803525158000,1221693292909,418168134909,52.0417
2019,전북,전북남원시,N,742507939000,1035172357306,292664418306,39.4157
2019,전북,전북무주군,N,381275238000,553011484007,171736246007,45.0426
2019,전북,전북본청,Y,7053029207000,8164351995381,1111322788381,15.7567
2019,전북,전북부안군,N,614224836000,769630949559,155406113559,25.3012
2019,전북,전북순창군,N,400910559000,569976524176,169065965176,42.1705
2019,전북,전북완주군,N,664896515000,855051814324,190155299324,28.5992
2019,전북,전북익산시,N,1226426373000,1711137133783,484710760783,39.5222
2019,전북,전북임실군,N,412088505000,594771337993,182682832993,44.331
2019,전북,전북장수군,N,346220235000,582506869373,236286634373,68.2475
2019,전북,전북전주시,N,1843197017000,2483680400770,640483383770,34.7485
2019,전북,전북정읍시,N,936344162000,1267160540284,330816378284,35.3306
2019,전북,전북진안군,N,441004868000,604233105225,163228237225,37.0128
2019,제주,제주본청,Y,6032330256000,7168094195130,1135763939130,18.8279
2019,충남,충남계룡시,N,205427801000,396210780932,190782979932,92.8711
2019,충남,충남공주시,N,657957380000,1353324844121,695367464121,105.6858
2019,충남,충남금산군,N,399025736000,703926529817,304900793817,76.4113
2019,충남,충남논산시,N,734361388000,1236360816839,501999428839,68.3586
2019,충남,충남당진시,N,870785552000,1294407636501,423622084501,48.6483
2019,충남,충남보령시,N,720546769000,1163344536167,442797767167,61.453
2019,충남,충남본청,Y,7264644000000,8196270723018,931626723018,12.8241
2019,충남,충남부여군,N,539350904000,1201824501041,662473597041,122.8279
2019,충남,충남서산시,N,994000281000,1432542163945,438541882945,44.1189
2019,충남,충남서천군,N,506693070000,724808808110,218115738110,43.0469
2019,충남,충남아산시,N,1121079921000,1764012385801,642932464801,57.3494
2019,충남,충남예산군,N,601968153000,913628285770,311660132770,51.7735
2019,충남,충남천안시,N,1887270000000,2724637991170,837367991170,44.3693
2019,충남,충남청양군,N,401610000000,603781438399,202171438399,50.3402
2019,충남,충남태안군,N,550480130000,782750130013,232270000013,42.1941
2019,충남,충남홍성군,N,620989417000,856628916548,235639499548,37.9458
2019,충북,충북괴산군,N,417954306000,787811840180,369857534180,88.4923
2019,충북,충북단양군,N,384891756000,558414326790,173522570790,45.0835
2019,충북,충북보은군,N,397305589000,631583259356,234277670356,58.9666
2019,충북,충북본청,Y,5147136746000,6424961442492,1277824696492,24.8259
2019,충북,충북영동군,N,480275342000,782603242100,302327900100,62.9489
2019,충북,충북옥천군,N,450187913000,671760956030,221573043030,49.2179
2019,충북,충북음성군,N,595227137000,829238081062,234010944062,39.3146
2019,충북,충북제천시,N,798583004000,1207626399953,409043395953,51.2211
2019,충북,충북증평군,N,210850364000,303748290875,92897926875,44.0587
2019,충북,충북진천군,N,442483875000,726830803604,284346928604,64.2615
2019,충북,충북청주시,N,2489252246000,3684606219517,1195353973517,48.0206
2019,충북,충북충주시,N,953574880000,1677398497329,723823617329,75.9063
2020,강원,강원강릉시,N,1068571763000,1646431144295,577859381295,54.0777
2020,강원,강원고성군,N,379986745000,583798746305,203812001305,53.6366
2020,강원,강원동해시,N,450675402000,658191490026,207516088026,46.0456
2020,강원,강원본청,Y,7443524404000,9199595623319,1756071219319,23.5919
2020,강원,강원삼척시,N,617901728000,1012019060025,394117332025,63.7832
2020,강원,강원속초시,N,441087897000,696918511347,255830614347,57.9999
2020,강원,강원양구군,N,395173096000,595463940656,200290844656,50.6843
2020,강원,강원양양군,N,358155692000,521571807382,163416115382,45.6271
2020,강원,강원영월군,N,459750212000,686627421841,226877209841,49.3479
2020,강원,강원원주시,N,1464607463000,2215771750970,751164287970,51.2878
2020,강원,강원인제군,N,495452429000,824489054636,329036625636,66.4113
2020,강원,강원정선군,N,496763098000,703578739783,206815641783,41.6326
2020,강원,강원철원군,N,500418757000,798722943464,298304186464,59.6109
2020,강원,강원춘천시,N,1473952526000,2054216542763,580264016763,39.3679
2020,강원,강원태백시,N,385505667000,542321897469,156816230469,40.6781
2020,강원,강원평창군,N,505440851000,709100508749,203659657749,40.2935
2020,강원,강원홍천군,N,660344043000,968565674421,308221631421,46.6759
2020,강원,강원화천군,N,416811593000,641185959130,224374366130,53.8311
2020,강원,강원횡성군,N,543385729000,795493906233,252108177233,46.3958
2020,경기,경기가평군,N,494820438000,819473625895,324653187895,65.6103
2020,경기,경기고양시,N,2971152158000,4167024899591,1195872741591,40.2495
2020,경기,경기과천시,N,1105090762000,1273485815276,168395053276,15.2381
2020,경기,경기광명시,N,973837919000,1327854234588,354016315588,36.3527
2020,경기,경기광주시,N,1125972017000,1961204866594,835232849594,74.1788
2020,경기,경기구리시,N,667802208000,1022482553583,354680345583,53.1116
2020,경기,경기군포시,N,776651207000,1212559560385,435908353385,56.1267
2020,경기,경기김포시,N,1492267551000,2300730807001,808463256001,54.1768
2020,경기,경기남양주시,N,1872998335000,2908705364477,1035707029477,55.2967
2020,경기,경기동두천시,N,555646578000,743551600877,187905022877,33.8174
2020,경기,경기본청,Y,31737661131000,41883849817856,10146188686856,31.9689
2020,경기,경기부천시,N,2320644314000,3009529571128,688885257128,29.6851
2020,경기,경기성남시,N,3508177986000,5027583734968,1519405748968,43.3104
2020,경기,경기수원시,N,2990512017000,4653252059335,1662740042335,55.6005
2020,경기,경기시흥시,N,1672163475000,2595136700865,922973225865,55.1964
2020,경기,경기안산시,N,2627782766000,3284026938278,656244172278,24.9733
2020,경기,경기안성시,N,944618500000,1610979284418,666360784418,70.5428
2020,경기,경기안양시,N,1730805720000,2521392197570,790586477570,45.6774
2020,경기,경기양주시,N,929734550000,1283680762873,353946212873,38.0696
2020,경기,경기양평군,N,774966559000,1144439043325,369472484325,47.6759
2020,경기,경기여주시,N,932975595000,1536931561268,603955966268,64.7344
2020,경기,경기연천군,N,560569179000,971925642122,411356463122,73.3819
2020,경기,경기오산시,N,680603265000,1011942422003,331339157003,48.6832
2020,경기,경기용인시,N,2600280729000,3731143815672,1130863086672,43.49
2020,경기,경기의왕시,N,497734548000,799448545538,301713997538,60.6175
2020,경기,경기의정부시,N,1341329373000,1895974975364,554645602364,41.3504
2020,경기,경기이천시,N,1354714579000,2019523328497,664808749497,49.0737
2020,경기,경기파주시,N,1647555987000,2444215013214,796659026214,48.354
2020,경기,경기평택시,N,2026597343000,3119169916787,1092572573787,53.9117
2020,경기,경기포천시,N,1095087466000,1674272391559,579184925559,52.8894
2020,경기,경기하남시,N,783857469000,1252591001773,468733532773,59.7983
2020,경기,경기화성시,N,2609066445000,4226773070777,1617706625777,62.0033
2020,경남,경남거제시,N,1093035956000,1426219708559,333183752559,30.4824
2020,경남,경남거창군,N,780794145000,986588632523,205794487523,26.3571
2020,경남,경남고성군,N,633307999000,845920707568,212612708568,33.5718
2020,경남,경남김해시,N,1801048718000,2473922088983,672873370983,37.3601
2020,경남,경남남해군,N,578022039000,764989343476,186967304476,32.3461
2020,경남,경남밀양시,N,862186475000,1320713007065,458526532065,53.1818
2020,경남,경남본청,Y,9999440102000,12694084368707,2694644266707,26.948
2020,경남,경남사천시,N,708163399000,977130049475,268966650475,37.9809
2020,경남,경남산청군,N,486991615000,666193587200,179201972200,36.7978
2020,경남,경남양산시,N,1316598547000,1718454384022,401855837022,30.5223
2020,경남,경남의령군,N,499953094000,667711510859,167758416859,33.5548
2020,경남,경남진주시,N,1922385703000,2848388110958,926002407958,48.1694
2020,경남,경남창녕군,N,568483866000,817091437256,248607571256,43.7317
2020,경남,경남창원시,N,3443068786000,5068273050690,1625204264690,47.2022
2020,경남,경남통영시,N,678063797000,997623109780,319559312780,47.1282
2020,경남,경남하동군,N,606951683000,772524287984,165572604984,27.2794
2020,경남,경남함안군,N,616765277000,779441326499,162676049499,26.3757
2020,경남,경남함양군,N,524235727000,700237495851,176001768851,33.573
2020,경남,경남합천군,N,656860342000,900987818865,244127476865,37.1658
2020,경북,경북경산시,N,1033040401000,1609807619600,576767218600,55.832
2020,경북,경북경주시,N,1462337694000,2135023663602,672685969602,46.0007
2020,경북,경북고령군,N,345976990000,462124303884,116147313884,33.5708
2020,경북,경북구미시,N,1295438791000,1889512685209,594073894209,45.8589
2020,경북,경북군위군,N,333473107000,545299229844,211826122844,63.5212
2020,경북,경북김천시,N,1080604939000,1456324258058,375719319058,34.7694
2020,경북,경북문경시,N,743712000000,951038783149,207326783149,27.8773
2020,경북,경북본청,Y,10893557000000,13789568689826,2896011689826,26.5846
2020,경북,경북봉화군,N,452884072000,673072948564,220188876564,48.6193
2020,경북,경북상주시,N,1203182587000,1767452979341,564270392341,46.8982
2020,경북,경북성주군,N,497917000000,710178614763,212261614763,42.6299
2020,경북,경북안동시,N,1319317219000,1731659742166,412342523166,31.2542
2020,경북,경북영덕군,N,487248319000,816085843106,328837524106,67.4887
2020,경북,경북영양군,N,313629552000,504209930577,190580378577,60.7661
2020,경북,경북영주시,N,823606986000,1245309676537,421702690537,51.2019
2020,경북,경북영천시,N,822970000000,1299097184594,476127184594,57.8547
2020,경북,경북예천군,N,502145321000,704296898975,202151577975,40.2576
2020,경북,경북울릉군,N,208784758000,319449490079,110664732079,53.0042
2020,경북,경북울진군,N,628280718000,1167805092213,539524374213,85.8731
2020,경북,경북의성군,N,619843477000,909341227934,289497750934,46.705
2020,경북,경북청도군,N,415247701000,719621307789,304373606789,73.2993
2020,경북,경북청송군,N,357602638000,543231755359,185629117359,51.9093
2020,경북,경북칠곡군,N,539160000000,760944198559,221784198559,41.1351
2020,경북,경북포항시,N,2090024038000,3033713199554,943689161554,45.1521
2020,광주,광주광산구,N,679871265000,1150697733740,470826468740,69.2523
2020,광주,광주남구,N,419172216000,735269117421,316096901421,75.4098
2020,광주,광주동구,N,312217032000,551310062917,239093030917,76.5791
2020,광주,광주본청,Y,6140721042000,7994112657034,1853391615034,30.182
2020,광주,광주북구,N,723849511000,1153866353241,430016842241,59.4069
2020,광주,광주서구,N,514330213000,840531884144,326201671144,63.4226
2020,대구,대구남구,N,387736481000,643927411111,256190930111,66.0735
2020,대구,대구달서구,N,812521670000,1305266738198,492745068198,60.6439
2020,대구,대구달성군,N,806734142000,1277979069640,471244927640,58.4139
2020,대구,대구동구,N,659596564000,1051477670253,391881106253,59.4122
2020,대구,대구본청,Y,10920689661000,14692149769103,3771460108103,34.535
2020,대구,대구북구,N,682189194000,1099531510935,417342316935,61.1769
2020,대구,대구서구,N,404635975000,682692332809,278056357809,68.7177
2020,대구,대구수성구,N,684251801000,1173447100419,489195299419,71.4935
2020,대구,대구중구,N,300064650000,484957149612,184892499612,61.6176
2020,대전,대전대덕구,N,456907261000,626127037915,169219776915,37.0359
2020,대전,대전동구,N,537404122000,721606406726,184202284726,34.2763
2020,대전,대전본청,Y,6782711840000,8296789676136,1514077836136,22.3226
2020,대전,대전서구,N,856914221000,1209355893090,352441672090,41.1292
2020,대전,대전유성구,N,593792714000,891953436736,298160722736,50.2129
2020,대전,대전중구,N,500593428000,685119830198,184526402198,36.8615
2020,부산,부산강서구,N,369344224000,609460759060,240116535060,65.0116
2020,부산,부산금정구,N,438823503000,683082843147,244259340147,55.6623
2020,부산,부산기장군,N,595170362000,880549611918,285379249918,47.9492
2020,부산,부산남구,N,425329131000,717266854573,291937723573,68.6381
2020,부산,부산동구,N,266788092000,412973425509,146185333509,54.7945
2020,부산,부산동래구,N,446973330000,747149310490,300175980490,67.1575
2020,부산,부산본청,Y,13780451724000,17033332927516,3252881203516,23.605
2020,부산,부산부산진구,N,636685948000,949404369386,312718421386,49.1166
2020,부산,부산북구,N,509389315000,791051957230,281662642230,55.2942
2020,부산,부산사상구,N,427024734000,618062745018,191038011018,44.737
2020,부산,부산사하구,N,488125210000,846734917313,358609707313,73.4667
2020,부산,부산서구,N,292730988000,482362568430,189631580430,64.7802
2020,부산,부산수영구,N,355893867000,529153974770,173260107770,48.6831
2020,부산,부산연제구,N,382334159000,596596186761,214262027761,56.0405
2020,부산,부산영도구,N,333852041000,497830911558,163978870558,49.1172
2020,부산,부산중구,N,194977064000,312376179711,117399115711,60.2118
2020,부산,부산해운대구,N,614831575000,1010578740002,395747165002,64.3668
2020,서울,서울강남구,N,1352339704000,2098756653268,746416949268,55.1945
2020,서울,서울강동구,N,847729066000,1311222579024,463493513024,54.6747
2020,서울,서울강북구,N,817264895000,1131972202260,314707307260,38.5074
2020,서울,서울강서구,N,1126119797000,1572892097538,446772300538,39.6736
2020,서울,서울관악구,N,810903745000,1269032689260,458128944260,56.4961
2020,서울,서울광진구,N,684269187000,1095983344453,411714157453,60.1684
2020,서울,서울구로구,N,771479717000,1227491530655,456011813655,59.1087
2020,서울,서울금천구,N,549936882000,879879288007,329942406007,59.9964
2020,서울,서울노원구,N,1000271778000,1529122920267,528851142267,52.8707
2020,서울,서울도봉구,N,680801509000,1063707168841,382905659841,56.2434
2020,서울,서울동대문구,N,671114985000,1035511809060,364396824060,54.2972
2020,서울,서울동작구,N,736832256000,1112545236998,375712980998,50.9903
2020,서울,서울마포구,N,764829969000,1115551706309,350721737309,45.8562
2020,서울,서울본청,Y,41984488460000,54092826095504,12108337635504,28.84
2020,서울,서울서대문구,N,668334768000,1019333972186,350999204186,52.5185
2020,서울,서울서초구,N,934761333000,1268299148276,333537815276,35.6816
2020,서울,서울성동구,N,583629947000,931897543870,348267596870,59.6727
2020,서울,서울성북구,N,783678530000,1274472389319,490793859319,62.6269
2020,서울,서울송파구,N,961924270000,1410416901424,448492631424,46.6245
2020,서울,서울양천구,N,811895171000,1227333207735,415438036735,51.1689
2020,서울,서울영등포구,N,689876461000,1104963752044,415087291044,60.1684
2020,서울,서울용산구,N,571695063000,790224529407,218529466407,38.2248
2020,서울,서울은평구,N,866309639000,1327190088238,460880449238,53.2004
2020,서울,서울종로구,N,639001995000,870698618430,231696623430,36.2591
2020,서울,서울중구,N,557679150000,763078782449,205399632449,36.8311
2020,서울,서울중랑구,N,788606664000,1187551122338,398944458338,50.5885
2020,세종,세종본청,Y,1760324553000,2421941899360,661617346360,37.585
2020,울산,울산남구,N,535713902000,759764788812,224050886812,41.8229
2020,울산,울산동구,N,295550080000,434759421290,139209341290,47.1018
2020,울산,울산본청,Y,4401890979000,5513498928039,1111607949039,25.253
2020,울산,울산북구,N,380782461000,561401618278,180619157278,47.4337
2020,울산,울산울주군,N,917131382000,1226421926799,309290544799,33.7237
2020,울산,울산중구,N,386757096000,596628215804,209871119804,54.2643
2020,인천,인천강화군,N,566070468000,810235855686,244165387686,43.1334
2020,인천,인천계양구,N,599833977000,844613179012,244779202012,40.8078
2020,인천,인천남동구,N,894448447000,1261085017202,366636570202,40.9902
2020,인천,인천동구,N,379242784000,461291059162,82048275162,21.6348
2020,인천,인천미추홀구,N,753898129000,1002921789409,249023660409,33.0315
2020,인천,인천본청,Y,11920554441000,15083740146035,3163185705035,26.5356
2020,인천,인천부평구,N,937695551000,1256052335920,318356784920,33.951
2020,인천,인천서구,N,938069091000,1475040139686,536971048686,57.2422
2020,인천,인천연수구,N,624037678000,865943511443,241905833443,38.7646
2020,인천,인천옹진군,N,337521753000,526876008689,189354255689,56.1013
2020,인천,인천중구,N,424857789000,646900768781,222042979781,52.2629
2020,전남,전남강진군,N,394717006000,671570510968,276853504968,70.1397
2020,전남,전남고흥군,N,731942129000,1138415660032,406473531032,55.5336
2020,전남,전남곡성군,N,445275323000,632369165516,187093842516,42.0176
2020,전남,전남광양시,N,1064972234000,1422934385497,357962151497,33.6123
2020,전남,전남구례군,N,317482375000,529581599202,212099224202,66.8066
2020,전남,전남나주시,N,801551984000,1146413570706,344861586706,43.0242
2020,전남,전남담양군,N,401052238000,669019205672,267966967672,66.816
2020,전남,전남목포시,N,878466222000,1346413289860,467947067860,53.2686
2020,전남,전남무안군,N,599452854000,951665670840,352212816840,58.7557
2020,전남,전남보성군,N,573710795000,884711348180,311000553180,54.2086
2020,전남,전남본청,Y,9305125931000,11978036781973,2672910850973,28.7251
2020,전남,전남순천시,N,1398754419000,1972646143985,573891724985,41.0288
2020,전남,전남신안군,N,619959677000,1038437299216,418477622216,67.5008
2020,전남,전남여수시,N,1430736753000,2089101372297,658364619297,46.0158
2020,전남,전남영광군,N,578281786000,823584067101,245302281101,42.4192
2020,전남,전남영암군,N,579668646000,797662790552,217994144552,37.6067
2020,전남,전남완도군,N,555514327000,801189259593,245674932593,44.2248
2020,전남,전남장성군,N,424458119000,636807198179,212349079179,50.0283
2020,전남,전남장흥군,N,436350596000,699867439287,263516843287,60.3911
2020,전남,전남진도군,N,412993413000,697216546047,284223133047,68.8203
2020,전남,전남함평군,N,403586544000,581887342194,178300798194,44.1791
2020,전남,전남해남군,N,968482028000,1346792838850,378310810850,39.0622
2020,전남,전남화순군,N,575702952000,943152684680,367449732680,63.8263
2020,전북,전북고창군,N,685121664000,961230844815,276109180815,40.3008
2020,전북,전북군산시,N,1391670411000,1968520047181,576849636181,41.4502
2020,전북,전북김제시,N,906167669000,1323990074983,417822405983,46.1087
2020,전북,전북남원시,N,813014159000,1136663282306,323649123306,39.8085
2020,전북,전북무주군,N,415885713000,578637314843,162751601843,39.1337
2020,전북,전북본청,Y,7826158913000,9744703963749,1918545050749,24.5145
2020,전북,전북부안군,N,635142953000,803060513413,167917560413,26.4378
2020,전북,전북순창군,N,420363278000,577769034595,157405756595,37.4452
2020,전북,전북완주군,N,726969828000,1043715715964,316745887964,43.5707
2020,전북,전북익산시,N,1392118138000,1955066462791,562948324791,40.4383
2020,전북,전북임실군,N,446741285000,642926960342,196185675342,43.9148
2020,전북,전북장수군,N,425711156000,580713615755,155002459755,36.4102
2020,전북,전북전주시,N,2058671878000,2911718259517,853046381517,41.4367
2020,전북,전북정읍시,N,1022991124000,1336069925346,313078801346,30.6043
2020,전북,전북진안군,N,449280745000,629508036340,180227291340,40.1146
2020,제주,제주본청,Y,6758074945000,7740986100684,982911155684,14.5442
2020,충남,충남계룡시,N,255890134000,395907442187,140017308187,54.7177
2020,충남,충남공주시,N,890480505000,1330578910431,440098405431,49.4226
2020,충남,충남금산군,N,517036000000,826321854469,309285854469,59.819
2020,충남,충남논산시,N,865748656000,1246765353669,381016697669,44.0101
2020,충남,충남당진시,N,1034955189000,1441738018006,406782829006,39.3044
2020,충남,충남보령시,N,787158802000,1291089589727,503930787727,64.0189
2020,충남,충남본청,Y,7783569000000,10112644918654,2329075918654,29.923
2020,충남,충남부여군,N,790916331000,1186679179005,395762848005,50.0385
2020,충남,충남서산시,N,1039717798000,1371786502526,332068704526,31.9383
2020,충남,충남서천군,N,538264631000,787536693981,249272062981,46.3103
2020,충남,충남아산시,N,1139926815000,2037682160415,897755345415,78.7555
2020,충남,충남예산군,N,649810385000,979411575316,329601190316,50.7227
2020,충남,충남천안시,N,1982671000000,3143137876071,1160466876071,58.5305
2020,충남,충남청양군,N,475778976000,652560367465,176781391465,37.1562
2020,충남,충남태안군,N,609039898000,824928229180,215888331180,35.4473
2020,충남,충남홍성군,N,715267233000,918281323311,203014090311,28.383
2020,충북,충북괴산군,N,492211616000,782171581760,289959965760,58.9096
2020,충북,충북단양군,N,387079949000,586645130690,199565181690,51.5566
2020,충북,충북보은군,N,421869787000,647672921414,225803134414,53.5244
2020,충북,충북본청,Y,5740886601000,7543085099802,1802198498802,31.3923
2020,충북,충북영동군,N,582102054000,844714430965,262612376965,45.1145
2020,충북,충북옥천군,N,531081153000,703155339360,172074186360,32.4007
2020,충북,충북음성군,N,631020002000,916669087889,285649085889,45.2678
2020,충북,충북제천시,N,885343098000,1410412061949,525068963949,59.3068
2020,충북,충북증평군,N,236828080000,327862947324,91034867324,38.4392
2020,충북,충북진천군,N,525122828000,742687279731,217564451731,41.4312
2020,충북,충북청주시,N,2719402653000,4167403878162,1448001225162,53.247
2020,충북,충북충주시,N,1087650871000,1780578263806,692927392806,63.7086
2021,강원,강원강릉시,N,1254753731000,1754061557063,499307826063,39.7933
2021,강원,강원고성군,N,388398595000,590295068337,201896473337,51.9818
2021,강원,강원동해시,N,453097332000,651152455246,198055123246,43.7114
2021,강원,강원본청,Y,7970144688000,9548904898026,1578760210026,19.8084
2021,강원,강원삼척시,N,603305974000,968268730313,364962756313,60.4938
2021,강원,강원속초시,N,500439610000,677543243330,177103633330,35.3896
2021,강원,강원양구군,N,421604404000,567628204918,146023800918,34.6353
2021,강원,강원양양군,N,365321276000,514369066400,149047790400,40.7991
2021,강원,강원영월군,N,460263877000,683921166665,223657289665,48.5933
2021,강원,강원원주시,N,1662779307000,2441170613356,778391306356,46.8127
2021,강원,강원인제군,N,506162015000,794564852930,288402837930,56.9784
2021,강원,강원정선군,N,544000096000,730140626895,186140530895,34.217
2021,강원,강원철원군,N,538019917000,822452638195,284432721195,52.8666
2021,강원,강원춘천시,N,1596037471000,2158444415341,562406944341,35.2377
2021,강원,강원태백시,N,383915952000,552581698950,168665746950,43.933
2021,강원,강원평창군,N,534986494000,758602712018,223616218018,41.7985
2021,강원,강원홍천군,N,699526911000,1017213529020,317686618020,45.4145
2021,강원,강원화천군,N,368700067000,577921468699,209221401699,56.7457
2021,강원,강원횡성군,N,537443296000,787827373713,250384077713,46.588
2021,경기,경기가평군,N,496296567000,975613183290,479316616290,96.5787
2021,경기,경기고양시,N,3079648159000,4307227381292,1227579222292,39.861
2021,경기,경기과천시,N,948731675000,1214904846874,266173171874,28.0557
2021,경기,경기광명시,N,1040174646000,1584680277121,544505631121,52.3475
2021,경기,경기광주시,N,1182377182000,2208321182830,1025944000830,86.7696
2021,경기,경기구리시,N,817527433000,1228363105659,410835672659,50.2534
2021,경기,경기군포시,N,850966007000,1265157268813,414191261813,48.6731
2021,경기,경기김포시,N,1515078722000,2344403945458,829325223458,54.7381
2021,경기,경기남양주시,N,1986680209000,2955279967274,968599758274,48.7547
2021,경기,경기동두천시,N,570851497000,854178288207,283326791207,49.6323
2021,경기,경기본청,Y,32625652195000,46896335582048,14270683387048,43.7407
2021,경기,경기부천시,N,2217132237000,3121079022381,903946785381,40.771
2021,경기,경기성남시,N,3464155108000,5620614375435,2156459267435,62.2507
2021,경기,경기수원시,N,2983930585000,4407723047155,1423792462155,47.7153
2021,경기,경기시흥시,N,1584363824000,2619092333749,1034728509749,65.3088
2021,경기,경기안산시,N,2439536357000,3183278773977,743742416977,30.487
2021,경기,경기안성시,N,1110652527000,1766773465179,656120938179,59.0753
2021,경기,경기안양시,N,1791967132000,2606755582647,814788450647,45.4689
2021,경기,경기양주시,N,917527359000,1323772601066,406245242066,44.2761
2021,경기,경기양평군,N,779242299000,1247598911926,468356612926,60.1041
2021,경기,경기여주시,N,974652571000,1773007195735,798354624735,81.9117
2021,경기,경기연천군,N,560094268000,986857740902,426763472902,76.1949
2021,경기,경기오산시,N,723956623000,1011665216454,287708593454,39.7411
2021,경기,경기용인시,N,2640466107000,3811140340868,1170674233868,44.3359
2021,경기,경기의왕시,N,565216553000,947923846997,382707293997,67.7099
2021,경기,경기의정부시,N,1441971384000,2034119286722,592147902722,41.0652
2021,경기,경기이천시,N,1584396758000,2303106187878,718709429878,45.3617
2021,경기,경기파주시,N,1697103601000,2735766899677,1038663298677,61.2021
2021,경기,경기평택시,N,2215301342000,3303244335705,1087942993705,49.1104
2021,경기,경기포천시,N,1170824364000,1717390040856,546565676856,46.6821
2021,경기,경기하남시,N,991061766000,1545636394463,554574628463,55.9576
2021,경기,경기화성시,N,2899649251000,4262392527387,1362743276387,46.9968
2021,경남,경남거제시,N,1074726155000,1461032129662,386305974662,35.9446
2021,경남,경남거창군,N,829943472000,1101687955769,271744483769,32.7425
2021,경남,경남고성군,N,636289386000,843197750200,206908364200,32.518
2021,경남,경남김해시,N,1957401159000,2524793482688,567392323688,28.987
2021,경남,경남남해군,N,569922650000,725517471433,155594821433,27.301
2021,경남,경남밀양시,N,926048095000,1370733014863,444684919863,48.0196
2021,경남,경남본청,Y,11204033618000,13649391478423,2445357860423,21.8257
2021,경남,경남사천시,N,710572896000,996517762226,285944866226,40.2415
2021,경남,경남산청군,N,511910878000,691617211250,179706333250,35.105
2021,경남,경남양산시,N,1407565012000,1845487672241,437922660241,31.1121
2021,경남,경남의령군,N,524473399000,708266606647,183793207647,35.0434
2021,경남,경남진주시,N,2207476020000,3281169141934,1073693121934,48.6389
2021,경남,경남창녕군,N,595449930000,787342838676,191892908676,32.2265
2021,경남,경남창원시,N,3496410419000,5149559150716,1653148731716,47.2813
2021,경남,경남통영시,N,706832776000,1047691640078,340858864078,48.2234
2021,경남,경남하동군,N,851019135000,1076258835061,225239700061,26.4671
2021,경남,경남함안군,N,617877724000,783992025104,166114301104,26.8847
2021,경남,경남함양군,N,536938925000,685343053617,148404128617,27.6389
2021,경남,경남합천군,N,676521247000,926123177277,249601930277,36.8949
2021,경북,경북경산시,N,1076462460000,1463014224732,386551764732,35.9095
2021,경북,경북경주시,N,1534818308000,2312272220017,777453912017,50.6545
2021,경북,경북고령군,N,340174168000,499414451028,159240283028,46.8114
2021,경북,경북구미시,N,1367191042000,2161565737375,794374695375,58.1027
2021,경북,경북군위군,N,385372648000,531674511614,146301863614,37.9637
2021,경북,경북김천시,N,1184430579000,1580483879171,396053300171,33.4383
2021,경북,경북문경시,N,773415000000,997017537190,223602537190,28.9111
2021,경북,경북본청,Y,11770805307000,14089299462143,2318494155143,19.697
2021,경북,경북봉화군,N,461184925000,696697791340,235512866340,51.0669
2021,경북,경북상주시,N,1331952641000,1668313363557,336360722557,25.2532
2021,경북,경북성주군,N,522000000000,675042428826,153042428826,29.3185
2021,경북,경북안동시,N,1354816464000,1828831485928,474015021928,34.9874
2021,경북,경북영덕군,N,503612309000,752043333033,248431024033,49.3298
2021,경북,경북영양군,N,354493877000,501682164030,147188287030,41.5207
2021,경북,경북영주시,N,837856388000,1241785516134,403929128134,48.2098
2021,경북,경북영천시,N,905355083000,1378343735201,472988652201,52.2434
2021,경북,경북예천군,N,531612298000,744531013924,212918715924,40.0515
2021,경북,경북울릉군,N,209116863000,363465919116,154349056116,73.81
2021,경북,경북울진군,N,586722782000,988663357470,401940575470,68.506
2021,경북,경북의성군,N,630785110000,963183424750,332398314750,52.696
2021,경북,경북청도군,N,513804869000,794926532046,281121663046,54.7137
2021,경북,경북청송군,N,389437411000,555840234437,166402823437,42.729
2021,경북,경북칠곡군,N,547800000000,777347468473,229547468473,41.9035
2021,경북,경북포항시,N,2499843999000,3332496285069,832652286069,33.3082
2021,광주,광주광산구,N,729950596000,1169569799702,439619203702,60.2259
2021,광주,광주남구,N,476821855000,765567879457,288746024457,60.5564
2021,광주,광주동구,N,397538946000,575996146771,178457200771,44.8905
2021,광주,광주본청,Y,6738387521000,8651812958250,1913425437250,28.3959
2021,광주,광주북구,N,819428993000,1217493993343,398065000343,48.5783
2021,광주,광주서구,N,557436723000,884544568690,327107845690,58.6807
2021,대구,대구남구,N,456985409000,678484580527,221499171527,48.4696
2021,대구,대구달서구,N,868332582000,1198633082980,330300500980,38.0385
2021,대구,대구달성군,N,890887770000,1238619365666,347731595666,39.032
2021,대구,대구동구,N,724453890000,1032438730270,307984840270,42.5127
2021,대구,대구본청,Y,10308622124000,12748837513794,2440215389794,23.6716
2021,대구,대구북구,N,741548847000,1059662993328,318114146328,42.8986
2021,대구,대구서구,N,472446848000,708646849767,236200001767,49.995
2021,대구,대구수성구,N,798502123000,1140525436862,342023313862,42.8331
2021,대구,대구중구,N,326879469000,490067869303,163188400303,49.9231
2021,대전,대전대덕구,N,510896059000,683406829096,172510770096,33.7663
2021,대전,대전동구,N,587418833000,794196897267,206778064267,35.2011
2021,대전,대전본청,Y,6620095602000,8490287297412,1870191695412,28.2502
2021,대전,대전서구,N,894715866000,1177458400951,282742534951,31.6014
2021,대전,대전유성구,N,632231578000,883020412850,250788834850,39.6672
2021,대전,대전중구,N,540965515000,738053298489,197087783489,36.4326
2021,부산,부산강서구,N,397332217000,608404484521,211072267521,53.1224
2021,부산,부산금정구,N,465190641000,662259451000,197068810000,42.363
2021,부산,부산기장군,N,650824036000,955332344616,304508308616,46.7881
2021,부산,부산남구,N,486827375000,752673696911,265846321911,54.6079
2021,부산,부산동구,N,294548672000,455832504143,161283832143,54.7563
2021,부산,부산동래구,N,433484207000,758278750340,324794543340,74.9265
2021,부산,부산본청,Y,14511899442000,18209710412742,3697810970742,25.4812
2021,부산,부산부산진구,N,657940976000,963822416176,305881440176,46.4907
2021,부산,부산북구,N,536616725000,793624910290,257008185290,47.8942
2021,부산,부산사상구,N,451935262000,641392304176,189457042176,41.9213
2021,부산,부산사하구,N,543014006000,855004248119,311990242119,57.4553
2021,부산,부산서구,N,322596248000,518104981525,195508733525,60.6048
2021,부산,부산수영구,N,375134747000,526872068840,151737321840,40.4488
2021,부산,부산연제구,N,395810134000,622284859271,226474725271,57.218
2021,부산,부산영도구,N,350463113000,519520814642,169057701642,48.2384
2021,부산,부산중구,N,208904269000,309494776868,100590507868,48.1515
2021,부산,부산해운대구,N,685092300000,1022458499990,337366199990,49.2439
2021,서울,서울강남구,N,1484112798000,2178282192764,694169394764,46.7734
2021,서울,서울강동구,N,875717032000,1299259945201,423542913201,48.3653
2021,서울,서울강북구,N,896721035000,1200669383831,303948348831,33.8955
2021,서울,서울강서구,N,1156713663000,1611543393474,454829730474,39.3209
2021,서울,서울관악구,N,849868537000,1286050069891,436181532891,51.3234
2021,서울,서울광진구,N,765060832000,1080446441649,315385609649,41.2236
2021,서울,서울구로구,N,822877353000,1257324400155,434447047155,52.7961
2021,서울,서울금천구,N,584934552000,868472993284,283538441284,48.4735
2021,서울,서울노원구,N,1068077843000,1472761469931,404683626931,37.889
2021,서울,서울도봉구,N,729028034000,1066664683916,337636649916,46.3133
2021,서울,서울동대문구,N,726322550000,1126234255325,399911705325,55.0598
2021,서울,서울동작구,N,782881416000,1113076105079,330194689079,42.1768
2021,서울,서울마포구,N,815825781000,1079699463035,263873682035,32.3444
2021,서울,서울본청,Y,41999130244000,57226025136991,15226894892991,36.2553
2021,서울,서울서대문구,N,761671187000,993682095531,232010908531,30.4608
2021,서울,서울서초구,N,961635168000,1204479708129,242844540129,25.2533
2021,서울,서울성동구,N,636077769000,934531541398,298453772398,46.921
2021,서울,서울성북구,N,883781422000,1336896926471,453115504471,51.2701
2021,서울,서울송파구,N,1054720348000,1396179627454,341459279454,32.3744
2021,서울,서울양천구,N,907749651000,1256138316532,348388665532,38.3794
2021,서울,서울영등포구,N,748836552000,1111522682662,362686130662,48.4333
2021,서울,서울용산구,N,578848146000,809117666674,230269520674,39.7806
2021,서울,서울은평구,N,920780078000,1345813816870,425033738870,46.1602
2021,서울,서울종로구,N,651879062000,878332572243,226453510243,34.7386
2021,서울,서울중구,N,583934631000,703689180621,119754549621,20.5082
2021,서울,서울중랑구,N,842273126000,1169193627198,326920501198,38.8141
2021,세종,세종본청,Y,2116899111000,2850126045724,733226934724,34.6368
2021,울산,울산남구,N,549470617000,767742784657,218272167657,39.7241
2021,울산,울산동구,N,295600804000,432805981668,137205177668,46.4157
2021,울산,울산본청,Y,4593786048000,5654916752834,1061130704834,23.0993
2021,울산,울산북구,N,400274431000,573154093988,172879662988,43.1903
2021,울산,울산울주군,N,950204107000,1266381989689,316177882689,33.2747
2021,울산,울산중구,N,408384696000,602552900602,194168204602,47.5454
2021,인천,인천강화군,N,571774745000,788230300033,216455555033,37.8568
2021,인천,인천계양구,N,576972209000,893255851259,316283642259,54.8178
2021,인천,인천남동구,N,947509080000,1338327750602,390818670602,41.247
2021,인천,인천동구,N,385648257000,533476615027,147828358027,38.3324
2021,인천,인천미추홀구,N,787533492000,1083846380827,296312888827,37.6254
2021,인천,인천본청,Y,12950012640000,17611770461748,4661757821748,35.9981
2021,인천,인천부평구,N,983954345000,1337250987926,353296642926,35.9058
2021,인천,인천서구,N,1064400116000,1635245288262,570845172262,53.6307
2021,인천,인천연수구,N,638141134000,936085709982,297944575982,46.6894
2021,인천,인천옹진군,N,338845758000,568229123851,229383365851,67.6955
2021,인천,인천중구,N,444063321000,700721378651,256658057651,57.7976
2021,전남,전남강진군,N,428403829000,694443425625,266039596625,62.1002
2021,전남,전남고흥군,N,755211908000,1078504704657,323292796657,42.8082
2021,전남,전남곡성군,N,483838432000,642717467188,158879035188,32.8372
2021,전남,전남광양시,N,1060520273000,1344097252274,283576979274,26.7394
2021,전남,전남구례군,N,324895681000,733733015229,408837334229,125.8365
2021,전남,전남나주시,N,768500601000,1217823123415,449322522415,58.4674
2021,전남,전남담양군,N,438668683000,728860257467,290191574467,66.1528
2021,전남,전남목포시,N,918821772000,1587016349365,668194577365,72.723
2021,전남,전남무안군,N,650010052000,991521595750,341511543750,52.5394
2021,전남,전남보성군,N,578530694000,923133411816,344602717816,59.5652
2021,전남,전남본청,Y,10221324791000,13327812582540,3106487791540,30.3922
2021,전남,전남순천시,N,1458811712000,1945934640645,487122928645,33.3918
2021,전남,전남신안군,N,588731150000,932717537462,343986387462,58.4284
2021,전남,전남여수시,N,1335318672000,2102575296666,767256624666,57.4587
2021,전남,전남영광군,N,621149569000,872988483546,251838914546,40.544
2021,전남,전남영암군,N,629640094000,835240455941,205600361941,32.6536
2021,전남,전남완도군,N,565485581000,794078099924,228592518924,40.4241
2021,전남,전남장성군,N,461957813000,683047879990,221090066990,47.8594
2021,전남,전남장흥군,N,513133957000,707440794166,194306837166,37.8667
2021,전남,전남진도군,N,440759635000,783425210718,342665575718,77.7443
2021,전남,전남함평군,N,475248939000,619054421602,143805482602,30.259
2021,전남,전남해남군,N,1000629667000,1389752527175,389122860175,38.8878
2021,전남,전남화순군,N,632526529000,947236881544,314710352544,49.7545
2021,전북,전북고창군,N,726738582000,969922717009,243184135009,33.4624
2021,전북,전북군산시,N,1473449922000,2052602365031,579152443031,39.3059
2021,전북,전북김제시,N,971376734000,1363917620559,392540886559,40.4108
2021,전북,전북남원시,N,928380636000,1217576685900,289196049900,31.1506
2021,전북,전북무주군,N,452995883000,618359669890,165363786890,36.5045
2021,전북,전북본청,Y,8772482523000,10370281292872,1597798769872,18.2138
2021,전북,전북부안군,N,656377045000,836343355460,179966310460,27.4181
2021,전북,전북순창군,N,483200683000,620932871430,137732188430,28.5041
2021,전북,전북완주군,N,830455832000,1144664204569,314208372569,37.8357
2021,전북,전북익산시,N,1545139935000,2024967184090,479827249090,31.054
2021,전북,전북임실군,N,474378052000,648852593673,174474541673,36.7796
2021,전북,전북장수군,N,466730167000,618330892670,151600725670,32.4814
2021,전북,전북전주시,N,2116452566000,3013428244625,896975678625,42.3811
2021,전북,전북정읍시,N,985026043000,1361844609962,376818566962,38.2547
2021,전북,전북진안군,N,483570588000,616078587615,132507999615,27.402
2021,제주,제주본청,Y,6499212139000,8054950252413,1555738113413,23.9373
2021,충남,충남계룡시,N,296460585000,439663784853,143203199853,48.3043
2021,충남,충남공주시,N,845854000000,1382839926088,536985926088,63.4845
2021,충남,충남금산군,N,549575771000,778896001018,229320230018,41.7268
2021,충남,충남논산시,N,942708472000,1382500453461,439791981461,46.652
2021,충남,충남당진시,N,1000310014000,1419989130381,419679116381,41.9549
2021,충남,충남보령시,N,834752548000,1288705087654,453952539654,54.3817
2021,충남,충남본청,Y,8711295000000,10605681387847,1894386387847,21.7463
2021,충남,충남부여군,N,760861029000,1149342968445,388481939445,51.0582
2021,충남,충남서산시,N,1125628995000,1437680324663,312051329663,27.7224
2021,충남,충남서천군,N,539221013000,737505132199,198284119199,36.7723
2021,충남,충남아산시,N,1234499712000,2052866334597,818366622597,66.2914
2021,충남,충남예산군,N,736056175000,1050453569506,314397394506,42.7138
2021,충남,충남천안시,N,2427800000000,3328085905512,900285905512,37.0824
2021,충남,충남청양군,N,490668178000,677422301572,186754123572,38.0612
2021,충남,충남태안군,N,591404214000,789174663232,197770449232,33.4408
2021,충남,충남홍성군,N,772761261000,997791911183,225030650183,29.1203
2021,충북,충북괴산군,N,545788637000,775993445950,230204808950,42.1784
2021,충북,충북단양군,N,475706861000,662665398479,186958537479,39.3012
2021,충북,충북보은군,N,402903137000,664419320292,261516183292,64.908
2021,충북,충북본청,Y,6653569515000,8276505922023,1622936407023,24.392
2021,충북,충북영동군,N,532700080000,803246784725,270546704725,50.7878
2021,충북,충북옥천군,N,525682121000,726045315940,200363194940,38.1149
2021,충북,충북음성군,N,627118923000,1074268926346,447150003346,71.3023
2021,충북,충북제천시,N,972335605000,1539760752240,567425147240,58.3569
2021,충북,충북증평군,N,249791040000,348157187050,98366147050,39.3794
2021,충북,충북진천군,N,563951115000,819244954668,255293839668,45.2688
2021,충북,충북청주시,N,2960579873000,4472437949529,1511858076529,51.0663
2021,충북,충북충주시,N,1140950437000,1925982469521,785032032521,68.8051
2022,강원,강원강릉시,N,1339125819000,2010949561415,671823742415,50.1688
2022,강원,강원고성군,N,419341380000,659488320076,240146940076,57.2676
2022,강원,강원동해시,N,508552752000,778493005009,269940253009,53.0801
2022,강원,강원본청,Y,8348261917000,9831388310639,1483126393639,17.7657
2022,강원,강원삼척시,N,630051292000,1156219528272,526168236272,83.512
2022,강원,강원속초시,N,522213937000,692878542654,170664605654,32.681
2022,강원,강원양구군,N,456683528000,690429645294,233746117294,51.1834
2022,강원,강원양양군,N,411125177000,632041357764,220916180764,53.7345
2022,강원,강원영월군,N,516978432000,876553932288,359575500288,69.5533
2022,강원,강원원주시,N,1623719866000,2489046699735,865326833735,53.2929
2022,강원,강원인제군,N,602574441000,878722637311,276148196311,45.8281
2022,강원,강원정선군,N,556753818000,864849403767,308095585767,55.3378
2022,강원,강원철원군,N,554435648000,944059485425,389623837425,70.274
2022,강원,강원춘천시,N,1548764927000,2473302568233,924537641233,59.6952
2022,강원,강원태백시,N,423919441000,695899850582,271980409582,64.1585
2022,강원,강원평창군,N,570012941000,921145337097,351132396097,61.6008
2022,강원,강원홍천군,N,809704302000,1296234991506,486530689506,60.0875
2022,강원,강원화천군,N,386467533000,671787610153,285320077153,73.8277
2022,강원,강원횡성군,N,600272203000,1053449819057,453177616057,75.4954
2022,경기,경기가평군,N,656207531000,920067873431,263860342431,40.2099
2022,경기,경기고양시,N,3663040864000,4468032045763,804991181763,21.976
2022,경기,경기과천시,N,770287556000,966302660393,196015104393,25.447
2022,경기,경기광명시,N,1018269480000,1672847563586,654578083586,64.2834
2022,경기,경기광주시,N,1667927748000,2534855957736,866928209736,51.9764
2022,경기,경기구리시,N,890069640000,1190363969131,300294329131,33.7383
2022,경기,경기군포시,N,969950800000,1278064727826,308113927826,31.7659
2022,경기,경기김포시,N,1661758445000,2307486516095,645728071095,38.8581
2022,경기,경기남양주시,N,2188448819000,3113758449572,925309630572,42.2815
2022,경기,경기동두천시,N,729460080000,1009203286493,279743206493,38.3494
2022,경기,경기본청,Y,39723621157000,42909217572965,3185596415965,8.0194
2022,경기,경기부천시,N,2439383197000,3139912794034,700529597034,28.7175
2022,경기,경기성남시,N,3931864213000,6584693452431,2652829239431,67.47
2022,경기,경기수원시,N,3452882300000,4727056870496,1274174570496,36.9018
2022,경기,경기시흥시,N,1543553023000,2384458402266,840905379266,54.4786
2022,경기,경기안산시,N,2380123998000,3044508148176,664384150176,27.9138
2022,경기,경기안성시,N,1391628387000,1909918240325,518289853325,37.2434
2022,경기,경기안양시,N,1910475288000,2678450625077,767975337077,40.1981
2022,경기,경기양주시,N,1060098768000,1385834588575,325735820575,30.7269
2022,경기,경기양평군,N,955509293000,1393687960042,438178667042,45.8581
2022,경기,경기여주시,N,1204453416000,1847541042965,643087626965,53.3925
2022,경기,경기연천군,N,672053986000,1007097776151,335043790151,49.8537
2022,경기,경기오산시,N,709941567000,1053171074457,343229507457,48.3462
2022,경기,경기용인시,N,3136365012000,4317697058219,1181332046219,37.6656
2022,경기,경기의왕시,N,639819662000,962850898405,323031236405,50.4879
2022,경기,경기의정부시,N,1535202811000,2049562139310,514359328310,33.5043
2022,경기,경기이천시,N,1540129067000,2173818425256,633689358256,41.1452
2022,경기,경기파주시,N,1876046362000,2743554606900,867508244900,46.2413
2022,경기,경기평택시,N,2236814496000,3533769164760,1296954668760,57.9822
2022,경기,경기포천시,N,1264027486000,2042256656487,778229170487,61.5674
2022,경기,경기하남시,N,1015636405000,1467031797577,451395392577,44.4446
2022,경기,경기화성시,N,3361339846000,4923214974456,1561875128456,46.4658
2022,경남,경남거제시,N,1216525737000,1763201629871,546675892871,44.9375
2022,경남,경남거창군,N,851905643000,1174106497557,322200854557,37.8212
2022,경남,경남고성군,N,698439927000,1024193571762,325753644762,46.6402
2022,경남,경남김해시,N,2011472221000,2732217327588,720745106588,35.8317
2022,경남,경남남해군,N,623726010000,931662825663,307936815663,49.3705
2022,경남,경남밀양시,N,1053781305000,1581560640355,527779335355,50.0843
2022,경남,경남본청,Y,11844410855000,14030576388391,2186165533391,18.4574
2022,경남,경남사천시,N,844406858000,1175038481147,330631623147,39.1555
2022,경남,경남산청군,N,641059775000,864511425449,223451650449,34.8566
2022,경남,경남양산시,N,1571123893000,2065453534923,494329641923,31.4634
2022,경남,경남의령군,N,555894658000,860716148451,304821490451,54.8344
2022,경남,경남진주시,N,2042452236000,2888239187536,845786951536,41.4104
2022,경남,경남창녕군,N,666008421000,941053089988,275044668988,41.2975
2022,경남,경남창원시,N,3619728933000,5298257493020,1678528560020,46.3717
2022,경남,경남통영시,N,778150126000,1217535813452,439385687452,56.4654
2022,경남,경남하동군,N,763934882000,1102643273276,338708391276,44.3373
2022,경남,경남함안군,N,707115868000,882763648035,175647780035,24.84
2022,경남,경남함양군,N,575556679000,826500741101,250944062101,43.6002
2022,경남,경남합천군,N,751003634000,1126022819697,375019185697,49.9357
2022,경북,경북경산시,N,1228136710000,1824083801221,595947091221,48.5245
2022,경북,경북경주시,N,1685081064000,2611724175932,926643111932,54.991
2022,경북,경북고령군,N,414856307000,611605731176,196749424176,47.4259
2022,경북,경북구미시,N,1694404751000,2759799282708,1065394531708,62.8772
2022,경북,경북군위군,N,455238912000,729435125284,274196213284,60.2313
2022,경북,경북김천시,N,1300483899000,2053771950671,753288051671,57.9237
2022,경북,경북문경시,N,864763000000,1366906445585,502143445585,58.0672
2022,경북,경북본청,Y,12513454899000,15459502204462,2946047305462,23.543
2022,경북,경북봉화군,N,515300655000,859478154322,344177499322,66.7916
2022,경북,경북상주시,N,1424841028000,2216209728783,791368700783,55.5408
2022,경북,경북성주군,N,553000000000,785506620166,232506620166,42.0446
2022,경북,경북안동시,N,1437407183000,2440015067469,1002607884469,69.7511
2022,경북,경북영덕군,N,531859823000,819530320615,287670497615,54.0877
2022,경북,경북영양군,N,387266009000,607694935173,220428926173,56.9193
2022,경북,경북영주시,N,894402137000,1547111558637,652709421637,72.9772
2022,경북,경북영천시,N,1070035000000,1676483039545,606448039545,56.6755
2022,경북,경북예천군,N,599714724000,879922525392,280207801392,46.7235
2022,경북,경북울릉군,N,254502310000,451610002660,197107692660,77.4483
2022,경북,경북울진군,N,634824991000,1271040141176,636215150176,100.219
2022,경북,경북의성군,N,693450170000,1112440987857,418990817857,60.4212
2022,경북,경북청도군,N,603846756000,963671955039,359825199039,59.5888
2022,경북,경북청송군,N,417635116000,664166257228,246531141228,59.0303
2022,경북,경북칠곡군,N,616270000000,908492833892,292222833892,47.418
2022,경북,경북포항시,N,2609286749000,3724016105019,1114729356019,42.7216
2022,광주,광주광산구,N,873410265000,1247817534281,374407269281,42.8673
2022,광주,광주남구,N,547009387000,813797827940,266788440940,48.7722
2022,광주,광주동구,N,417164478000,645161070331,227996592331,54.6539
2022,광주,광주본청,Y,7451380916000,8826670447900,1375289531900,18.4568
2022,광주,광주북구,N,973002419000,1300189135664,327186716664,33.6265
2022,광주,광주서구,N,660806392000,947081566548,286275174548,43.3221
2022,대구,대구남구,N,531515168000,771302135105,239786967105,45.1139
2022,대구,대구달서구,N,953278118000,1222583101886,269304983886,28.2504
2022,대구,대구달성군,N,952220239000,1401294604837,449074365837,47.1608
2022,대구,대구동구,N,785822559000,1086959686928,301137127928,38.3213
2022,대구,대구본청,Y,11110717302000,13029946235387,1919228933387,17.2737
2022,대구,대구북구,N,838741971000,1098238632041,259496661041,30.9388
2022,대구,대구서구,N,559197646000,782501038338,223303392338,39.9328
2022,대구,대구수성구,N,821514661000,1110451337578,288936676578,35.1712
2022,대구,대구중구,N,383076176000,567446388469,184370212469,48.1289
2022,대전,대전대덕구,N,576268821000,824667029693,248398208693,43.1046
2022,대전,대전동구,N,651929284000,936291216392,284361932392,43.6185
2022,대전,대전본청,Y,7217447812000,8741213524469,1523765712469,21.1123
2022,대전,대전서구,N,973580641000,1291917357450,318336716450,32.6975
2022,대전,대전유성구,N,726609057000,1022494561523,295885504523,40.7214
2022,대전,대전중구,N,585317401000,846995862725,261678461725,44.7071
2022,부산,부산강서구,N,451737784000,643478731230,191740947230,42.4452
2022,부산,부산금정구,N,541532450000,748256020678,206723570678,38.1738
2022,부산,부산기장군,N,728450932000,1122984144533,394533212533,54.1606
2022,부산,부산남구,N,533285566000,796075687793,262790121793,49.2776
2022,부산,부산동구,N,332639862000,508805538731,176165676731,52.9599
2022,부산,부산동래구,N,487631556000,778167410050,290535854050,59.581
2022,부산,부산본청,Y,15529614860000,18822877327769,3293262467769,21.2063
2022,부산,부산부산진구,N,724338646000,1037107781395,312769135395,43.18
2022,부산,부산북구,N,598581539000,835942860450,237361321450,39.654
2022,부산,부산사상구,N,491855085000,701628358298,209773273298,42.6494
2022,부산,부산사하구,N,586028535000,903065778083,317037243083,54.0993
2022,부산,부산서구,N,358314021000,623994164068,265680143068,74.1473
2022,부산,부산수영구,N,407793173000,557990243310,150197070310,36.8317
2022,부산,부산연제구,N,446707473000,636899841091,190192368091,42.5765
2022,부산,부산영도구,N,369429983000,587415432043,217985449043,59.0059
2022,부산,부산중구,N,237931741000,383801925308,145870184308,61.3076
2022,부산,부산해운대구,N,813507411000,1089135975810,275628564810,33.8815
2022,서울,서울강남구,N,1633800554000,2107251933403,473451379403,28.9785
2022,서울,서울강동구,N,944353801000,1387699247729,443345446729,46.947
2022,서울,서울강북구,N,1026665015000,1358887206024,332222191024,32.3594
2022,서울,서울강서구,N,1362773413000,1737164148324,374390735324,27.4727
2022,서울,서울관악구,N,980566878000,1402893993297,422327115297,43.0697
2022,서울,서울광진구,N,909943966000,1254539450465,344595484465,37.87
2022,서울,서울구로구,N,931225700000,1351428815210,420203115210,45.1237
2022,서울,서울금천구,N,664767010000,953887889046,289120879046,43.4921
2022,서울,서울노원구,N,1178098309000,1519535986378,341437677378,28.9821
2022,서울,서울도봉구,N,798883800000,1114212153372,315328353372,39.4711
2022,서울,서울동대문구,N,801661584000,1237696429241,436034845241,54.3914
2022,서울,서울동작구,N,894637473000,1311818465721,417180992721,46.6313
2022,서울,서울마포구,N,838962176000,1125811272409,286849096409,34.1909
2022,서울,서울본청,Y,47721110506000,62443884038323,14722773532323,30.8517
2022,서울,서울서대문구,N,804947988000,1133589491752,328641503752,40.8277
2022,서울,서울서초구,N,1013080839000,1356097283792,343016444792,33.8587
2022,서울,서울성동구,N,704938711000,992160641536,287221930536,40.7442
2022,서울,서울성북구,N,993908757000,1466187119708,472278362708,47.5173
2022,서울,서울송파구,N,1188620383000,1562661025229,374040642229,31.4685
2022,서울,서울양천구,N,1004485995000,1381163755491,376677760491,37.4996
2022,서울,서울영등포구,N,839493129000,1258117835039,418624706039,49.8664
2022,서울,서울용산구,N,677534607000,1067749858460,390215251460,57.5934
2022,서울,서울은평구,N,1046076054000,1423110290415,377034236415,36.0427
2022,서울,서울종로구,N,687883642000,1023819537834,335935895834,48.8362
2022,서울,서울중구,N,624758223000,764485903341,139727680341,22.3651
2022,서울,서울중랑구,N,957411272000,1239640737050,282229465050,29.4784
2022,세종,세종본청,Y,2321067388000,2773076961268,452009573268,19.4742
2022,울산,울산남구,N,593581279000,818861830584,225280551584,37.9528
2022,울산,울산동구,N,322047457000,464725084503,142677627503,44.3033
2022,울산,울산본청,Y,5041609918000,5957523792968,915913874968,18.1671
2022,울산,울산북구,N,447737234000,601692327080,153955093080,34.3851
2022,울산,울산울주군,N,989994974000,1519132250944,529137276944,53.4485
2022,울산,울산중구,N,426638746000,649131222416,222492476416,52.1501
2022,인천,인천강화군,N,631859416000,904346825260,272487409260,43.1247
2022,인천,인천계양구,N,635061671000,868883386353,233821715353,36.8187
2022,인천,인천남동구,N,1036851046000,1315756209727,278905163727,26.8993
2022,인천,인천동구,N,416910107000,600386953067,183476846067,44.0087
2022,인천,인천미추홀구,N,884931251000,1104861971714,219930720714,24.8529
2022,인천,인천본청,Y,14397052515000,17913913535980,3516861020980,24.4276
2022,인천,인천부평구,N,1029003397000,1294130784182,265127387182,25.7655
2022,인천,인천서구,N,1068234258000,1531506583554,463272325554,43.368
2022,인천,인천연수구,N,724980807000,927594437475,202613630475,27.9474
2022,인천,인천옹진군,N,431812916000,672686022260,240873106260,55.7818
2022,인천,인천중구,N,503961115000,702586249392,198625134392,39.4128
2022,전남,전남강진군,N,480250678000,853502099723,373251421723,77.7201
2022,전남,전남고흥군,N,841564157000,1220660769501,379096612501,45.0467
2022,전남,전남곡성군,N,500549711000,747698401636,247148690636,49.3755
2022,전남,전남광양시,N,1173060661000,1503965868872,330905207872,28.2087
2022,전남,전남구례군,N,352156147000,794776981711,442620834711,125.6888
2022,전남,전남나주시,N,908976482000,1369424394286,460447912286,50.6556
2022,전남,전남담양군,N,484101096000,761867894914,277766798914,57.3778
2022,전남,전남목포시,N,1027210109000,1705185270862,677975161862,66.0016
2022,전남,전남무안군,N,625022269000,1038863380344,413841111344,66.2122
2022,전남,전남보성군,N,615683989000,1054285649776,438601660776,71.2381
2022,전남,전남본청,Y,11275009220000,13067769048604,1792759828604,15.9003
2022,전남,전남순천시,N,1571256519000,2278011702532,706755183532,44.9803
2022,전남,전남신안군,N,627627374000,1140815117933,513187743933,81.7663
2022,전남,전남여수시,N,1458940251000,2320630919272,861690668272,59.0628
2022,전남,전남영광군,N,665414584000,984137059087,318722475087,47.8983
2022,전남,전남영암군,N,682157162000,934444700433,252287538433,36.9838
2022,전남,전남완도군,N,586146631000,972807004985,386660373985,65.9665
2022,전남,전남장성군,N,499371682000,786288404639,286916722639,57.4555
2022,전남,전남장흥군,N,534469414000,830892999760,296423585760,55.4613
2022,전남,전남진도군,N,450298571000,782489422689,332190851689,73.7712
2022,전남,전남함평군,N,501967562000,788742313515,286774751515,57.1301
2022,전남,전남해남군,N,1010885724000,1642073072774,631187348774,62.439
2022,전남,전남화순군,N,669803546000,1070008595312,400205049312,59.7496
2022,전북,전북고창군,N,745143216000,1108707018278,363563802278,48.7911
2022,전북,전북군산시,N,1556973708000,2346825274980,789851566980,50.7299
2022,전북,전북김제시,N,1003615677000,1484167868940,480552191940,47.8821
2022,전북,전북남원시,N,974700253000,1420539905274,445839652274,45.7412
2022,전북,전북무주군,N,488613597000,743376518328,254762921328,52.14
2022,전북,전북본청,Y,9100518130000,10549222256064,1448704126064,15.9189
2022,전북,전북부안군,N,755146719000,1053102346626,297955627626,39.4567
2022,전북,전북순창군,N,483451189000,733775361878,250324172878,51.7786
2022,전북,전북완주군,N,861914382000,1299237285567,437322903567,50.7386
2022,전북,전북익산시,N,1642924828000,2232665245894,589740417894,35.8958
2022,전북,전북임실군,N,517198035000,808665488096,291467453096,56.3551
2022,전북,전북장수군,N,449960727000,680379423616,230418696616,51.2086
2022,전북,전북전주시,N,2359343244000,3143760085791,784416841791,33.2473
2022,전북,전북정읍시,N,1147860952000,1672354580338,524493628338,45.6931
2022,전북,전북진안군,N,517090880000,782817642660,265726762660,51.3888
2022,제주,제주본청,Y,7092804666000,9611094029674,2518289363674,35.5048
2022,충남,충남계룡시,N,311750984000,508043526530,196292542530,62.9645
2022,충남,충남공주시,N,989900000000,1720342510781,730442510781,73.7895
2022,충남,충남금산군,N,605413000000,915581752128,310168752128,51.2326
2022,충남,충남논산시,N,975602641000,1609887735546,634285094546,65.0147
2022,충남,충남당진시,N,1185404885000,1664764187680,479359302680,40.4384
2022,충남,충남보령시,N,897102686000,1487995986063,590893300063,65.8669
2022,충남,충남본청,Y,9380086299000,11159044469684,1778958170684,18.9653
2022,충남,충남부여군,N,774751697000,1152967029382,378215332382,48.8176
2022,충남,충남서산시,N,1214428663000,1619278378857,404849715857,33.3366
2022,충남,충남서천군,N,609574725000,868155465943,258580740943,42.4199
2022,충남,충남아산시,N,1287398199000,2189743360280,902345161280,70.0906
2022,충남,충남예산군,N,762801276000,1163965015774,401163739774,52.5909
2022,충남,충남천안시,N,2533200000000,3917421326051,1384221326051,54.6432
2022,충남,충남청양군,N,525551763000,834318523611,308766760611,58.751
2022,충남,충남태안군,N,694661652000,956039647104,261377995104,37.6267
2022,충남,충남홍성군,N,809757656000,1144911371002,335153715002,41.3894
2022,충북,충북괴산군,N,563631157000,970960796347,407329639347,72.2688
2022,충북,충북단양군,N,408617265000,757847956761,349230691761,85.4665
2022,충북,충북보은군,N,469165401000,840162991802,370997590802,79.0761
2022,충북,충북본청,Y,7022966510000,8685367465025,1662400955025,23.6709
2022,충북,충북영동군,N,681468888000,980164022065,298695134065,43.8311
2022,충북,충북옥천군,N,609447474000,854069164460,244621690460,40.1383
2022,충북,충북음성군,N,784189913000,1218752127591,434562214591,55.4154
2022,충북,충북제천시,N,1075272752000,1824593560067,749320808067,69.6866
2022,충북,충북증평군,N,271833450000,427627776677,155794326677,57.3124
2022,충북,충북진천군,N,640350633000,926422945230,286072312230,44.6743
2022,충북,충북청주시,N,3316222980000,5157739304773,1841516324773,55.5305
2022,충북,충북충주시,N,1311305024000,2166613035683,855308011683,65.2257
2023,강원,강원강릉시,N,1595231939000,2100186276820,504954337820,31.654
2023,강원,강원고성군,N,455493789000,679258431501,223764642501,49.1257
2023,강원,강원동해시,N,519584646000,754199956220,234615310220,45.1544
2023,강원,강원본청,Y,8676740292000,9655836381292,979096089292,11.2841
2023,강원,강원삼척시,N,638830288000,1177083928375,538253640375,84.2561
2023,강원,강원속초시,N,549306257000,711531866084,162225609084,29.5328
2023,강원,강원양구군,N,499752099000,679246425072,179494326072,35.9167
2023,강원,강원양양군,N,498174198000,645136417926,146962219926,29.5002
2023,강원,강원영월군,N,568538409000,903973876728,335435467728,58.9996
2023,강원,강원원주시,N,1751367835000,2440534416772,689166581772,39.3502
2023,강원,강원인제군,N,654451844000,850728948646,196277104646,29.9911
2023,강원,강원정선군,N,642234224000,869079813225,226845589225,35.3213
2023,강원,강원철원군,N,575844920000,956264306145,380419386145,66.0628
2023,강원,강원춘천시,N,1787371341000,2461115096214,673743755214,37.6947
2023,강원,강원태백시,N,653980825000,797854295454,143873470454,21.9996
2023,강원,강원평창군,N,631834247000,980033183755,348198936755,55.1092
2023,강원,강원홍천군,N,921478985000,1361910171067,440431186067,47.7961
2023,강원,강원화천군,N,423995993000,714208499666,290212506666,68.447
2023,강원,강원횡성군,N,673089872000,1059730050854,386640178854,57.4426
2023,경기,경기가평군,N,658434801000,929132639135,270697838135,41.1123
2023,경기,경기고양시,N,3672206760000,4489970953880,817764193880,22.269
2023,경기,경기과천시,N,739666246000,999819544217,260153298217,35.1717
2023,경기,경기광명시,N,1147202749000,1571742895128,424540146128,37.0065
2023,경기,경기광주시,N,1610253606000,2420481934313,810228328313,50.3168
2023,경기,경기구리시,N,911299405000,1149084285079,237784880079,26.0929
2023,경기,경기군포시,N,1008814433000,1261472576412,252658143412,25.0451
2023,경기,경기김포시,N,1738232574000,2203975397563,465742823563,26.794
2023,경기,경기남양주시,N,2374012003000,3171164192308,797152189308,33.5783
2023,경기,경기동두천시,N,790856386000,1020100347472,229243961472,28.9868
2023,경기,경기본청,Y,38229645876000,39969256807957,1739610931957,4.5504
2023,경기,경기부천시,N,2576077402000,3063251726178,487174324178,18.9115
2023,경기,경기성남시,N,4806706133000,6451389446170,1644683313170,34.2164
2023,경기,경기수원시,N,3759954298000,4687700969724,927746671724,24.6744
2023,경기,경기시흥시,N,1642402356000,2372127460344,729725104344,44.4303
2023,경기,경기안산시,N,2387703281000,2984886874652,597183593652,25.0108
2023,경기,경기안성시,N,1416198216000,1802954986360,386756770360,27.3095
2023,경기,경기안양시,N,2234662266000,2700400798464,465738532464,20.8416
2023,경기,경기양주시,N,1092795956000,1387355073332,294559117332,26.9546
2023,경기,경기양평군,N,952802577000,1403166143404,450363566404,47.2672
2023,경기,경기여주시,N,1296765460000,1916886286205,620120826205,47.8206
2023,경기,경기연천군,N,718288661000,987743645787,269454984787,37.5135
2023,경기,경기오산시,N,820479627000,998706569043,178226942043,21.7223
2023,경기,경기용인시,N,3567052716000,4343503152086,776450436086,21.7673
2023,경기,경기의왕시,N,695049416000,997329879548,302280463548,43.4905
2023,경기,경기의정부시,N,1485744623000,1891360204369,405615581369,27.3005
2023,경기,경기이천시,N,1553857745000,2322453666655,768595921655,49.4637
2023,경기,경기파주시,N,2048535488000,2880909756468,832374268468,40.6327
2023,경기,경기평택시,N,2588759650000,3464031775941,875272125941,33.8105
2023,경기,경기포천시,N,1522247003000,2134012497478,611765494478,40.1883
2023,경기,경기하남시,N,1157406113000,1477736027732,320329914732,27.6765
2023,경기,경기화성시,N,3500564823000,4813740749773,1313175926773,37.5133
2023,경남,경남거제시,N,1422933056000,1771830463898,348897407898,24.5196
2023,경남,경남거창군,N,921525304000,1143461780349,221936476349,24.0836
2023,경남,경남고성군,N,788593089000,998227062490,209633973490,26.5833
2023,경남,경남김해시,N,2168409550000,2867304658927,698895108927,32.2308
2023,경남,경남남해군,N,742417314000,880345214196,137927900196,18.5782
2023,경남,경남밀양시,N,1225571311000,1668912017559,443340706559,36.1742
2023,경남,경남본청,Y,12742649623000,13668901516787,926251893787,7.2689
2023,경남,경남사천시,N,961045653000,1184617081262,223571428262,23.2634
2023,경남,경남산청군,N,684623088000,921660683758,237037595758,34.6231
2023,경남,경남양산시,N,1744707458000,2115327017968,370619559968,21.2425
2023,경남,경남의령군,N,593751057000,795777317571,202026260571,34.0254
2023,경남,경남진주시,N,2299433406000,2919297449413,619864043413,26.9573
2023,경남,경남창녕군,N,751223174000,915963950106,164740776106,21.9297
2023,경남,경남창원시,N,3991354862000,5136298130606,1144943268606,28.6856
2023,경남,경남통영시,N,873372867000,1200625476222,327252609222,37.47
2023,경남,경남하동군,N,710557618000,1048132221399,337574603399,47.5084
2023,경남,경남함안군,N,819813308000,903778092163,83964784163,10.2419
2023,경남,경남함양군,N,671812103000,830414552659,158602449659,23.6082
2023,경남,경남합천군,N,875197685000,1156297647298,281099962298,32.1185
2023,경북,경북경산시,N,1409393775000,1750420656656,341026881656,24.1967
2023,경북,경북경주시,N,2101324247000,2685659323511,584335076511,27.8079
2023,경북,경북고령군,N,437111967000,640964510248,203852543248,46.6362
2023,경북,경북구미시,N,2308603284000,2918099176689,609495892689,26.4011
2023,경북,경북군위군,N,508648819000,729059919254,220411100254,43.3327
2023,경북,경북김천시,N,1385888163000,1843224498296,457336335296,32.9995
2023,경북,경북문경시,N,1058354952000,1420958322872,362603370872,34.261
2023,경북,경북본청,Y,13372746411000,15080316977919,1707570566919,12.769
2023,경북,경북봉화군,N,543143603000,1045373000277,502229397277,92.4671
2023,경북,경북상주시,N,1485951659000,2210659740197,724708081197,48.7706
2023,경북,경북성주군,N,621000000000,797611437426,176611437426,28.4398
2023,경북,경북안동시,N,1772750665000,2417634099565,644883434565,36.3776
2023,경북,경북영덕군,N,674782907000,868011998639,193229091639,28.6357
2023,경북,경북영양군,N,429917028000,651856101335,221939073335,51.6237
2023,경북,경북영주시,N,1194502921000,1543218638059,348715717059,29.1934
2023,경북,경북영천시,N,1223400000000,1681431654395,458031654395,37.4392
2023,경북,경북예천군,N,677749918000,935969762406,258219844406,38.0996
2023,경북,경북울릉군,N,314447131000,415271782455,100824651455,32.0641
2023,경북,경북울진군,N,819670659000,1236497072632,416826413632,50.8529
2023,경북,경북의성군,N,751396350000,1144845588707,393449238707,52.3624
2023,경북,경북청도군,N,708826636000,1037599765599,328773129599,46.3827
2023,경북,경북청송군,N,475453541000,717184747633,241731206633,50.8422
2023,경북,경북칠곡군,N,678500000000,972219095377,293719095377,43.2895
2023,경북,경북포항시,N,2653517044000,3501457343950,847940299950,31.9553
2023,광주,광주광산구,N,902690317000,1187846233622,285155916622,31.5896
2023,광주,광주남구,N,560535398000,785979214437,225443816437,40.2194
2023,광주,광주동구,N,434927938000,652842972723,217915034723,50.1037
2023,광주,광주본청,Y,7467959832000,8274842321591,806882489591,10.8046
2023,광주,광주북구,N,1039525847000,1233069013102,193543166102,18.6184
2023,광주,광주서구,N,689267505000,912247311098,222979806098,32.3503
2023,대구,대구남구,N,618060208000,852789657144,234729449144,37.9784
2023,대구,대구달서구,N,1018223801000,1247849697248,229625896248,22.5516
2023,대구,대구달성군,N,1052991343000,1507909872330,454918529330,43.2025
2023,대구,대구동구,N,891282014000,1149821751393,258539737393,29.0076
2023,대구,대구본청,Y,11649756416000,11954113249937,304356833937,2.6126
2023,대구,대구북구,N,902837271000,1077558323323,174721052323,19.3524
2023,대구,대구서구,N,688005564000,770822835189,82817271189,12.0373
2023,대구,대구수성구,N,907483515000,1069984497931,162500982931,17.9068
2023,대구,대구중구,N,459354487000,571118815735,111764328735,24.3307
2023,대전,대전대덕구,N,616594941000,753163223195,136568282195,22.1488
2023,대전,대전동구,N,753048656000,913200946255,160152290255,21.2672
2023,대전,대전본청,Y,7540100248000,8139087471507,598987223507,7.944
2023,대전,대전서구,N,1083569492000,1334175641553,250606149553,23.1278
2023,대전,대전유성구,N,876658139000,1036561173919,159903034919,18.2401
2023,대전,대전중구,N,698198255000,864062055566,165863800566,23.756
2023,부산,부산강서구,N,472311512000,670083195936,197771683936,41.8731
2023,부산,부산금정구,N,606779977000,747761776898,140981799898,23.2344
2023,부산,부산기장군,N,868323243000,1221807325819,353484082819,40.7088
2023,부산,부산남구,N,579554617000,859120624787,279566007787,48.2381
2023,부산,부산동구,N,401454548000,525012388867,123557840867,30.7775
2023,부산,부산동래구,N,536886054000,843708518530,306822464530,57.1485
2023,부산,부산본청,Y,16690868257000,18555783675361,1864915418361,11.1733
2023,부산,부산부산진구,N,804384298000,1004865657468,200481359468,24.9236
2023,부산,부산북구,N,664960871000,914102178160,249141307160,37.4671
2023,부산,부산사상구,N,536578148000,742392260122,205814112122,38.3568
2023,부산,부산사하구,N,638623673000,922509685297,283886012297,44.4528
2023,부산,부산서구,N,430232918000,611349154141,181116236141,42.0973
2023,부산,부산수영구,N,435501613000,588811765920,153310152920,35.2031
2023,부산,부산연제구,N,496807529000,664836327737,168028798737,33.8217
2023,부산,부산영도구,N,406288425000,597693453362,191405028362,47.1106
2023,부산,부산중구,N,307929520000,393476358552,85546838552,27.7813
2023,부산,부산해운대구,N,915629244000,1097495897419,181866653419,19.8625
2023,서울,서울강남구,N,1760317141000,2108562485014,348245344014,19.7831
2023,서울,서울강동구,N,1120081570000,1401365825646,281284255646,25.1128
2023,서울,서울강북구,N,1207452398000,1467027804241,259575406241,21.4978
2023,서울,서울강서구,N,1454533977000,1732744482373,278210505373,19.1271
2023,서울,서울관악구,N,1055110684000,1330379941441,275269257441,26.0891
2023,서울,서울광진구,N,976997616000,1249316860907,272319244907,27.8731
2023,서울,서울구로구,N,1033041023000,1423827345163,390786322163,37.8287
2023,서울,서울금천구,N,756213617000,990352664451,234139047451,30.962
2023,서울,서울노원구,N,1261564376000,1494955210309,233390834309,18.5001
2023,서울,서울도봉구,N,874719714000,1141018987939,266299273939,30.444
2023,서울,서울동대문구,N,912903523000,1290151250136,377247727136,41.3239
2023,서울,서울동작구,N,957899217000,1336119693405,378220476405,39.4844
2023,서울,서울마포구,N,853018700000,1146576398577,293557698577,34.414
2023,서울,서울본청,Y,52387838215000,57326467051426,4938628836426,9.4271
2023,서울,서울서대문구,N,878984509000,1089384424124,210399915124,23.9367
2023,서울,서울서초구,N,1090781167000,1405310142870,314528975870,28.8352
2023,서울,서울성동구,N,753811971000,952197777558,198385806558,26.3177
2023,서울,서울성북구,N,1138797732000,1526904497942,388106765942,34.0804
2023,서울,서울송파구,N,1330580138000,1670206524357,339626386357,25.5247
2023,서울,서울양천구,N,1130992894000,1332252904621,201260010621,17.795
2023,서울,서울영등포구,N,887828212000,1324224349305,436396137305,49.1532
2023,서울,서울용산구,N,800080840000,1067008844533,266928004533,33.3626
2023,서울,서울은평구,N,1131582694000,1403038731980,271456037980,23.9891
2023,서울,서울종로구,N,794024734000,960829768681,166805034681,21.0075
2023,서울,서울중구,N,629343019000,732363078676,103020059676,16.3695
2023,서울,서울중랑구,N,1114388200000,1350304624696,235916424696,21.17
2023,세종,세종본청,Y,2503293576000,2957131128132,453837552132,18.1296
2023,울산,울산남구,N,686993622000,823700344931,136706722931,19.8993
2023,울산,울산동구,N,342740710000,466108917703,123368207703,35.9946
2023,울산,울산본청,Y,5194230336000,6442881675764,1248651339764,24.0392
2023,울산,울산북구,N,486984906000,603436207809,116451301809,23.9127
2023,울산,울산울주군,N,1159757063000,1895970669763,736213606763,63.48
2023,울산,울산중구,N,451196744000,653062295007,201865551007,44.74
2023,인천,인천강화군,N,705160882000,881512712243,176351830243,25.0087
2023,인천,인천계양구,N,657817383000,832683431300,174866048300,26.5828
2023,인천,인천남동구,N,1118525337000,1334540018123,216014681123,19.3125
2023,인천,인천동구,N,492400274000,632378666700,139978392700,28.4278
2023,인천,인천미추홀구,N,979446890000,1124206399687,144759509687,14.7797
2023,인천,인천본청,Y,15379013711000,17419329624258,2040315913258,13.2669
2023,인천,인천부평구,N,1119113079000,1274164267274,155051188274,13.8548
2023,인천,인천서구,N,1171947513000,1552844992347,380897479347,32.5012
2023,인천,인천연수구,N,794883384000,938064891664,143181507664,18.0129
2023,인천,인천옹진군,N,439215570000,661115864307,221900294307,50.522
2023,인천,인천중구,N,539331304000,722657005625,183325701625,33.9913
2023,전남,전남강진군,N,512675425000,834311055152,321635630152,62.7367
2023,전남,전남고흥군,N,884938028000,1265584361787,380646333787,43.0139
2023,전남,전남곡성군,N,534420754000,721334887864,186914133864,34.9751
2023,전남,전남광양시,N,1242136901000,1356767900971,114630999971,9.2285
2023,전남,전남구례군,N,418432706000,741592984739,323160278739,77.2311
2023,전남,전남나주시,N,1028052861000,1401802719592,373749858592,36.3551
2023,전남,전남담양군,N,546394065000,731572904204,185178839204,33.8911
2023,전남,전남목포시,N,1059979334000,1518244775085,458265441085,43.2334
2023,전남,전남무안군,N,688824222000,1067808029838,378983807838,55.0189
2023,전남,전남보성군,N,779158033000,1079713213530,300555180530,38.5744
2023,전남,전남본청,Y,11809873234000,12862812635029,1052939401029,8.9158
2023,전남,전남순천시,N,1693250104000,2282182761208,588932657208,34.7812
2023,전남,전남신안군,N,686450269000,1167120818220,480670549220,70.0226
2023,전남,전남여수시,N,1639176055000,2292731788299,653555733299,39.871
2023,전남,전남영광군,N,716438514000,960899896477,244461382477,34.1218
2023,전남,전남영암군,N,695831692000,998892156040,303060464040,43.5537
2023,전남,전남완도군,N,716365965000,949680028321,233314063321,32.5691
2023,전남,전남장성군,N,551699273000,763980158115,212280885115,38.4776
2023,전남,전남장흥군,N,562080692000,885190801593,323110109593,57.4846
2023,전남,전남진도군,N,482944252000,817515857102,334571605102,69.2775
2023,전남,전남함평군,N,602453146000,844639835170,242186689170,40.2001
2023,전남,전남해남군,N,1117421329000,1509874205060,392452876060,35.1213
2023,전남,전남화순군,N,774431869000,1071932503273,297500634273,38.4153
2023,전북,전북고창군,N,835694414000,1103684447075,267990033075,32.0679
2023,전북,전북군산시,N,1858643915000,2360022374290,501378459290,26.9755
2023,전북,전북김제시,N,1078221550000,1424938484642,346716934642,32.1564
2023,전북,전북남원시,N,1119666231000,1490004470923,370338239923,33.0758
2023,전북,전북무주군,N,602984960000,744822587502,141837627502,23.5226
2023,전북,전북본청,Y,9861808073000,10290797326254,428989253254,4.35
2023,전북,전북부안군,N,848239126000,1012709894286,164470768286,19.3897
2023,전북,전북순창군,N,570227073000,744681613990,174454540990,30.5939
2023,전북,전북완주군,N,959848557000,1233399565963,273551008963,28.4994
2023,전북,전북익산시,N,1774976437000,2179720080215,404743643215,22.8028
2023,전북,전북임실군,N,555376984000,755091199434,199714215434,35.9601
2023,전북,전북장수군,N,515519149000,679787601749,164268452749,31.8647
2023,전북,전북전주시,N,2679106222000,3269797810553,590691588553,22.0481
2023,전북,전북정읍시,N,1339152869000,1655849862746,316696993746,23.6491
2023,전북,전북진안군,N,613399714000,807422665010,194022951010,31.6308
2023,제주,제주본청,Y,8070231073000,9360309232255,1290078159255,15.9856
2023,충남,충남계룡시,N,322824632000,473927072941,151102440941,46.8064
2023,충남,충남공주시,N,1115000000000,1702418502172,587418502172,52.6833
2023,충남,충남금산군,N,727000000000,935479620675,208479620675,28.6767
2023,충남,충남논산시,N,1142615557000,1548957389470,406341832470,35.5624
2023,충남,충남당진시,N,1186175872000,1666560009812,480384137812,40.4986
2023,충남,충남보령시,N,946997032000,1532046659881,585049627881,61.7795
2023,충남,충남본청,Y,9890664709000,11129536132304,1238871423304,12.5257
2023,충남,충남부여군,N,884479246000,1333317990436,448838744436,50.7461
2023,충남,충남서산시,N,1227665571000,1635161844571,407496273571,33.1928
2023,충남,충남서천군,N,625668368000,846560242280,220891874280,35.3049
2023,충남,충남아산시,N,1574900444000,2379915266544,805014822544,51.1153
2023,충남,충남예산군,N,834417800000,1193304351204,358886551204,43.0104
2023,충남,충남천안시,N,2663740825000,3663502707138,999761882138,37.5323
2023,충남,충남청양군,N,622300000000,965749578084,343449578084,55.1904
2023,충남,충남태안군,N,794995360000,1086754369999,291759009999,36.6995
2023,충남,충남홍성군,N,916897265000,1135511052986,218613787986,23.8428
2023,충북,충북괴산군,N,620351669000,1048551428780,428199759780,69.0253
2023,충북,충북단양군,N,473188726000,766046140141,292857414141,61.8902
2023,충북,충북보은군,N,559526813000,808071515438,248544702438,44.4205
2023,충북,충북본청,Y,7774159302000,8567984738184,793825436184,10.2111
2023,충북,충북영동군,N,751974068000,1007986254385,256012186385,34.0453
2023,충북,충북옥천군,N,696473053000,904301806040,207828753040,29.8402
2023,충북,충북음성군,N,911079264000,1148107891886,237028627886,26.0162
2023,충북,충북제천시,N,1279037615000,1714974074095,435936459095,34.0832
2023,충북,충북증평군,N,317039678000,440607944774,123568266774,38.9756
2023,충북,충북진천군,N,723479036000,938906336123,215427300123,29.7766
2023,충북,충북청주시,N,3778912858000,4970227994936,1191315136936,31.5253
2023,충북,충북충주시,N,1513745856000,2326435551551,812689695551,53.6873
2024,강원,강원강릉시,N,1483123863000,1925061462905,441937599905,29.7978
2024,강원,강원고성군,N,432373233000,640426230018,208052997018,48.1188
2024,강원,강원동해시,N,539712684000,758648735104,218936051104,40.5653
2024,강원,강원본청,Y,8659092237000,9151548528449,492456291449,5.6872
2024,강원,강원삼척시,N,689807868000,1228000552602,538192684602,78.0207
2024,강원,강원속초시,N,551835193000,739055888948,187220695948,33.9269
2024,강원,강원양구군,N,496708889000,669171189799,172462300799,34.721
2024,강원,강원양양군,N,478682318000,616459610621,137777292621,28.7826
2024,강원,강원영월군,N,625184806000,885120165403,259935359403,41.5774
2024,강원,강원원주시,N,1765440901000,2428300765384,662859864384,37.5464
2024,강원,강원인제군,N,618386348000,853317674447,234931326447,37.991
2024,강원,강원정선군,N,689002130000,916115371299,227113241299,32.9626
2024,강원,강원철원군,N,612814098000,916651025079,303836927079,49.5806
2024,강원,강원춘천시,N,1798638260000,2422113863375,623475603375,34.6638
2024,강원,강원태백시,N,652632017000,802034955560,149402938560,22.8924
2024,강원,강원평창군,N,638528738000,1023384204569,384855466569,60.2722
2024,강원,강원홍천군,N,812959883000,1346622743560,533662860560,65.6444
2024,강원,강원화천군,N,430182419000,778361655215,348179236215,80.9376
2024,강원,강원횡성군,N,698166168000,1042421371056,344255203056,49.3085
2024,경기,경기가평군,N,649667839000,912386465662,262718626662,40.4389
2024,경기,경기고양시,N,3896070993000,4382981193220,486910200220,12.4975
2024,경기,경기과천시,N,762104795000,1019865157838,257760362838,33.8222
2024,경기,경기광명시,N,1182497444000,1859898519258,677401075258,57.2856
2024,경기,경기광주시,N,1823308338000,2439521173798,616212835798,33.7964
2024,경기,경기구리시,N,971131615000,1267968116374,296836501374,30.566
2024,경기,경기군포시,N,994645647000,1175540373936,180894726936,18.1869
2024,경기,경기김포시,N,1636513845000,2122864319635,486350474635,29.7187
2024,경기,경기남양주시,N,2491965848000,3289283353995,797317505995,31.9955
2024,경기,경기동두천시,N,880536446000,1081111212930,200574766930,22.7787
2024,경기,경기본청,Y,40392565019000,42062906527955,1670341508955,4.1353
2024,경기,경기부천시,N,2684703146000,3083598691015,398895545015,14.8581
2024,경기,경기성남시,N,4595852780000,6234474296326,1638621516326,35.6544
2024,경기,경기수원시,N,3732102679000,4727538137400,995435458400,26.6722
2024,경기,경기시흥시,N,1700142707000,2299663300968,599520593968,35.263
2024,경기,경기안산시,N,2454169594000,3070458365102,616288771102,25.1119
2024,경기,경기안성시,N,1435410416000,1747862381615,312451965615,21.7674
2024,경기,경기안양시,N,2292260607000,2898130600524,605869993524,26.4311
2024,경기,경기양주시,N,1130271262000,1422133741269,291862479269,25.8223
2024,경기,경기양평군,N,974667490000,1296552260303,321884770303,33.0251
2024,경기,경기여주시,N,1249605537000,1675228665427,425623128427,34.0606
2024,경기,경기연천군,N,693677172000,898092657228,204415485228,29.4684
2024,경기,경기오산시,N,860338095000,1146742528486,286404433486,33.2898
2024,경기,경기용인시,N,3463910971000,4247435608312,783524637312,22.6197
2024,경기,경기의왕시,N,717415506000,1000665207785,283249701785,39.482
2024,경기,경기의정부시,N,1399191895000,1751914749350,352722854350,25.209
2024,경기,경기이천시,N,1574970243000,2162278158509,587307915509,37.2901
2024,경기,경기파주시,N,2124744790000,3070152765092,945407975092,44.4951
2024,경기,경기평택시,N,2636474704000,3396348591438,759873887438,28.8216
2024,경기,경기포천시,N,1430339701000,2086347235590,656007534590,45.8638
2024,경기,경기하남시,N,1044218700000,1358569783652,314351083652,30.104
2024,경기,경기화성시,N,3802094262000,4825791383362,1023697121362,26.9246
2024,경남,경남거제시,N,1391774228000,1798426679401,406652451401,29.2183
2024,경남,경남거창군,N,897053799000,1126950253453,229896454453,25.6279
2024,경남,경남고성군,N,781355512000,1009918000705,228562488705,29.252
2024,경남,경남김해시,N,2162610982000,2712975071628,550364089628,25.4491
2024,경남,경남남해군,N,718345126000,881100989280,162755863280,22.6571
2024,경남,경남밀양시,N,1200095428000,1490025784931,289930356931,24.1589
2024,경남,경남본청,Y,12619394334000,13881979631258,1262585297258,10.0051
2024,경남,경남사천시,N,1003365846000,1217619895713,214254049713,21.3535
2024,경남,경남산청군,N,687905149000,934321034134,246415885134,35.8212
2024,경남,경남양산시,N,1809069432000,2120670296374,311600864374,17.2244
2024,경남,경남의령군,N,619188914000,809684264076,190495350076,30.7653
2024,경남,경남진주시,N,2069725517000,2647533924333,577808407333,27.9172
2024,경남,경남창녕군,N,777307622000,930062120310,152754498310,19.6517
2024,경남,경남창원시,N,3998476335000,5140258451934,1141782116934,28.5554
2024,경남,경남통영시,N,908600050000,1261716164959,353116114959,38.8638
2024,경남,경남하동군,N,741649743000,1058796664123,317146921123,42.7624
2024,경남,경남함안군,N,860174885000,890668274056,30493389056,3.545
2024,경남,경남함양군,N,706516291000,856006507289,149490216289,21.1588
2024,경남,경남합천군,N,848269967000,1196905011120,348635044120,41.0995
2024,경북,경북경산시,N,1439680495000,1701408261647,261727766647,18.1796
2024,경북,경북경주시,N,2163538950000,2590751360028,427212410028,19.746
2024,경북,경북고령군,N,447288770000,638922280305,191633510305,42.8434
2024,경북,경북구미시,N,2485327034000,3035882686834,550555652834,22.1522
2024,경북,경북김천시,N,1609912945000,2055398574604,445485629604,27.6714
2024,경북,경북문경시,N,1046270163000,1419413406934,373143243934,35.6641
2024,경북,경북본청,Y,13716511834000,15659098024527,1942586190527,14.1624
2024,경북,경북봉화군,N,666658634000,1082125923810,415467289810,62.3208
2024,경북,경북상주시,N,1737491126000,2288572568987,551081442987,31.7171
2024,경북,경북성주군,N,627000000000,766636491371,139636491371,22.2706
2024,경북,경북안동시,N,1848696201000,2534322032244,685625831244,37.087
2024,경북,경북영덕군,N,640285232000,903095954603,262810722603,41.0459
2024,경북,경북영양군,N,427451027000,632219079545,204768052545,47.9044
2024,경북,경북영주시,N,1312978837000,1609063188450,296084351450,22.5506
2024,경북,경북영천시,N,1290317171000,1663601258238,373284087238,28.9296
2024,경북,경북예천군,N,750141566000,993551792238,243410226238,32.4486
2024,경북,경북울릉군,N,336424142000,432375548647,95951406647,28.521
2024,경북,경북울진군,N,778316426000,1224659569274,446343143274,57.3473
2024,경북,경북의성군,N,767474883000,1103527967025,336053084025,43.7869
2024,경북,경북청도군,N,720623011000,1122569299090,401946288090,55.7776
2024,경북,경북청송군,N,485283318000,727366210094,242082892094,49.8849
2024,경북,경북칠곡군,N,722680000000,971163740263,248483740263,34.3836
2024,경북,경북포항시,N,2671655647000,3602402981564,930747334564,34.8378
2024,광주,광주광산구,N,984709394000,1213878134802,229168740802,23.2727
2024,광주,광주남구,N,610630324000,778204316950,167573992950,27.4428
2024,광주,광주동구,N,410220001000,574980027481,164760026481,40.1638
2024,광주,광주본청,Y,7319929890000,8540900769867,1220970879867,16.6801
2024,광주,광주북구,N,1039124894000,1253411189411,214286295411,20.6218
2024,광주,광주서구,N,700740465000,904801373299,204060908299,29.1208
2024,대구,대구군위군,N,521832134000,724693972156,202861838156,38.8749
2024,대구,대구남구,N,697939237000,914315166464,216375929464,31.0021
2024,대구,대구달서구,N,1127706001000,1280671103304,152965102304,13.5643
2024,대구,대구달성군,N,1107156888000,1567448913139,460292025139,41.5742
2024,대구,대구동구,N,949354418000,1197686753859,248332335859,26.158
2024,대구,대구본청,Y,11345683502000,12518598977264,1172915475264,10.338
2024,대구,대구북구,N,922732731000,1085193061272,162460330272,17.6064
2024,대구,대구서구,N,724982774000,846613459993,121630685993,16.777
2024,대구,대구수성구,N,911990122000,1062110539214,150120417214,16.4608
2024,대구,대구중구,N,490777606000,622317866210,131540260210,26.8024
2024,대전,대전대덕구,N,649386932000,777027895027,127640963027,19.6556
2024,대전,대전동구,N,783216093000,957651776724,174435683724,22.2717
2024,대전,대전본청,Y,7473315038000,8441907689686,968592651686,12.9607
2024,대전,대전서구,N,1102612864000,1315705164956,213092300956,19.3261
2024,대전,대전유성구,N,893427478000,1028262568586,134835090586,15.0919
2024,대전,대전중구,N,742655080000,895581895372,152926815372,20.5919
2024,부산,부산강서구,N,502742804000,711410876307,208668072307,41.5059
2024,부산,부산금정구,N,664018380000,782496778463,118478398463,17.8426
2024,부산,부산기장군,N,892412134000,1238084744262,345672610262,38.7346
2024,부산,부산남구,N,684975979000,846593633065,161617654065,23.5946
2024,부산,부산동구,N,407403531000,565735668210,158332137210,38.8637
2024,부산,부산동래구,N,619802174000,822769049720,202966875720,32.747
2024,부산,부산본청,Y,17143080729000,19671206094698,2528125365698,14.7472
2024,부산,부산부산진구,N,875340540000,1070337595185,194997055185,22.2767
2024,부산,부산북구,N,742940312000,955845951080,212905639080,28.6572
2024,부산,부산사상구,N,583400645000,782007588539,198606943539,34.043
2024,부산,부산사하구,N,664900171000,974813434331,309913263331,46.6105
2024,부산,부산서구,N,467569277000,632561766816,164992489816,35.2873
2024,부산,부산수영구,N,498499723000,635733868790,137234145790,27.5294
2024,부산,부산연제구,N,551578496000,671364492368,119785996368,21.7169
2024,부산,부산영도구,N,482380192000,632086776534,149706584534,31.035
2024,부산,부산중구,N,340479462000,432725359493,92245897493,27.0929
2024,부산,부산해운대구,N,936400316000,1147621255066,211220939066,22.5567
2024,서울,서울강남구,N,1779044555000,2173643114062,394598559062,22.1804
2024,서울,서울강동구,N,1160069905000,1425815628235,265745723235,22.9077
2024,서울,서울강북구,N,1303402840000,1439644570165,136241730165,10.4528
2024,서울,서울강서구,N,1503740711000,1770973126751,267232415751,17.7712
2024,서울,서울관악구,N,1110495555000,1349413933342,238918378342,21.5146
2024,서울,서울광진구,N,1012782939000,1190052565703,177269626703,17.5032
2024,서울,서울구로구,N,1152368824000,1415418576999,263049752999,22.8269
2024,서울,서울금천구,N,783042167000,958307060055,175264893055,22.3826
2024,서울,서울노원구,N,1349294164000,1499646080598,150351916598,11.143
2024,서울,서울도봉구,N,933595789000,1167957210524,234361421524,25.1031
2024,서울,서울동대문구,N,966984220000,1301253911584,334269691584,34.5683
2024,서울,서울동작구,N,1079231656000,1317414503978,238182847978,22.0697
2024,서울,서울마포구,N,964582705000,1141907549638,177324844638,18.3836
2024,서울,서울본청,Y,50524459781000,54636671493215,4112211712215,8.1391
2024,서울,서울서대문구,N,962614849000,1110828460808,148213611808,15.397
2024,서울,서울서초구,N,1143260447000,1375796981724,232536534724,20.3398
2024,서울,서울성동구,N,779959960000,920218758974,140258798974,17.9828
2024,서울,서울성북구,N,1252491785000,1525820932969,273329147969,21.8228
2024,서울,서울송파구,N,1408145527000,1791862284539,383716757539,27.2498
2024,서울,서울양천구,N,1131888748000,1349614558841,217725810841,19.2356
2024,서울,서울영등포구,N,1012851665000,1403631403391,390779738391,38.5821
2024,서울,서울용산구,N,865870969000,1033922853825,168051884825,19.4084
2024,서울,서울은평구,N,1162679505000,1406126255169,243446750169,20.9384
2024,서울,서울종로구,N,823924594000,954438552545,130513958545,15.8405
2024,서울,서울중구,N,644534977000,731381941894,86846964894,13.4744
2024,서울,서울중랑구,N,1237046297000,1311529940039,74483643039,6.0211
2024,세종,세종본청,Y,2163037863000,2525242401390,362204538390,16.7452
2024,울산,울산남구,N,683436474000,857451292510,174014818510,25.4617
2024,울산,울산동구,N,390805212000,476128221137,85323009137,21.8326
2024,울산,울산본청,Y,5404273282000,6568594001286,1164320719286,21.5444
2024,울산,울산북구,N,495323317000,600017720303,104694403303,21.1366
2024,울산,울산울주군,N,1273852453000,1798772734335,524920281335,41.2073
2024,울산,울산중구,N,538860709000,663447313187,124586604187,23.1204
2024,인천,인천강화군,N,719705517000,918014893591,198309376591,27.5542
2024,인천,인천계양구,N,687997183000,857602190173,169605007173,24.652
2024,인천,인천남동구,N,1202919571000,1384352776320,181433205320,15.0827
2024,인천,인천동구,N,560723387000,677160270706,116436883706,20.7655
2024,인천,인천미추홀구,N,1024495255000,1207996669131,183501414131,17.9114
2024,인천,인천본청,Y,16485879506000,18290301287434,1804421781434,10.9453
2024,인천,인천부평구,N,1165413943000,1301421326165,136007383165,11.6703
2024,인천,인천서구,N,1296949776000,1671107701728,374157925728,28.8491
2024,인천,인천연수구,N,822726313000,1047344001960,224617688960,27.3016
2024,인천,인천옹진군,N,508874235000,646906809473,138032574473,27.1251
2024,인천,인천중구,N,570354560000,759758673197,189404113197,33.2081
2024,전남,전남강진군,N,528109215000,799257138024,271147923024,51.3432
2024,전남,전남고흥군,N,857589519000,1230269889426,372680370426,43.4567
2024,전남,전남곡성군,N,523568504000,703345464342,179776960342,34.3369
2024,전남,전남광양시,N,1130523756000,1304042582149,173518826149,15.3485
2024,전남,전남구례군,N,389107677000,639492905351,250385228351,64.3486
2024,전남,전남나주시,N,981049556000,1365906732148,384857176148,39.2291
2024,전남,전남담양군,N,501730837000,673481527053,171750690053,34.2316
2024,전남,전남목포시,N,1054276364000,1416566199971,362289835971,34.3638
2024,전남,전남무안군,N,680647644000,1032209083235,351561439235,51.651
2024,전남,전남보성군,N,775989074000,1091480589532,315491515532,40.6567
2024,전남,전남본청,Y,12246177945000,13138027642802,891849697802,7.2827
2024,전남,전남순천시,N,1796550221000,2385294644219,588744423219,32.7708
2024,전남,전남신안군,N,683979244000,1137413394224,453434150224,66.2936
2024,전남,전남여수시,N,1562910756000,2250102680892,687191924892,43.9687
2024,전남,전남영광군,N,730589280000,958215318776,227626038776,31.1565
2024,전남,전남영암군,N,706539919000,974562425342,268022506342,37.9345
2024,전남,전남완도군,N,630053154000,898725282699,268672128699,42.6428
2024,전남,전남장성군,N,571655289000,818071237122,246415948122,43.1057
2024,전남,전남장흥군,N,560488521000,894410441317,333921920317,59.5769
2024,전남,전남진도군,N,485856832000,770235681977,284378849977,58.5314
2024,전남,전남함평군,N,544345615000,745403344427,201057729427,36.9357
2024,전남,전남해남군,N,1103473958000,1507003459532,403529501532,36.569
2024,전남,전남화순군,N,689197256000,1000320779424,311123523424,45.1429
2024,전북,전북고창군,N,885041721000,1097132769600,212091048600,23.964
2024,전북,전북군산시,N,1839942975000,2283020580389,443077605389,24.0811
2024,전북,전북김제시,N,1126826922000,1489548307002,362721385002,32.1896
2024,전북,전북남원시,N,1097525555000,1392465014548,294939459548,26.8731
2024,전북,전북무주군,N,507030922000,656361573766,149330651766,29.452
2024,전북,전북본청,Y,9990801613000,10654968282177,664166669177,6.6478
2024,전북,전북부안군,N,858346706000,967663944057,109317238057,12.7358
2024,전북,전북순창군,N,551094147000,714496777711,163402630711,29.6506
2024,전북,전북완주군,N,1018157087000,1365560610327,347403523327,34.1208
2024,전북,전북익산시,N,1791155590000,2172984100423,381828510423,21.3174
2024,전북,전북임실군,N,514967515000,734808878452,219841363452,42.6903
2024,전북,전북장수군,N,467287968000,616080603224,148792635224,31.8417
2024,전북,전북전주시,N,2789519389000,3289749086622,500229697622,17.9325
2024,전북,전북정읍시,N,1341319838000,1686071608498,344751770498,25.7024
2024,전북,전북진안군,N,606220408000,825922670547,219702262547,36.2413
2024,제주,제주본청,Y,8573698842000,9319073193363,745374351363,8.6937
2024,충남,충남계룡시,N,347929143000,485062734794,137133591794,39.4142
2024,충남,충남공주시,N,1165556000000,1830524704896,664968704896,57.0516
2024,충남,충남금산군,N,771100000000,1045600053580,274500053580,35.5985
2024,충남,충남논산시,N,1267969019000,1579321086539,311352067539,24.5552
2024,충남,충남당진시,N,1118028590000,1790292229644,672263639644,60.1294
2024,충남,충남보령시,N,992471328000,1528082295173,535610967173,53.9674
2024,충남,충남본청,Y,10810889000000,11699270242403,888381242403,8.2175
2024,충남,충남부여군,N,823384939000,1315806154619,492421215619,59.8045
2024,충남,충남서산시,N,1249623931000,1684307774729,434683843729,34.7852
2024,충남,충남서천군,N,682612359000,928746298397,246133939397,36.0576
2024,충남,충남아산시,N,1695869841000,2501703893161,805834052161,47.5174
2024,충남,충남예산군,N,820458670000,1186129999473,365671329473,44.5691
2024,충남,충남천안시,N,2643752611000,3616232347508,972479736508,36.7841
2024,충남,충남청양군,N,592400000000,871041591497,278641591497,47.0361
2024,충남,충남태안군,N,683033049000,983164335321,300131286321,43.941
2024,충남,충남홍성군,N,917041792000,1096448994325,179407202325,19.5637
2024,충북,충북괴산군,N,599996599000,1009270945460,409274346460,68.2128
2024,충북,충북단양군,N,440374221000,742835906463,302461685463,68.6829
2024,충북,충북보은군,N,641704145000,847172977002,205468832002,32.0192
2024,충북,충북본청,Y,8018462382000,8783940022788,765477640788,9.5464
2024,충북,충북영동군,N,679270784000,1006214351570,326943567570,48.1316
2024,충북,충북옥천군,N,663381330000,837977652713,174596322713,26.3191
2024,충북,충북음성군,N,877355898000,1155284248130,277928350130,31.6779
2024,충북,충북제천시,N,1373376692000,1780979092634,407602400634,29.6788
2024,충북,충북증평군,N,320632853000,413724243547,93091390547,29.0336
2024,충북,충북진천군,N,757714416000,945201765037,187487349037,24.7438
2024,충북,충북청주시,N,3846971320000,5070095857265,1223124537265,31.7945
2024,충북,충북충주시,N,1712843735000,2269271586447,556427851447,32.4856
