회계연도,시도명,계층,세목명,금액,비중
2013,강원,군,과년도수입,4597760000,0.22
2013,강원,군,담배소비세,38243771000,1.83
2013,강원,군,도시계획세(재산세),335000,0
2013,강원,군,도축세,0,0
2013,강원,군,자동차세,48758486000,2.33
2013,강원,군,재산세,48957075000,2.34
2013,강원,군,주민세,3095227000,0.15
2013,강원,군,지방소득세,43886806000,2.09
2013,강원,군,지역자원시설세,0,0
2013,강원,시,과년도수입,10569421000,0.08
2013,강원,시,담배소비세,66578062000,0.53
2013,강원,시,도시계획세(재산세),12948000,0
2013,강원,시,도축세,0,0
2013,강원,시,자동차세,146544249000,1.17
2013,강원,시,재산세,118765193000,0.94
2013,강원,시,주민세,6468684000,0.05
2013,강원,시,지방소득세,105496247000,0.84
2013,강원,시,지역자원시설세,0,0
2013,강원,시도,과년도수입,19141863000,0.05
2013,강원,시도,담배소비세,0,0
2013,강원,시도,등록면허세,27041469000,0.07
2013,강원,시도,레저세,0,0
2013,강원,시도,자동차세,0,0
2013,강원,시도,지방교육세,130189120000,0.33
2013,강원,시도,지역자원시설세,25827965000,0.07
2013,강원,시도,취득세,345885867000,0.88
2013,경기,군,과년도수입,4045852000,0.19
2013,경기,군,담배소비세,16220614000,0.77
2013,경기,군,도시계획세(재산세),4420000,0
2013,경기,군,도축세,0,0
2013,경기,군,자동차세,50074129000,2.39
2013,경기,군,재산세,42215786000,2.01
2013,경기,군,주민세,1317320000,0.06
2013,경기,군,지방소득세,18699508000,0.89
2013,경기,군,지역자원시설세,0,0
2013,경기,시,과년도수입,137862308000,1.1
2013,경기,시,담배소비세,623350065000,4.96
2013,경기,시,도시계획세(재산세),529510000,0
2013,경기,시,도축세,0,0
2013,경기,시,자동차세,1485347671000,11.82
2013,경기,시,재산세,2221135670000,17.67
2013,경기,시,주민세,77948116000,0.62
2013,경기,시,지방소득세,2113468115000,16.81
2013,경기,시,지역자원시설세,0,0
2013,경기,시도,과년도수입,-4726310000,-0.01
2013,경기,시도,담배소비세,0,0
2013,경기,시도,등록면허세,346222927000,0.88
2013,경기,시도,레저세,533821925000,1.36
2013,경기,시도,자동차세,0,0
2013,경기,시도,지방교육세,1400679783000,3.58
2013,경기,시도,지역자원시설세,215808080000,0.55
2013,경기,시도,취득세,3575260586000,9.15
2013,경남,군,과년도수입,2527213000,0.12
2013,경남,군,담배소비세,29394240000,1.4
2013,경남,군,도시계획세(재산세),3293000,0
2013,경남,군,도축세,0,0
2013,경남,군,자동차세,76467053000,3.65
2013,경남,군,재산세,39606948000,1.89
2013,경남,군,주민세,4547936000,0.22
2013,경남,군,지방소득세,47351174000,2.26
2013,경남,군,지역자원시설세,0,0
2013,경남,시,과년도수입,19117524000,0.15
2013,경남,시,담배소비세,165815708000,1.32
2013,경남,시,도시계획세(재산세),252351000,0
2013,경남,시,도축세,0,0
2013,경남,시,자동차세,451266796000,3.59
2013,경남,시,재산세,346060603000,2.75
2013,경남,시,주민세,22881935000,0.18
2013,경남,시,지방소득세,493584432000,3.93
2013,경남,시,지역자원시설세,17272243000,0.14
2013,경남,시도,과년도수입,2082558000,0
2013,경남,시도,담배소비세,0,0
2013,경남,시도,등록면허세,86518539000,0.22
2013,경남,시도,레저세,100636483000,0.26
2013,경남,시도,자동차세,0,0
2013,경남,시도,지방교육세,344950711000,0.89
2013,경남,시도,지역자원시설세,35895463000,0.09
2013,경남,시도,취득세,994370913000,2.54
2013,경북,군,과년도수입,4278216000,0.2
2013,경북,군,담배소비세,35233189000,1.68
2013,경북,군,도시계획세(재산세),4243000,0
2013,경북,군,도축세,0,0
2013,경북,군,자동차세,79136161000,3.78
2013,경북,군,재산세,43845939000,2.09
2013,경북,군,주민세,4064599000,0.19
2013,경북,군,지방소득세,50519061000,2.41
2013,경북,군,지역자원시설세,0,0
2013,경북,시,과년도수입,10002223000,0.08
2013,경북,시,담배소비세,128667265000,1.02
2013,경북,시,도시계획세(재산세),42405000,0
2013,경북,시,도축세,0,0
2013,경북,시,자동차세,314986440000,2.51
2013,경북,시,재산세,222720326000,1.77
2013,경북,시,주민세,17566880000,0.14
2013,경북,시,지방소득세,435533032000,3.46
2013,경북,시,지역자원시설세,0,0
2013,경북,시도,과년도수입,7553333000,0.02
2013,경북,시도,담배소비세,0,0
2013,경북,시도,등록면허세,53380256000,0.14
2013,경북,시도,레저세,977410000,0
2013,경북,시도,자동차세,0,0
2013,경북,시도,지방교육세,220174188000,0.56
2013,경북,시도,지역자원시설세,70232044000,0.18
2013,경북,시도,취득세,624101043000,1.6
2013,광주,시도,과년도수입,24179791000,0.06
2013,광주,시도,담배소비세,75078537000,0.19
2013,광주,시도,도시계획세(재산세),83969000,0
2013,광주,시도,도축세,0,0
2013,광주,시도,등록면허세,30023755000,0.08
2013,광주,시도,레저세,16596040000,0.04
2013,광주,시도,자동차세,200116180000,0.51
2013,광주,시도,재산세,138222222000,0.35
2013,광주,시도,주민세,8613631000,0.02
2013,광주,시도,지방교육세,114392254000,0.29
2013,광주,시도,지방소득세,186319120000,0.48
2013,광주,시도,지역자원시설세,21624193000,0.06
2013,광주,시도,취득세,303821460000,0.78
2013,대구,군,과년도수입,2272148000,0.11
2013,대구,군,담배소비세,9746220000,0.47
2013,대구,군,도시계획세(재산세),425000,0
2013,대구,군,도축세,0,0
2013,대구,군,자동차세,27262836000,1.3
2013,대구,군,재산세,24060390000,1.15
2013,대구,군,주민세,1779941000,0.08
2013,대구,군,지방소득세,27065351000,1.29
2013,대구,군,지역자원시설세,0,0
2013,대구,시도,과년도수입,23531894000,0.07
2013,대구,시도,담배소비세,115524922000,0.3
2013,대구,시도,도시계획세(재산세),10165000,0
2013,대구,시도,도축세,0,0
2013,대구,시도,등록면허세,49451091000,0.12
2013,대구,시도,레저세,8173479000,0.02
2013,대구,시도,자동차세,328958518000,0.84
2013,대구,시도,재산세,261037799000,0.67
2013,대구,시도,주민세,13282905000,0.03
2013,대구,시도,지방교육세,201256634000,0.51
2013,대구,시도,지방소득세,257627557000,0.66
2013,대구,시도,지역자원시설세,34618531000,0.09
2013,대구,시도,취득세,593179329000,1.52
2013,대전,시도,과년도수입,16427815000,0.04
2013,대전,시도,담배소비세,77432633000,0.2
2013,대전,시도,도시계획세(재산세),35284000,0
2013,대전,시도,도축세,0,0
2013,대전,시도,등록면허세,26618088000,0.07
2013,대전,시도,레저세,18224917000,0.05
2013,대전,시도,자동차세,195065429000,0.5
2013,대전,시도,재산세,179419269000,0.46
2013,대전,시도,주민세,9128310000,0.02
2013,대전,시도,지방교육세,118553891000,0.3
2013,대전,시도,지방소득세,217080834000,0.55
2013,대전,시도,지역자원시설세,23901351000,0.06
2013,대전,시도,취득세,265039122000,0.68
2013,부산,군,과년도수입,733404000,0.04
2013,부산,군,담배소비세,6303641000,0.3
2013,부산,군,도시계획세(재산세),1138000,0
2013,부산,군,도축세,0,0
2013,부산,군,자동차세,12685003000,0.61
2013,부산,군,재산세,29831201000,1.42
2013,부산,군,주민세,959794000,0.05
2013,부산,군,지방소득세,23063558000,1.1
2013,부산,군,지역자원시설세,0,0
2013,부산,시도,과년도수입,21332931000,0.06
2013,부산,시도,담배소비세,174608931000,0.45
2013,부산,시도,도시계획세(재산세),57819000,0
2013,부산,시도,도축세,0,0
2013,부산,시도,등록면허세,81438669000,0.2
2013,부산,시도,레저세,106153213000,0.27
2013,부산,시도,자동차세,495110082000,1.27
2013,부산,시도,재산세,413812832000,1.06
2013,부산,시도,주민세,20168401000,0.05
2013,부산,시도,지방교육세,323051170000,0.82
2013,부산,시도,지방소득세,508289991000,1.3
2013,부산,시도,지역자원시설세,70852522000,0.18
2013,부산,시도,취득세,858831216000,2.19
2013,서울,시도,과년도수입,203502231000,0.52
2013,서울,시도,담배소비세,524485669000,1.34
2013,서울,시도,도시계획세(재산세),-76283000,0
2013,서울,시도,도축세,0,0
2013,서울,시도,등록면허세,330470307000,0.84
2013,서울,시도,레저세,155206859000,0.4
2013,서울,시도,자동차세,1092193369000,2.79
2013,서울,시도,재산세,2662855608000,6.81
2013,서울,시도,주민세,35835545000,0.09
2013,서울,시도,지방교육세,1085509460000,2.78
2013,서울,시도,지방소득세,3746374019000,9.58
2013,서울,시도,지역자원시설세,182745835000,0.47
2013,서울,시도,취득세,2481094191000,6.34
2013,세종,시도,과년도수입,113820000,0
2013,세종,시도,담배소비세,9475813000,0.02
2013,세종,시도,도시계획세(재산세),315000,0
2013,세종,시도,도축세,0,0
2013,세종,시도,등록면허세,4434168000,0.01
2013,세종,시도,레저세,0,0
2013,세종,시도,자동차세,15272792000,0.04
2013,세종,시도,재산세,20956856000,0.05
2013,세종,시도,주민세,1088538000,0
2013,세종,시도,지방교육세,19194824000,0.05
2013,세종,시도,지방소득세,29189457000,0.07
2013,세종,시도,지역자원시설세,1932118000,0
2013,세종,시도,취득세,104923344000,0.27
2013,울산,군,과년도수입,-1772671000,-0.08
2013,울산,군,담배소비세,13514940000,0.65
2013,울산,군,도시계획세(재산세),41679000,0
2013,울산,군,도축세,0,0
2013,울산,군,자동차세,42623567000,2.03
2013,울산,군,재산세,38290822000,1.83
2013,울산,군,주민세,2831467000,0.14
2013,울산,군,지방소득세,96554144000,4.61
2013,울산,군,지역자원시설세,0,0
2013,울산,시도,과년도수입,7847747000,0.02
2013,울산,시도,담배소비세,55949730000,0.14
2013,울산,시도,도시계획세(재산세),78710000,0
2013,울산,시도,도축세,0,0
2013,울산,시도,등록면허세,30095836000,0.07
2013,울산,시도,레저세,0,0
2013,울산,시도,자동차세,139965319000,0.36
2013,울산,시도,재산세,120070820000,0.31
2013,울산,시도,주민세,7913202000,0.02
2013,울산,시도,지방교육세,107183073000,0.27
2013,울산,시도,지방소득세,335154591000,0.86
2013,울산,시도,지역자원시설세,21922330000,0.05
2013,울산,시도,취득세,311607952000,0.8
2013,인천,군,과년도수입,1083429000,0.05
2013,인천,군,담배소비세,5662454000,0.27
2013,인천,군,도시계획세(재산세),0,0
2013,인천,군,도축세,0,0
2013,인천,군,자동차세,10736984000,0.51
2013,인천,군,재산세,15046901000,0.72
2013,인천,군,주민세,474919000,0.02
2013,인천,군,지방소득세,9600865000,0.46
2013,인천,군,지역자원시설세,0,0
2013,인천,시도,과년도수입,11276144000,0.03
2013,인천,시도,담배소비세,147146432000,0.38
2013,인천,시도,도시계획세(재산세),309818000,0
2013,인천,시도,도축세,0,0
2013,인천,시도,등록면허세,74667162000,0.19
2013,인천,시도,레저세,20683490000,0.05
2013,인천,시도,자동차세,352590013000,0.9
2013,인천,시도,재산세,465537204000,1.19
2013,인천,시도,주민세,17238486000,0.04
2013,인천,시도,지방교육세,278190977000,0.71
2013,인천,시도,지방소득세,370767259000,0.95
2013,인천,시도,지역자원시설세,48406271000,0.12
2013,인천,시도,취득세,932065406000,2.39
2013,전남,군,과년도수입,2447581000,0.12
2013,전남,군,담배소비세,44042893000,2.1
2013,전남,군,도시계획세(재산세),36118000,0
2013,전남,군,도축세,0,0
2013,전남,군,자동차세,139114054000,6.64
2013,전남,군,재산세,53534538000,2.56
2013,전남,군,주민세,5573070000,0.27
2013,전남,군,지방소득세,73185458000,3.49
2013,전남,군,지역자원시설세,0,0
2013,전남,시,과년도수입,6112009000,0.05
2013,전남,시,담배소비세,57577025000,0.46
2013,전남,시,도시계획세(재산세),3961000,0
2013,전남,시,도축세,0,0
2013,전남,시,자동차세,159102559000,1.27
2013,전남,시,재산세,100825800000,0.8
2013,전남,시,주민세,8990556000,0.07
2013,전남,시,지방소득세,186000132000,1.48
2013,전남,시,지역자원시설세,0,0
2013,전남,시도,과년도수입,5500739000,0.01
2013,전남,시도,담배소비세,0,0
2013,전남,시도,등록면허세,34658263000,0.09
2013,전남,시도,레저세,0,0
2013,전남,시도,자동차세,0,0
2013,전남,시도,지방교육세,134733540000,0.34
2013,전남,시도,지역자원시설세,46982473000,0.12
2013,전남,시도,취득세,385923258000,0.99
2013,전북,군,과년도수입,202024000,0.01
2013,전북,군,담배소비세,17671056000,0.84
2013,전북,군,도시계획세(재산세),498000,0
2013,전북,군,도축세,0,0
2013,전북,군,자동차세,51106915000,2.44
2013,전북,군,재산세,21162847000,1.01
2013,전북,군,주민세,2164642000,0.1
2013,전북,군,지방소득세,38961268000,1.86
2013,전북,군,지역자원시설세,0,0
2013,전북,시,과년도수입,11960753000,0.1
2013,전북,시,담배소비세,79824265000,0.64
2013,전북,시,도시계획세(재산세),2553000,0
2013,전북,시,도축세,0,0
2013,전북,시,자동차세,222592451000,1.77
2013,전북,시,재산세,128984613000,1.03
2013,전북,시,주민세,9071251000,0.07
2013,전북,시,지방소득세,166726222000,1.33
2013,전북,시,지역자원시설세,0,0
2013,전북,시도,과년도수입,4480853000,0.01
2013,전북,시도,담배소비세,0,0
2013,전북,시도,등록면허세,33525970000,0.08
2013,전북,시도,레저세,0,0
2013,전북,시도,자동차세,0,0
2013,전북,시도,지방교육세,131249303000,0.34
2013,전북,시도,지역자원시설세,22742440000,0.06
2013,전북,시도,취득세,353841868000,0.9
2013,제주,시,과년도수입,20324000,0
2013,제주,시,담배소비세,39574659000,0.31
2013,제주,시,도시계획세(재산세),4404000,0
2013,제주,시,자동차세,84895770000,0.68
2013,제주,시,재산세,77487199000,0.62
2013,제주,시,주민세,3559642000,0.03
2013,제주,시,지방소득세,65176941000,0.52
2013,제주,시,지역자원시설세,0,0
2013,제주,시도,과년도수입,4762457000,0.01
2013,제주,시도,도축세,0,0
2013,제주,시도,등록면허세,16526442000,0.04
2013,제주,시도,레저세,62301817000,0.16
2013,제주,시도,지방교육세,87559616000,0.22
2013,제주,시도,지역자원시설세,7909711000,0.02
2013,제주,시도,취득세,263534271000,0.67
2013,충남,군,과년도수입,3493997000,0.17
2013,충남,군,담배소비세,27257242000,1.3
2013,충남,군,도시계획세(재산세),5824000,0
2013,충남,군,도축세,0,0
2013,충남,군,자동차세,71314130000,3.4
2013,충남,군,재산세,44586382000,2.13
2013,충남,군,주민세,3078282000,0.15
2013,충남,군,지방소득세,43301145000,2.07
2013,충남,군,지역자원시설세,0,0
2013,충남,시,과년도수입,11056346000,0.09
2013,충남,시,담배소비세,104235926000,0.83
2013,충남,시,도시계획세(재산세),52206000,0
2013,충남,시,도축세,0,0
2013,충남,시,자동차세,225773031000,1.8
2013,충남,시,재산세,224330866000,1.78
2013,충남,시,주민세,14752734000,0.12
2013,충남,시,지방소득세,401304679000,3.19
2013,충남,시,지역자원시설세,0,0
2013,충남,시도,과년도수입,5482125000,0.01
2013,충남,시도,담배소비세,0,0
2013,충남,시도,등록면허세,52950021000,0.13
2013,충남,시도,레저세,18721885000,0.05
2013,충남,시도,자동차세,0,0
2013,충남,시도,지방교육세,197902942000,0.5
2013,충남,시도,지역자원시설세,36491989000,0.09
2013,충남,시도,취득세,559086701000,1.43
2013,충북,군,과년도수입,6084370000,0.29
2013,충북,군,담배소비세,38419815000,1.83
2013,충북,군,도시계획세(재산세),4179000,0
2013,충북,군,도축세,0,0
2013,충북,군,자동차세,86071965000,4.11
2013,충북,군,재산세,66766796000,3.19
2013,충북,군,주민세,6982772000,0.33
2013,충북,군,지방소득세,111061983000,5.3
2013,충북,군,지역자원시설세,0,0
2013,충북,시,과년도수입,7853491000,0.06
2013,충북,시,담배소비세,55393138000,0.44
2013,충북,시,도시계획세(재산세),38217000,0
2013,충북,시,도축세,0,0
2013,충북,시,자동차세,142125466000,1.13
2013,충북,시,재산세,95007566000,0.76
2013,충북,시,주민세,6140098000,0.05
2013,충북,시,지방소득세,113378473000,0.9
2013,충북,시,지역자원시설세,0,0
2013,충북,시도,과년도수입,4068932000,0.01
2013,충북,시도,담배소비세,0,0
2013,충북,시도,등록면허세,33924312000,0.09
2013,충북,시도,레저세,0,0
2013,충북,시도,자동차세,0,0
2013,충북,시도,지방교육세,129463067000,0.34
2013,충북,시도,지역자원시설세,26908415000,0.07
2013,충북,시도,취득세,365036517000,0.94
2014,강원,군,과년도수입,4639650000,0.23
2014,강원,군,담배소비세,39114622000,1.9
2014,강원,군,도시계획세(재산세),33516000,0
2014,강원,군,도축세,0,0
2014,강원,군,자동차세,49481630000,2.41
2014,강원,군,재산세,54198651000,2.64
2014,강원,군,주민세,6342229000,0.31
2014,강원,군,지방소득세,41375370000,2.01
2014,강원,군,지역자원시설세,0,0
2014,강원,시,과년도수입,8732330000,0.06
2014,강원,시,담배소비세,70037385000,0.51
2014,강원,시,도시계획세(재산세),22291000,0
2014,강원,시,도축세,0,0
2014,강원,시,자동차세,154166922000,1.13
2014,강원,시,재산세,126603654000,0.93
2014,강원,시,주민세,15390248000,0.11
2014,강원,시,지방소득세,94088111000,0.69
2014,강원,시,지역자원시설세,0,0
2014,강원,시도,과년도수입,5723627000,0.02
2014,강원,시도,담배소비세,0,0
2014,강원,시도,등록면허세,31597658000,0.07
2014,강원,시도,레저세,0,0
2014,강원,시도,자동차세,0,0
2014,강원,시도,지방교육세,139784829000,0.31
2014,강원,시도,지역자원시설세,29375130000,0.06
2014,강원,시도,취득세,390373151000,0.84
2014,경기,군,과년도수입,4114386000,0.2
2014,경기,군,담배소비세,17348160000,0.84
2014,경기,군,도시계획세(재산세),1268000,0
2014,경기,군,도축세,0,0
2014,경기,군,자동차세,51591522000,2.51
2014,경기,군,재산세,45633084000,2.22
2014,경기,군,주민세,1894673000,0.09
2014,경기,군,지방소득세,18064117000,0.88
2014,경기,군,지역자원시설세,0,0
2014,경기,시,과년도수입,157273438000,1.16
2014,경기,시,담배소비세,660673880000,4.86
2014,경기,시,도시계획세(재산세),556480000,0
2014,경기,시,도축세,0,0
2014,경기,시,자동차세,1536140433000,11.29
2014,경기,시,재산세,2351633503000,17.28
2014,경기,시,주민세,311228407000,2.29
2014,경기,시,지방소득세,2144216752000,15.76
2014,경기,시,지역자원시설세,0,0
2014,경기,시도,과년도수입,13179586000,0.03
2014,경기,시도,담배소비세,0,0
2014,경기,시도,등록면허세,381046684000,0.83
2014,경기,시도,레저세,553987716000,1.2
2014,경기,시도,자동차세,0,0
2014,경기,시도,지방교육세,1489598938000,3.23
2014,경기,시도,지역자원시설세,259730738000,0.57
2014,경기,시도,취득세,4185280507000,9.09
2014,경남,군,과년도수입,3451933000,0.17
2014,경남,군,담배소비세,30569859000,1.49
2014,경남,군,도시계획세(재산세),1069000,0
2014,경남,군,도축세,0,0
2014,경남,군,자동차세,78024279000,3.8
2014,경남,군,재산세,42523647000,2.07
2014,경남,군,주민세,9422102000,0.46
2014,경남,군,지방소득세,42327999000,2.06
2014,경남,군,지역자원시설세,0,0
2014,경남,시,과년도수입,20686864000,0.15
2014,경남,시,담배소비세,175155814000,1.29
2014,경남,시,도시계획세(재산세),145942000,0
2014,경남,시,도축세,0,0
2014,경남,시,자동차세,456533195000,3.36
2014,경남,시,재산세,378952496000,2.79
2014,경남,시,주민세,92077900000,0.68
2014,경남,시,지방소득세,493495662000,3.63
2014,경남,시,지역자원시설세,20595325000,0.15
2014,경남,시도,과년도수입,3692657000,0
2014,경남,시도,담배소비세,0,0
2014,경남,시도,등록면허세,110162516000,0.24
2014,경남,시도,레저세,106742796000,0.23
2014,경남,시도,자동차세,0,0
2014,경남,시도,지방교육세,378188505000,0.83
2014,경남,시도,지역자원시설세,50076601000,0.11
2014,경남,시도,취득세,1212997494000,2.64
2014,경북,군,과년도수입,-186364000,-0.01
2014,경북,군,담배소비세,36696788000,1.79
2014,경북,군,도시계획세(재산세),2547000,0
2014,경북,군,도축세,0,0
2014,경북,군,자동차세,82121818000,4
2014,경북,군,재산세,46110280000,2.24
2014,경북,군,주민세,8542469000,0.42
2014,경북,군,지방소득세,44917991000,2.19
2014,경북,군,지역자원시설세,0,0
2014,경북,시,과년도수입,15525797000,0.11
2014,경북,시,담배소비세,136576777000,1
2014,경북,시,도시계획세(재산세),138995000,0
2014,경북,시,도축세,0,0
2014,경북,시,자동차세,322340272000,2.37
2014,경북,시,재산세,242704105000,1.78
2014,경북,시,주민세,70541351000,0.52
2014,경북,시,지방소득세,410214096000,3.01
2014,경북,시,지역자원시설세,0,0
2014,경북,시도,과년도수입,10252377000,0.02
2014,경북,시도,담배소비세,0,0
2014,경북,시도,등록면허세,62281965000,0.14
2014,경북,시도,레저세,0,0
2014,경북,시도,자동차세,0,0
2014,경북,시도,지방교육세,243544882000,0.52
2014,경북,시도,지역자원시설세,80095989000,0.17
2014,경북,시도,취득세,786621190000,1.7
2014,광주,시도,과년도수입,18317455000,0.04
2014,광주,시도,담배소비세,78235403000,0.17
2014,광주,시도,도시계획세(재산세),137388000,0
2014,광주,시도,도축세,0,0
2014,광주,시도,등록면허세,36547669000,0.08
2014,광주,시도,레저세,18314775000,0.04
2014,광주,시도,자동차세,206962060000,0.45
2014,광주,시도,재산세,146172018000,0.32
2014,광주,시도,주민세,28106762000,0.06
2014,광주,시도,지방교육세,123925325000,0.27
2014,광주,시도,지방소득세,192268778000,0.42
2014,광주,시도,지역자원시설세,25574220000,0.06
2014,광주,시도,취득세,361838428000,0.79
2014,대구,군,과년도수입,1336739000,0.07
2014,대구,군,담배소비세,11005824000,0.54
2014,대구,군,도시계획세(재산세),7824000,0
2014,대구,군,도축세,0,0
2014,대구,군,자동차세,30488183000,1.48
2014,대구,군,재산세,27229201000,1.33
2014,대구,군,주민세,6704441000,0.33
2014,대구,군,지방소득세,26732939000,1.3
2014,대구,군,지역자원시설세,0,0
2014,대구,시도,과년도수입,17867666000,0.04
2014,대구,시도,담배소비세,121509769000,0.26
2014,대구,시도,도시계획세(재산세),86102000,0
2014,대구,시도,도축세,0,0
2014,대구,시도,등록면허세,61357296000,0.14
2014,대구,시도,레저세,9847729000,0.02
2014,대구,시도,자동차세,327731570000,0.71
2014,대구,시도,재산세,276458739000,0.6
2014,대구,시도,주민세,30822807000,0.07
2014,대구,시도,지방교육세,225386572000,0.49
2014,대구,시도,지방소득세,267229124000,0.58
2014,대구,시도,지역자원시설세,40418739000,0.09
2014,대구,시도,취득세,776053135000,1.69
2014,대전,시도,과년도수입,-182685000,0
2014,대전,시도,담배소비세,115105695000,0.25
2014,대전,시도,도시계획세(재산세),2445000,0
2014,대전,시도,도축세,0,0
2014,대전,시도,등록면허세,33875290000,0.07
2014,대전,시도,레저세,19726675000,0.04
2014,대전,시도,자동차세,199780309000,0.43
2014,대전,시도,재산세,191257635000,0.42
2014,대전,시도,주민세,34708252000,0.07
2014,대전,시도,지방교육세,146740265000,0.32
2014,대전,시도,지방소득세,209949586000,0.46
2014,대전,시도,지역자원시설세,28120170000,0.06
2014,대전,시도,취득세,371052843000,0.81
2014,부산,군,과년도수입,812988000,0.04
2014,부산,군,담배소비세,7106697000,0.35
2014,부산,군,도시계획세(재산세),169000,0
2014,부산,군,도축세,0,0
2014,부산,군,자동차세,15001441000,0.73
2014,부산,군,재산세,34805196000,1.69
2014,부산,군,주민세,3794555000,0.18
2014,부산,군,지방소득세,19799805000,0.96
2014,부산,군,지역자원시설세,0,0
2014,부산,시도,과년도수입,27442795000,0.06
2014,부산,시도,담배소비세,180855610000,0.39
2014,부산,시도,도시계획세(재산세),21411000,0
2014,부산,시도,도축세,0,0
2014,부산,시도,등록면허세,90322179000,0.19
2014,부산,시도,레저세,113760039000,0.25
2014,부산,시도,자동차세,509627585000,1.11
2014,부산,시도,재산세,436472931000,0.95
2014,부산,시도,주민세,58187342000,0.13
2014,부산,시도,지방교육세,350142715000,0.76
2014,부산,시도,지방소득세,480991290000,1.04
2014,부산,시도,지역자원시설세,89596582000,0.19
2014,부산,시도,취득세,1077765784000,2.34
2014,서울,시도,과년도수입,196489220000,0.42
2014,서울,시도,담배소비세,542313477000,1.18
2014,서울,시도,도시계획세(재산세),-222212000,0
2014,서울,시도,등록면허세,351119406000,0.76
2014,서울,시도,레저세,149690608000,0.32
2014,서울,시도,자동차세,1063527019000,2.31
2014,서울,시도,재산세,2791647869000,6.07
2014,서울,시도,주민세,374982174000,0.81
2014,서울,시도,지방교육세,1187904707000,2.58
2014,서울,시도,지방소득세,3324651128000,7.22
2014,서울,시도,지역자원시설세,231655599000,0.5
2014,서울,시도,취득세,3311172838000,7.19
2014,세종,시도,과년도수입,7942000,0
2014,세종,시도,담배소비세,10565767000,0.02
2014,세종,시도,도시계획세(재산세),-183000,0
2014,세종,시도,도축세,0,0
2014,세종,시도,등록면허세,7805834000,0.02
2014,세종,시도,레저세,0,0
2014,세종,시도,자동차세,19132561000,0.04
2014,세종,시도,재산세,33490193000,0.07
2014,세종,시도,주민세,4530053000,0.01
2014,세종,시도,지방교육세,29777515000,0.06
2014,세종,시도,지방소득세,33595394000,0.07
2014,세종,시도,지역자원시설세,2634747000,0.01
2014,세종,시도,취득세,198093352000,0.43
2014,울산,군,과년도수입,1172054000,0.06
2014,울산,군,담배소비세,14176527000,0.69
2014,울산,군,도시계획세(재산세),7950000,0
2014,울산,군,도축세,0,0
2014,울산,군,자동차세,42879424000,2.09
2014,울산,군,재산세,43199088000,2.1
2014,울산,군,주민세,12244174000,0.6
2014,울산,군,지방소득세,69648099000,3.39
2014,울산,군,지역자원시설세,0,0
2014,울산,시도,과년도수입,3748040000,0.01
2014,울산,시도,담배소비세,59642438000,0.13
2014,울산,시도,도시계획세(재산세),10573000,0
2014,울산,시도,도축세,0,0
2014,울산,시도,등록면허세,35542825000,0.08
2014,울산,시도,레저세,0,0
2014,울산,시도,자동차세,140739081000,0.31
2014,울산,시도,재산세,131062521000,0.28
2014,울산,시도,주민세,56111023000,0.12
2014,울산,시도,지방교육세,120812680000,0.26
2014,울산,시도,지방소득세,283093318000,0.61
2014,울산,시도,지역자원시설세,28047347000,0.06
2014,울산,시도,취득세,405832286000,0.89
2014,인천,군,과년도수입,-1845299000,-0.09
2014,인천,군,담배소비세,5821560000,0.28
2014,인천,군,도시계획세(재산세),0,0
2014,인천,군,도축세,0,0
2014,인천,군,자동차세,11331068000,0.55
2014,인천,군,재산세,15282314000,0.74
2014,인천,군,주민세,1221326000,0.06
2014,인천,군,지방소득세,7582621000,0.37
2014,인천,군,지역자원시설세,0,0
2014,인천,시도,과년도수입,19692509000,0.05
2014,인천,시도,담배소비세,154996330000,0.34
2014,인천,시도,도시계획세(재산세),54596000,0
2014,인천,시도,도축세,0,0
2014,인천,시도,등록면허세,82886890000,0.18
2014,인천,시도,레저세,22992068000,0.05
2014,인천,시도,자동차세,374600283000,0.81
2014,인천,시도,재산세,486922660000,1.06
2014,인천,시도,주민세,60459985000,0.13
2014,인천,시도,지방교육세,282008627000,0.61
2014,인천,시도,지방소득세,337736666000,0.73
2014,인천,시도,지역자원시설세,67798870000,0.15
2014,인천,시도,취득세,1014839620000,2.2
2014,전남,군,과년도수입,3238762000,0.16
2014,전남,군,담배소비세,45081217000,2.19
2014,전남,군,도시계획세(재산세),25520000,0
2014,전남,군,도축세,0,0
2014,전남,군,자동차세,147083817000,7.16
2014,전남,군,재산세,56439951000,2.75
2014,전남,군,주민세,12915119000,0.63
2014,전남,군,지방소득세,59867520000,2.91
2014,전남,군,지역자원시설세,0,0
2014,전남,시,과년도수입,2503913000,0.02
2014,전남,시,담배소비세,60015802000,0.44
2014,전남,시,도시계획세(재산세),1655000,0
2014,전남,시,도축세,0,0
2014,전남,시,자동차세,178631472000,1.31
2014,전남,시,재산세,110655325000,0.81
2014,전남,시,주민세,28176435000,0.21
2014,전남,시,지방소득세,161519257000,1.19
2014,전남,시,지역자원시설세,0,0
2014,전남,시도,과년도수입,2485352000,0
2014,전남,시도,담배소비세,0,0
2014,전남,시도,등록면허세,38254048000,0.08
2014,전남,시도,레저세,0,0
2014,전남,시도,자동차세,0,0
2014,전남,시도,지방교육세,141623668000,0.3
2014,전남,시도,지역자원시설세,54900265000,0.12
2014,전남,시도,취득세,420418494000,0.91
2014,전북,군,과년도수입,2140580000,0.1
2014,전북,군,담배소비세,18386828000,0.89
2014,전북,군,도시계획세(재산세),219000,0
2014,전북,군,도축세,0,0
2014,전북,군,자동차세,53886214000,2.62
2014,전북,군,재산세,23982494000,1.17
2014,전북,군,주민세,8040923000,0.39
2014,전북,군,지방소득세,33596694000,1.64
2014,전북,군,지역자원시설세,0,0
2014,전북,시,과년도수입,10406446000,0.08
2014,전북,시,담배소비세,82501137000,0.61
2014,전북,시,도시계획세(재산세),502000,0
2014,전북,시,도축세,0,0
2014,전북,시,자동차세,229035325000,1.68
2014,전북,시,재산세,136481644000,1
2014,전북,시,주민세,25394510000,0.19
2014,전북,시,지방소득세,139565217000,1.03
2014,전북,시,지역자원시설세,0,0
2014,전북,시도,과년도수입,3338800000,0
2014,전북,시도,담배소비세,0,0
2014,전북,시도,등록면허세,41649532000,0.09
2014,전북,시도,레저세,0,0
2014,전북,시도,자동차세,0,0
2014,전북,시도,지방교육세,142642678000,0.31
2014,전북,시도,지역자원시설세,27203395000,0.06
2014,전북,시도,취득세,423605966000,0.92
2014,제주,시,과년도수입,51892000,0
2014,제주,시,담배소비세,43504558000,0.32
2014,제주,시,도시계획세(재산세),1255000,0
2014,제주,시,자동차세,95607802000,0.7
2014,제주,시,재산세,84074180000,0.62
2014,제주,시,주민세,7971734000,0.06
2014,제주,시,지방소득세,71848093000,0.53
2014,제주,시,지역자원시설세,0,0
2014,제주,시도,과년도수입,4177772000,0.01
2014,제주,시도,도축세,0,0
2014,제주,시도,등록면허세,19767610000,0.04
2014,제주,시도,레저세,58382696000,0.13
2014,제주,시도,지방교육세,96159046000,0.21
2014,제주,시도,지역자원시설세,10151454000,0.02
2014,제주,시도,취득세,319906237000,0.69
2014,충남,군,과년도수입,4267881000,0.21
2014,충남,군,담배소비세,28490826000,1.39
2014,충남,군,도시계획세(재산세),2646000,0
2014,충남,군,도축세,0,0
2014,충남,군,자동차세,70996651000,3.46
2014,충남,군,재산세,51129344000,2.49
2014,충남,군,주민세,7801528000,0.38
2014,충남,군,지방소득세,45160091000,2.2
2014,충남,군,지역자원시설세,0,0
2014,충남,시,과년도수입,9767977000,0.07
2014,충남,시,담배소비세,109422078000,0.8
2014,충남,시,도시계획세(재산세),6503000,0
2014,충남,시,도축세,0,0
2014,충남,시,자동차세,238742506000,1.75
2014,충남,시,재산세,241792192000,1.78
2014,충남,시,주민세,69220707000,0.51
2014,충남,시,지방소득세,389817174000,2.86
2014,충남,시,지역자원시설세,0,0
2014,충남,시도,과년도수입,291031000,0
2014,충남,시도,담배소비세,0,0
2014,충남,시도,등록면허세,61684932000,0.13
2014,충남,시도,레저세,19466317000,0.04
2014,충남,시도,자동차세,0,0
2014,충남,시도,지방교육세,217580251000,0.48
2014,충남,시도,지역자원시설세,61237845000,0.13
2014,충남,시도,취득세,710467413000,1.54
2014,충북,군,과년도수입,1754331000,0.09
2014,충북,군,담배소비세,29324400000,1.43
2014,충북,군,도시계획세(재산세),1520000,0
2014,충북,군,도축세,0,0
2014,충북,군,자동차세,58033677000,2.82
2014,충북,군,재산세,45099008000,2.2
2014,충북,군,주민세,14020340000,0.68
2014,충북,군,지방소득세,67798709000,3.3
2014,충북,군,지역자원시설세,0,0
2014,충북,시,과년도수입,8582183000,0.06
2014,충북,시,담배소비세,68530560000,0.5
2014,충북,시,도시계획세(재산세),1838000,0
2014,충북,시,도축세,0,0
2014,충북,시,자동차세,175895427000,1.29
2014,충북,시,재산세,127066532000,0.93
2014,충북,시,주민세,27623914000,0.2
2014,충북,시,지방소득세,205772104000,1.51
2014,충북,시,지역자원시설세,0,0
2014,충북,시도,과년도수입,3985012000,0.01
2014,충북,시도,담배소비세,0,0
2014,충북,시도,등록면허세,39178950000,0.08
2014,충북,시도,레저세,0,0
2014,충북,시도,자동차세,0,0
2014,충북,시도,지방교육세,139041879000,0.3
2014,충북,시도,지역자원시설세,30721165000,0.07
2014,충북,시도,취득세,424901080000,0.92
2015,강원,군,과년도수입,4257856000,0.19
2015,강원,군,담배소비세,42297429000,1.85
2015,강원,군,도시계획세(재산세),31000,0
2015,강원,군,도축세,0,0
2015,강원,군,자동차세,48272432000,2.11
2015,강원,군,재산세,55601461000,2.43
2015,강원,군,주민세,7352746000,0.32
2015,강원,군,지방소득세,50507615000,2.21
2015,강원,군,지역자원시설세,0,0
2015,강원,시,과년도수입,6202416000,0.04
2015,강원,시,담배소비세,73764078000,0.49
2015,강원,시,도시계획세(재산세),2040000,0
2015,강원,시,도축세,0,0
2015,강원,시,자동차세,153913534000,1.02
2015,강원,시,재산세,131447775000,0.87
2015,강원,시,주민세,18780728000,0.12
2015,강원,시,지방소득세,131430049000,0.87
2015,강원,시,지역자원시설세,0,0
2015,강원,시도,과년도수입,1345211000,0
2015,강원,시도,담배소비세,0,0
2015,강원,시도,등록면허세,34627285000,0.07
2015,강원,시도,레저세,0,0
2015,강원,시도,자동차세,0,0
2015,강원,시도,지방교육세,140301369000,0.26
2015,강원,시도,지역자원시설세,31907941000,0.06
2015,강원,시도,취득세,442746370000,0.82
2015,경기,군,과년도수입,5254436000,0.23
2015,경기,군,담배소비세,18505647000,0.81
2015,경기,군,도시계획세(재산세),8000,0
2015,경기,군,도축세,0,0
2015,경기,군,자동차세,49870637000,2.18
2015,경기,군,재산세,46550315000,2.04
2015,경기,군,주민세,1921275000,0.08
2015,경기,군,지방소득세,23180653000,1.01
2015,경기,군,지역자원시설세,0,0
2015,경기,시,과년도수입,126339844000,0.84
2015,경기,시,담배소비세,694708054000,4.6
2015,경기,시,도시계획세(재산세),35672000,0
2015,경기,시,도축세,0,0
2015,경기,시,자동차세,1561602674000,10.33
2015,경기,시,재산세,2467507700000,16.32
2015,경기,시,주민세,330029837000,2.18
2015,경기,시,지방소득세,2884531786000,19.08
2015,경기,시,지역자원시설세,0,0
2015,경기,시도,과년도수입,-40607000000,-0.08
2015,경기,시도,담배소비세,0,0
2015,경기,시도,등록면허세,471211688000,0.88
2015,경기,시도,레저세,590380406000,1.1
2015,경기,시도,자동차세,0,0
2015,경기,시도,지방교육세,1630117016000,3.05
2015,경기,시도,지역자원시설세,289616690000,0.54
2015,경기,시도,취득세,5643120606000,10.53
2015,경남,군,과년도수입,4303512000,0.19
2015,경남,군,담배소비세,32065751000,1.4
2015,경남,군,도시계획세(재산세),602000,0
2015,경남,군,도축세,0,0
2015,경남,군,자동차세,75691271000,3.31
2015,경남,군,재산세,46836739000,2.05
2015,경남,군,주민세,10122612000,0.44
2015,경남,군,지방소득세,52522376000,2.3
2015,경남,군,지역자원시설세,0,0
2015,경남,시,과년도수입,11715152000,0.08
2015,경남,시,담배소비세,184458024000,1.22
2015,경남,시,도시계획세(재산세),6199000,0
2015,경남,시,도축세,0,0
2015,경남,시,자동차세,452202887000,2.99
2015,경남,시,재산세,404662857000,2.68
2015,경남,시,주민세,100731118000,0.67
2015,경남,시,지방소득세,554393338000,3.67
2015,경남,시,지역자원시설세,21772865000,0.14
2015,경남,시도,과년도수입,-20431196000,-0.04
2015,경남,시도,담배소비세,0,0
2015,경남,시도,등록면허세,113093875000,0.21
2015,경남,시도,레저세,103917107000,0.19
2015,경남,시도,자동차세,0,0
2015,경남,시도,지방교육세,384674487000,0.72
2015,경남,시도,지역자원시설세,62010310000,0.12
2015,경남,시도,취득세,1429128674000,2.67
2015,경북,군,과년도수입,4535083000,0.2
2015,경북,군,담배소비세,40135399000,1.76
2015,경북,군,도시계획세(재산세),27000,0
2015,경북,군,도축세,0,0
2015,경북,군,자동차세,86611263000,3.79
2015,경북,군,재산세,51873137000,2.27
2015,경북,군,주민세,10463824000,0.46
2015,경북,군,지방소득세,69896850000,3.06
2015,경북,군,지역자원시설세,0,0
2015,경북,시,과년도수입,5122304000,0.03
2015,경북,시,담배소비세,142353297000,0.94
2015,경북,시,도시계획세(재산세),14223000,0
2015,경북,시,도축세,0,0
2015,경북,시,자동차세,351961369000,2.33
2015,경북,시,재산세,261184894000,1.73
2015,경북,시,주민세,73187549000,0.48
2015,경북,시,지방소득세,554914653000,3.67
2015,경북,시,지역자원시설세,0,0
2015,경북,시도,과년도수입,-619175000,0
2015,경북,시도,담배소비세,0,0
2015,경북,시도,등록면허세,76268436000,0.14
2015,경북,시도,레저세,830586000,0
2015,경북,시도,자동차세,0,0
2015,경북,시도,지방교육세,255556289000,0.48
2015,경북,시도,지역자원시설세,125694741000,0.23
2015,경북,시도,취득세,965751507000,1.8
2015,광주,시도,과년도수입,9338839000,0.02
2015,광주,시도,담배소비세,82553778000,0.15
2015,광주,시도,도시계획세(재산세),61131000,0
2015,광주,시도,도축세,0,0
2015,광주,시도,등록면허세,41504724000,0.08
2015,광주,시도,레저세,17128829000,0.03
2015,광주,시도,자동차세,213439458000,0.4
2015,광주,시도,재산세,155610377000,0.29
2015,광주,시도,주민세,33938816000,0.07
2015,광주,시도,지방교육세,126140341000,0.24
2015,광주,시도,지방소득세,246892835000,0.46
2015,광주,시도,지역자원시설세,27001706000,0.05
2015,광주,시도,취득세,401650469000,0.75
2015,대구,군,과년도수입,-293632000,-0.01
2015,대구,군,담배소비세,12172930000,0.53
2015,대구,군,도시계획세(재산세),82000,0
2015,대구,군,도축세,0,0
2015,대구,군,자동차세,28191604000,1.23
2015,대구,군,재산세,31278479000,1.37
2015,대구,군,주민세,7382212000,0.32
2015,대구,군,지방소득세,38094963000,1.67
2015,대구,군,지역자원시설세,0,0
2015,대구,시도,과년도수입,12575135000,0.03
2015,대구,시도,담배소비세,125701150000,0.23
2015,대구,시도,도시계획세(재산세),2464000,0
2015,대구,시도,도축세,0,0
2015,대구,시도,등록면허세,78938000000,0.15
2015,대구,시도,레저세,9187680000,0.02
2015,대구,시도,자동차세,347697088000,0.65
2015,대구,시도,재산세,293275346000,0.55
2015,대구,시도,주민세,38457153000,0.07
2015,대구,시도,지방교육세,235860148000,0.44
2015,대구,시도,지방소득세,331297610000,0.62
2015,대구,시도,지역자원시설세,44046170000,0.09
2015,대구,시도,취득세,892161632000,1.66
2015,대전,시도,과년도수입,1477963000,0.01
2015,대전,시도,담배소비세,82666349000,0.15
2015,대전,시도,도시계획세(재산세),1370000,0
2015,대전,시도,도축세,0,0
2015,대전,시도,등록면허세,41677396000,0.08
2015,대전,시도,레저세,18961111000,0.04
2015,대전,시도,자동차세,207148255000,0.39
2015,대전,시도,재산세,200475048000,0.37
2015,대전,시도,주민세,38570898000,0.07
2015,대전,시도,지방교육세,129601311000,0.24
2015,대전,시도,지방소득세,302234551000,0.56
2015,대전,시도,지역자원시설세,29862294000,0.06
2015,대전,시도,취득세,372815273000,0.7
2015,부산,군,과년도수입,1186297000,0.05
2015,부산,군,담배소비세,7977325000,0.35
2015,부산,군,도시계획세(재산세),0,0
2015,부산,군,도축세,0,0
2015,부산,군,자동차세,16063596000,0.7
2015,부산,군,재산세,38991159000,1.71
2015,부산,군,주민세,4420253000,0.19
2015,부산,군,지방소득세,34545751000,1.51
2015,부산,군,지역자원시설세,0,0
2015,부산,시도,과년도수입,17706787000,0.03
2015,부산,시도,담배소비세,181918893000,0.34
2015,부산,시도,도시계획세(재산세),15593000,0
2015,부산,시도,도축세,0,0
2015,부산,시도,등록면허세,113171353000,0.21
2015,부산,시도,레저세,108678966000,0.2
2015,부산,시도,자동차세,514847180000,0.96
2015,부산,시도,재산세,469124747000,0.88
2015,부산,시도,주민세,73728091000,0.14
2015,부산,시도,지방교육세,366105021000,0.69
2015,부산,시도,지방소득세,929985503000,1.74
2015,부산,시도,지역자원시설세,115325140000,0.21
2015,부산,시도,취득세,1314573798000,2.46
2015,서울,시도,과년도수입,199335156000,0.38
2015,서울,시도,담배소비세,542316089000,1.01
2015,서울,시도,도시계획세(재산세),-113497000,0
2015,서울,시도,등록면허세,463993606000,0.87
2015,서울,시도,레저세,133448728000,0.25
2015,서울,시도,자동차세,1068232965000,1.99
2015,서울,시도,재산세,2936072176000,5.48
2015,서울,시도,주민세,380745149000,0.71
2015,서울,시도,지방교육세,1298199076000,2.42
2015,서울,시도,지방소득세,4259860741000,7.95
2015,서울,시도,지역자원시설세,251361264000,0.47
2015,서울,시도,취득세,4527594851000,8.45
2015,세종,시도,과년도수입,-4070041000,-0.01
2015,세종,시도,담배소비세,11201004000,0.02
2015,세종,시도,도시계획세(재산세),0,0
2015,세종,시도,도축세,0,0
2015,세종,시도,등록면허세,12280409000,0.02
2015,세종,시도,레저세,0,0
2015,세종,시도,자동차세,27571451000,0.05
2015,세종,시도,재산세,43254000000,0.08
2015,세종,시도,주민세,5923091000,0.01
2015,세종,시도,지방교육세,38708302000,0.07
2015,세종,시도,지방소득세,47185933000,0.09
2015,세종,시도,지역자원시설세,4784731000,0.01
2015,세종,시도,취득세,275494408000,0.51
2015,울산,군,과년도수입,1154045000,0.05
2015,울산,군,담배소비세,15498606000,0.68
2015,울산,군,도시계획세(재산세),1014000,0
2015,울산,군,도축세,0,0
2015,울산,군,자동차세,42541824000,1.86
2015,울산,군,재산세,47622215000,2.08
2015,울산,군,주민세,13064450000,0.57
2015,울산,군,지방소득세,81916168000,3.58
2015,울산,군,지역자원시설세,0,0
2015,울산,시도,과년도수입,-5347202000,-0.02
2015,울산,시도,담배소비세,61773069000,0.12
2015,울산,시도,도시계획세(재산세),2938000,0
2015,울산,시도,도축세,0,0
2015,울산,시도,등록면허세,43225052000,0.08
2015,울산,시도,레저세,0,0
2015,울산,시도,자동차세,146234784000,0.27
2015,울산,시도,재산세,142664180000,0.27
2015,울산,시도,주민세,58932074000,0.11
2015,울산,시도,지방교육세,124063949000,0.23
2015,울산,시도,지방소득세,335598558000,0.63
2015,울산,시도,지역자원시설세,31190777000,0.06
2015,울산,시도,취득세,452476517000,0.84
2015,인천,군,과년도수입,1311795000,0.06
2015,인천,군,담배소비세,5851391000,0.26
2015,인천,군,도시계획세(재산세),0,0
2015,인천,군,도축세,0,0
2015,인천,군,자동차세,11803752000,0.52
2015,인천,군,재산세,16548089000,0.72
2015,인천,군,주민세,1214337000,0.05
2015,인천,군,지방소득세,9338008000,0.41
2015,인천,군,지역자원시설세,0,0
2015,인천,시도,과년도수입,-1816448000,0
2015,인천,시도,담배소비세,159095657000,0.3
2015,인천,시도,도시계획세(재산세),11547000,0
2015,인천,시도,도축세,0,0
2015,인천,시도,등록면허세,103911279000,0.2
2015,인천,시도,레저세,22328032000,0.04
2015,인천,시도,자동차세,405032732000,0.76
2015,인천,시도,재산세,518074547000,0.97
2015,인천,시도,주민세,71795200000,0.13
2015,인천,시도,지방교육세,310494633000,0.58
2015,인천,시도,지방소득세,420799068000,0.79
2015,인천,시도,지역자원시설세,82276119000,0.15
2015,인천,시도,취득세,1315455661000,2.45
2015,전남,군,과년도수입,4812118000,0.21
2015,전남,군,담배소비세,49900116000,2.18
2015,전남,군,도시계획세(재산세),1434000,0
2015,전남,군,도축세,0,0
2015,전남,군,자동차세,142012571000,6.21
2015,전남,군,재산세,59332102000,2.6
2015,전남,군,주민세,15302382000,0.67
2015,전남,군,지방소득세,87487156000,3.83
2015,전남,군,지역자원시설세,0,0
2015,전남,시,과년도수입,2703522000,0.02
2015,전남,시,담배소비세,63188525000,0.42
2015,전남,시,도시계획세(재산세),4534000,0
2015,전남,시,도축세,0,0
2015,전남,시,자동차세,175477560000,1.16
2015,전남,시,재산세,120832498000,0.8
2015,전남,시,주민세,30979216000,0.2
2015,전남,시,지방소득세,199061329000,1.32
2015,전남,시,지역자원시설세,0,0
2015,전남,시도,과년도수입,6415172000,0.01
2015,전남,시도,담배소비세,0,0
2015,전남,시도,등록면허세,46316442000,0.08
2015,전남,시도,레저세,0,0
2015,전남,시도,자동차세,0,0
2015,전남,시도,지방교육세,149462904000,0.28
2015,전남,시도,지역자원시설세,80294681000,0.15
2015,전남,시도,취득세,529292942000,0.99
2015,전북,군,과년도수입,1855336000,0.08
2015,전북,군,담배소비세,19486670000,0.85
2015,전북,군,도시계획세(재산세),746000,0
2015,전북,군,도축세,0,0
2015,전북,군,자동차세,53297565000,2.33
2015,전북,군,재산세,26297478000,1.15
2015,전북,군,주민세,8103665000,0.35
2015,전북,군,지방소득세,47475754000,2.08
2015,전북,군,지역자원시설세,0,0
2015,전북,시,과년도수입,10001240000,0.07
2015,전북,시,담배소비세,87304006000,0.58
2015,전북,시,도시계획세(재산세),501000,0
2015,전북,시,도축세,0,0
2015,전북,시,자동차세,238031218000,1.57
2015,전북,시,재산세,145753682000,0.96
2015,전북,시,주민세,28086221000,0.19
2015,전북,시,지방소득세,169263339000,1.12
2015,전북,시,지역자원시설세,0,0
2015,전북,시도,과년도수입,4467107000,0.01
2015,전북,시도,담배소비세,0,0
2015,전북,시도,등록면허세,45852102000,0.08
2015,전북,시도,레저세,0,0
2015,전북,시도,자동차세,0,0
2015,전북,시도,지방교육세,145286259000,0.27
2015,전북,시도,지역자원시설세,29672067000,0.06
2015,전북,시도,취득세,484408287000,0.9
2015,제주,시,과년도수입,-1273000,0
2015,제주,시,담배소비세,46693813000,0.31
2015,제주,시,도시계획세(재산세),69000,0
2015,제주,시,자동차세,102339320000,0.68
2015,제주,시,재산세,93562996000,0.62
2015,제주,시,주민세,9222711000,0.06
2015,제주,시,지방소득세,107357342000,0.71
2015,제주,시도,과년도수입,5789462000,0.01
2015,제주,시도,등록면허세,27576383000,0.05
2015,제주,시도,레저세,61687142000,0.12
2015,제주,시도,지방교육세,110250222000,0.21
2015,제주,시도,지역자원시설세,11879437000,0.02
2015,제주,시도,취득세,443940746000,0.83
2015,충남,군,과년도수입,2643204000,0.12
2015,충남,군,담배소비세,30323316000,1.33
2015,충남,군,도시계획세(재산세),887000,0
2015,충남,군,도축세,0,0
2015,충남,군,자동차세,67209395000,2.94
2015,충남,군,재산세,52913752000,2.31
2015,충남,군,주민세,8796965000,0.38
2015,충남,군,지방소득세,57232819000,2.5
2015,충남,군,지역자원시설세,0,0
2015,충남,시,과년도수입,7053780000,0.05
2015,충남,시,담배소비세,116936237000,0.77
2015,충남,시,도시계획세(재산세),5998000,0
2015,충남,시,도축세,0,0
2015,충남,시,자동차세,241474170000,1.6
2015,충남,시,재산세,252663216000,1.67
2015,충남,시,주민세,72205334000,0.48
2015,충남,시,지방소득세,425565275000,2.82
2015,충남,시,지역자원시설세,0,0
2015,충남,시도,과년도수입,565948000,0
2015,충남,시도,담배소비세,0,0
2015,충남,시도,등록면허세,70822115000,0.13
2015,충남,시도,레저세,22367583000,0.04
2015,충남,시도,자동차세,0,0
2015,충남,시도,지방교육세,224542228000,0.42
2015,충남,시도,지역자원시설세,80377480000,0.15
2015,충남,시도,취득세,803044385000,1.5
2015,충북,군,과년도수입,565098000,0.02
2015,충북,군,담배소비세,32452132000,1.42
2015,충북,군,도시계획세(재산세),309000,0
2015,충북,군,도축세,0,0
2015,충북,군,자동차세,61775159000,2.7
2015,충북,군,재산세,48561710000,2.12
2015,충북,군,주민세,15560087000,0.68
2015,충북,군,지방소득세,86314747000,3.78
2015,충북,군,지역자원시설세,0,0
2015,충북,시,과년도수입,5493793000,0.04
2015,충북,시,담배소비세,71652261000,0.47
2015,충북,시,도시계획세(재산세),1555000,0
2015,충북,시,도축세,0,0
2015,충북,시,자동차세,181515932000,1.2
2015,충북,시,재산세,135132201000,0.89
2015,충북,시,주민세,32488903000,0.21
2015,충북,시,지방소득세,245531090000,1.62
2015,충북,시,지역자원시설세,0,0
2015,충북,시도,과년도수입,-787381000,0
2015,충북,시도,담배소비세,0,0
2015,충북,시도,등록면허세,46847791000,0.09
2015,충북,시도,레저세,0,0
2015,충북,시도,자동차세,0,0
2015,충북,시도,지방교육세,145555700000,0.27
2015,충북,시도,지역자원시설세,32313780000,0.06
2015,충북,시도,취득세,516621090000,0.97
2016,강원,군,과년도수입,12320610000,0.46
2016,강원,군,담배소비세,51947479000,1.96
2016,강원,군,도시계획세(재산세),0,0
2016,강원,군,도축세,0,0
2016,강원,군,자동차세,51295235000,1.93
2016,강원,군,재산세,57613609000,2.17
2016,강원,군,주민세,8797789000,0.33
2016,강원,군,지방소득세,62058131000,2.34
2016,강원,군,지역자원시설세,0,0
2016,강원,시,과년도수입,18849406000,0.11
2016,강원,시,담배소비세,91800043000,0.55
2016,강원,시,도시계획세(재산세),0,0
2016,강원,시,도축세,0,0
2016,강원,시,자동차세,171957333000,1.03
2016,강원,시,재산세,140392247000,0.84
2016,강원,시,주민세,24099143000,0.14
2016,강원,시,지방소득세,157593409000,0.94
2016,강원,시,지역자원시설세,0,0
2016,강원,시도,과년도수입,7732909000,0.01
2016,강원,시도,담배소비세,0,0
2016,강원,시도,등록면허세,38597758000,0.07
2016,강원,시도,레저세,0,0
2016,강원,시도,자동차세,0,0
2016,강원,시도,지방교육세,162695533000,0.29
2016,강원,시도,지역자원시설세,35878104000,0.07
2016,강원,시도,취득세,535950728000,0.95
2016,경기,군,과년도수입,7192533000,0.27
2016,경기,군,담배소비세,22204473000,0.84
2016,경기,군,도시계획세(재산세),0,0
2016,경기,군,도축세,0,0
2016,경기,군,자동차세,54962333000,2.07
2016,경기,군,재산세,49641873000,1.87
2016,경기,군,주민세,2758448000,0.1
2016,경기,군,지방소득세,30868391000,1.16
2016,경기,군,지역자원시설세,0,0
2016,경기,시,과년도수입,224807596000,1.34
2016,경기,시,담배소비세,863550903000,5.16
2016,경기,시,도시계획세(재산세),0,0
2016,경기,시,도축세,0,0
2016,경기,시,자동차세,1698015619000,10.15
2016,경기,시,재산세,2613798046000,15.62
2016,경기,시,주민세,390409783000,2.33
2016,경기,시,지방소득세,2987551470000,17.85
2016,경기,시,지역자원시설세,0,0
2016,경기,시도,과년도수입,-27031172000,-0.05
2016,경기,시도,담배소비세,0,0
2016,경기,시도,등록면허세,433111346000,0.77
2016,경기,시도,레저세,554131718000,0.99
2016,경기,시도,자동차세,0,0
2016,경기,시도,지방교육세,1745063232000,3.11
2016,경기,시도,지역자원시설세,311880574000,0.56
2016,경기,시도,취득세,6080788422000,10.83
2016,경남,군,과년도수입,4726762000,0.18
2016,경남,군,담배소비세,38182435000,1.44
2016,경남,군,도시계획세(재산세),0,0
2016,경남,군,도축세,0,0
2016,경남,군,자동차세,79968763000,3.02
2016,경남,군,재산세,51211494000,1.93
2016,경남,군,주민세,11645265000,0.44
2016,경남,군,지방소득세,70168554000,2.65
2016,경남,군,지역자원시설세,0,0
2016,경남,시,과년도수입,31994530000,0.19
2016,경남,시,담배소비세,230047446000,1.37
2016,경남,시,도시계획세(재산세),0,0
2016,경남,시,도축세,0,0
2016,경남,시,자동차세,500166589000,2.99
2016,경남,시,재산세,436487348000,2.61
2016,경남,시,주민세,108742551000,0.65
2016,경남,시,지방소득세,589993417000,3.53
2016,경남,시,지역자원시설세,23835423000,0.14
2016,경남,시도,과년도수입,1873305000,0.01
2016,경남,시도,담배소비세,0,0
2016,경남,시도,등록면허세,107085241000,0.19
2016,경남,시도,레저세,100160843000,0.18
2016,경남,시도,자동차세,0,0
2016,경남,시도,지방교육세,405530913000,0.72
2016,경남,시도,지역자원시설세,68283884000,0.13
2016,경남,시도,취득세,1335240939000,2.38
2016,경북,군,과년도수입,10275850000,0.39
2016,경북,군,담배소비세,49447872000,1.87
2016,경북,군,도시계획세(재산세),0,0
2016,경북,군,도축세,0,0
2016,경북,군,자동차세,93747337000,3.54
2016,경북,군,재산세,56456037000,2.13
2016,경북,군,주민세,12392725000,0.47
2016,경북,군,지방소득세,85572380000,3.23
2016,경북,군,지역자원시설세,0,0
2016,경북,시,과년도수입,32456906000,0.19
2016,경북,시,담배소비세,175366741000,1.05
2016,경북,시,도시계획세(재산세),0,0
2016,경북,시,도축세,0,0
2016,경북,시,자동차세,368763801000,2.2
2016,경북,시,재산세,282805067000,1.69
2016,경북,시,주민세,83258413000,0.5
2016,경북,시,지방소득세,532495420000,3.18
2016,경북,시,지역자원시설세,0,0
2016,경북,시도,과년도수입,12211113000,0.02
2016,경북,시도,담배소비세,0,0
2016,경북,시도,등록면허세,70609604000,0.13
2016,경북,시도,레저세,1601725000,0
2016,경북,시도,자동차세,0,0
2016,경북,시도,지방교육세,273781646000,0.49
2016,경북,시도,지역자원시설세,132226595000,0.23
2016,경북,시도,취득세,902260633000,1.6
2016,광주,시도,과년도수입,35694542000,0.06
2016,광주,시도,담배소비세,101133619000,0.18
2016,광주,시도,도시계획세(재산세),0,0
2016,광주,시도,도축세,0,0
2016,광주,시도,등록면허세,38516685000,0.07
2016,광주,시도,레저세,16823548000,0.03
2016,광주,시도,자동차세,238473389000,0.42
2016,광주,시도,재산세,162038694000,0.29
2016,광주,시도,주민세,38400533000,0.07
2016,광주,시도,지방교육세,135899112000,0.24
2016,광주,시도,지방소득세,264468479000,0.47
2016,광주,시도,지역자원시설세,28138397000,0.05
2016,광주,시도,취득세,415082759000,0.74
2016,대구,군,과년도수입,2455729000,0.09
2016,대구,군,담배소비세,15289848000,0.58
2016,대구,군,도시계획세(재산세),0,0
2016,대구,군,도축세,0,0
2016,대구,군,자동차세,30192103000,1.14
2016,대구,군,재산세,36798764000,1.39
2016,대구,군,주민세,8489850000,0.32
2016,대구,군,지방소득세,44275296000,1.67
2016,대구,군,지역자원시설세,0,0
2016,대구,시도,과년도수입,25629560000,0.05
2016,대구,시도,담배소비세,153373891000,0.27
2016,대구,시도,도시계획세(재산세),0,0
2016,대구,시도,도축세,0,0
2016,대구,시도,등록면허세,67296814000,0.12
2016,대구,시도,레저세,8788564000,0.02
2016,대구,시도,자동차세,363292986000,0.65
2016,대구,시도,재산세,318233804000,0.57
2016,대구,시도,주민세,42890521000,0.07
2016,대구,시도,지방교육세,247253650000,0.44
2016,대구,시도,지방소득세,360801158000,0.64
2016,대구,시도,지역자원시설세,47421132000,0.09
2016,대구,시도,취득세,859192714000,1.53
2016,대전,시도,과년도수입,21868651000,0.04
2016,대전,시도,담배소비세,102009330000,0.18
2016,대전,시도,도시계획세(재산세),0,0
2016,대전,시도,도축세,0,0
2016,대전,시도,등록면허세,36180171000,0.06
2016,대전,시도,레저세,18910948000,0.03
2016,대전,시도,자동차세,205039031000,0.37
2016,대전,시도,재산세,206576870000,0.37
2016,대전,시도,주민세,48347042000,0.09
2016,대전,시도,지방교육세,139223810000,0.25
2016,대전,시도,지방소득세,287297773000,0.51
2016,대전,시도,지역자원시설세,30774027000,0.05
2016,대전,시도,취득세,379641235000,0.68
2016,부산,군,과년도수입,1481819000,0.06
2016,부산,군,담배소비세,10409608000,0.39
2016,부산,군,도시계획세(재산세),0,0
2016,부산,군,도축세,0,0
2016,부산,군,자동차세,17641654000,0.67
2016,부산,군,재산세,41503853000,1.57
2016,부산,군,주민세,4915001000,0.19
2016,부산,군,지방소득세,43306802000,1.63
2016,부산,군,지역자원시설세,0,0
2016,부산,시도,과년도수입,48980309000,0.09
2016,부산,시도,담배소비세,222041832000,0.4
2016,부산,시도,도시계획세(재산세),0,0
2016,부산,시도,도축세,0,0
2016,부산,시도,등록면허세,104903046000,0.19
2016,부산,시도,레저세,106779261000,0.19
2016,부산,시도,자동차세,479502951000,0.85
2016,부산,시도,재산세,503977874000,0.9
2016,부산,시도,주민세,82315614000,0.15
2016,부산,시도,지방교육세,387709238000,0.69
2016,부산,시도,지방소득세,651574711000,1.16
2016,부산,시도,지역자원시설세,123662788000,0.23
2016,부산,시도,취득세,1289372764000,2.29
2016,서울,시도,과년도수입,260179266000,0.46
2016,서울,시도,담배소비세,661192486000,1.18
2016,서울,시도,도시계획세(재산세),-8788000,0
2016,서울,시도,등록면허세,435243710000,0.78
2016,서울,시도,레저세,138958019000,0.25
2016,서울,시도,자동차세,1094142542000,1.95
2016,서울,시도,재산세,3128100970000,5.58
2016,서울,시도,주민세,465530076000,0.83
2016,서울,시도,지방교육세,1404845895000,2.5
2016,서울,시도,지방소득세,4192093734000,7.47
2016,서울,시도,지역자원시설세,259467028000,0.46
2016,서울,시도,취득세,4892109089000,8.71
2016,세종,시도,과년도수입,-5558576000,-0.01
2016,세종,시도,담배소비세,15032457000,0.03
2016,세종,시도,도시계획세(재산세),0,0
2016,세종,시도,도축세,0,0
2016,세종,시도,등록면허세,10114261000,0.02
2016,세종,시도,레저세,0,0
2016,세종,시도,자동차세,31645476000,0.06
2016,세종,시도,재산세,53882728000,0.1
2016,세종,시도,주민세,6947927000,0.01
2016,세종,시도,지방교육세,39546189000,0.07
2016,세종,시도,지방소득세,55048632000,0.1
2016,세종,시도,지역자원시설세,6804021000,0.01
2016,세종,시도,취득세,232872952000,0.41
2016,울산,군,과년도수입,2224300000,0.08
2016,울산,군,담배소비세,18914572000,0.71
2016,울산,군,도시계획세(재산세),0,0
2016,울산,군,도축세,0,0
2016,울산,군,자동차세,46847104000,1.77
2016,울산,군,재산세,52005835000,1.96
2016,울산,군,주민세,14359075000,0.54
2016,울산,군,지방소득세,97426982000,3.68
2016,울산,군,지역자원시설세,0,0
2016,울산,시도,과년도수입,4486342000,0
2016,울산,시도,담배소비세,74584900000,0.13
2016,울산,시도,도시계획세(재산세),0,0
2016,울산,시도,도축세,0,0
2016,울산,시도,등록면허세,41378719000,0.08
2016,울산,시도,레저세,0,0
2016,울산,시도,자동차세,158869361000,0.28
2016,울산,시도,재산세,157118788000,0.28
2016,울산,시도,주민세,63437425000,0.12
2016,울산,시도,지방교육세,135787090000,0.24
2016,울산,시도,지방소득세,373100292000,0.66
2016,울산,시도,지역자원시설세,38705178000,0.07
2016,울산,시도,취득세,492952787000,0.87
2016,인천,군,과년도수입,1605304000,0.06
2016,인천,군,담배소비세,7581649000,0.29
2016,인천,군,도시계획세(재산세),0,0
2016,인천,군,도축세,0,0
2016,인천,군,자동차세,12022702000,0.45
2016,인천,군,재산세,17254011000,0.65
2016,인천,군,주민세,1454655000,0.05
2016,인천,군,지방소득세,13372842000,0.5
2016,인천,군,지역자원시설세,0,0
2016,인천,시도,과년도수입,49423384000,0.09
2016,인천,시도,담배소비세,199837532000,0.36
2016,인천,시도,도시계획세(재산세),33000,0
2016,인천,시도,도축세,0,0
2016,인천,시도,등록면허세,95031471000,0.17
2016,인천,시도,레저세,22358247000,0.04
2016,인천,시도,자동차세,456411159000,0.81
2016,인천,시도,재산세,552343307000,0.98
2016,인천,시도,주민세,80745303000,0.14
2016,인천,시도,지방교육세,334688489000,0.6
2016,인천,시도,지방소득세,484783952000,0.86
2016,인천,시도,지역자원시설세,87897297000,0.15
2016,인천,시도,취득세,1335665210000,2.38
2016,전남,군,과년도수입,9208861000,0.35
2016,전남,군,담배소비세,59305342000,2.24
2016,전남,군,도시계획세(재산세),0,0
2016,전남,군,도축세,0,0
2016,전남,군,자동차세,167496721000,6.32
2016,전남,군,재산세,64654688000,2.44
2016,전남,군,주민세,16985077000,0.64
2016,전남,군,지방소득세,98805847000,3.73
2016,전남,군,지역자원시설세,0,0
2016,전남,시,과년도수입,9615594000,0.06
2016,전남,시,담배소비세,78008787000,0.47
2016,전남,시,도시계획세(재산세),0,0
2016,전남,시,도축세,0,0
2016,전남,시,자동차세,203160325000,1.21
2016,전남,시,재산세,130593908000,0.78
2016,전남,시,주민세,36489082000,0.22
2016,전남,시,지방소득세,257060960000,1.54
2016,전남,시,지역자원시설세,0,0
2016,전남,시도,과년도수입,-889832000,0
2016,전남,시도,담배소비세,0,0
2016,전남,시도,등록면허세,43926516000,0.08
2016,전남,시도,레저세,0,0
2016,전남,시도,자동차세,0,0
2016,전남,시도,지방교육세,163505589000,0.3
2016,전남,시도,지역자원시설세,89179938000,0.16
2016,전남,시도,취득세,565013589000,1.01
2016,전북,군,과년도수입,3258570000,0.12
2016,전북,군,담배소비세,23443808000,0.88
2016,전북,군,도시계획세(재산세),0,0
2016,전북,군,도축세,0,0
2016,전북,군,자동차세,56383857000,2.13
2016,전북,군,재산세,27890255000,1.05
2016,전북,군,주민세,10098334000,0.38
2016,전북,군,지방소득세,54624795000,2.06
2016,전북,군,지역자원시설세,0,0
2016,전북,시,과년도수입,18623678000,0.11
2016,전북,시,담배소비세,105659633000,0.63
2016,전북,시,도시계획세(재산세),0,0
2016,전북,시,도축세,0,0
2016,전북,시,자동차세,245403058000,1.47
2016,전북,시,재산세,155963716000,0.93
2016,전북,시,주민세,33742433000,0.2
2016,전북,시,지방소득세,191633613000,1.15
2016,전북,시,지역자원시설세,0,0
2016,전북,시도,과년도수입,6375162000,0.01
2016,전북,시도,담배소비세,0,0
2016,전북,시도,등록면허세,41095302000,0.07
2016,전북,시도,레저세,0,0
2016,전북,시도,자동차세,0,0
2016,전북,시도,지방교육세,155837458000,0.28
2016,전북,시도,지역자원시설세,32707790000,0.06
2016,전북,시도,취득세,466481661000,0.83
2016,제주,시,과년도수입,-67404000,0
2016,제주,시,담배소비세,60861357000,0.36
2016,제주,시,도시계획세(재산세),0,0
2016,제주,시,자동차세,119855133000,0.72
2016,제주,시,재산세,110308644000,0.66
2016,제주,시,주민세,11100936000,0.07
2016,제주,시,지방소득세,172248323000,1.03
2016,제주,시,지역자원시설세,0,0
2016,제주,시도,과년도수입,14688169000,0.03
2016,제주,시도,도축세,0,0
2016,제주,시도,등록면허세,36268156000,0.06
2016,제주,시도,레저세,72743070000,0.13
2016,제주,시도,지방교육세,130404640000,0.23
2016,제주,시도,지역자원시설세,13393240000,0.02
2016,제주,시도,취득세,522202588000,0.93
2016,충남,군,과년도수입,5943765000,0.22
2016,충남,군,담배소비세,36073833000,1.36
2016,충남,군,도시계획세(재산세),0,0
2016,충남,군,도축세,0,0
2016,충남,군,자동차세,71925061000,2.71
2016,충남,군,재산세,57733001000,2.18
2016,충남,군,주민세,11288337000,0.43
2016,충남,군,지방소득세,67161247000,2.53
2016,충남,군,지역자원시설세,0,0
2016,충남,시,과년도수입,15756692000,0.09
2016,충남,시,담배소비세,146446776000,0.88
2016,충남,시,도시계획세(재산세),0,0
2016,충남,시,도축세,0,0
2016,충남,시,자동차세,270573737000,1.62
2016,충남,시,재산세,269554454000,1.61
2016,충남,시,주민세,81542787000,0.49
2016,충남,시,지방소득세,506181521000,3.02
2016,충남,시,지역자원시설세,0,0
2016,충남,시도,과년도수입,-12783236000,-0.02
2016,충남,시도,담배소비세,0,0
2016,충남,시도,등록면허세,65213931000,0.11
2016,충남,시도,레저세,18931911000,0.03
2016,충남,시도,자동차세,0,0
2016,충남,시도,지방교육세,245463784000,0.44
2016,충남,시도,지역자원시설세,84363964000,0.15
2016,충남,시도,취득세,868547902000,1.54
2016,충북,군,과년도수입,9645276000,0.36
2016,충북,군,담배소비세,40349488000,1.52
2016,충북,군,도시계획세(재산세),0,0
2016,충북,군,도축세,0,0
2016,충북,군,자동차세,70778377000,2.67
2016,충북,군,재산세,52897726000,2
2016,충북,군,주민세,17868791000,0.67
2016,충북,군,지방소득세,99933218000,3.77
2016,충북,군,지역자원시설세,0,0
2016,충북,시,과년도수입,-1758056000,-0.01
2016,충북,시,담배소비세,89859978000,0.54
2016,충북,시,도시계획세(재산세),0,0
2016,충북,시,도축세,0,0
2016,충북,시,자동차세,194737091000,1.16
2016,충북,시,재산세,142076987000,0.85
2016,충북,시,주민세,35777673000,0.21
2016,충북,시,지방소득세,263103108000,1.57
2016,충북,시,지역자원시설세,0,0
2016,충북,시도,과년도수입,4178894000,0.01
2016,충북,시도,담배소비세,0,0
2016,충북,시도,등록면허세,43739498000,0.08
2016,충북,시도,레저세,0,0
2016,충북,시도,자동차세,0,0
2016,충북,시도,지방교육세,158881611000,0.28
2016,충북,시도,지역자원시설세,35370520000,0.06
2016,충북,시도,취득세,528271979000,0.94
2017,강원,군,과년도수입,6757377000,0.24
2017,강원,군,담배소비세,49076837000,1.76
2017,강원,군,도시계획세(재산세),0,0
2017,강원,군,도축세,0,0
2017,강원,군,자동차세,55642956000,1.99
2017,강원,군,재산세,58151207000,2.08
2017,강원,군,주민세,9379238000,0.34
2017,강원,군,지방소득세,72503511000,2.59
2017,강원,군,지역자원시설세,0,0
2017,강원,시,과년도수입,16190529000,0.09
2017,강원,시,담배소비세,87916693000,0.49
2017,강원,시,도시계획세(재산세),0,0
2017,강원,시,도축세,0,0
2017,강원,시,자동차세,166325114000,0.93
2017,강원,시,재산세,149673184000,0.84
2017,강원,시,주민세,25568920000,0.14
2017,강원,시,지방소득세,184015990000,1.03
2017,강원,시,지역자원시설세,0,0
2017,강원,시도,과년도수입,6620558000,0.01
2017,강원,시도,담배소비세,0,0
2017,강원,시도,등록면허세,35037172000,0.06
2017,강원,시도,레저세,0,0
2017,강원,시도,자동차세,0,0
2017,강원,시도,지방교육세,162279127000,0.28
2017,강원,시도,지역자원시설세,44549508000,0.08
2017,강원,시도,취득세,555339376000,0.93
2017,경기,군,과년도수입,5851085000,0.21
2017,경기,군,담배소비세,21678460000,0.78
2017,경기,군,도시계획세(재산세),0,0
2017,경기,군,도축세,0,0
2017,경기,군,자동차세,51320955000,1.84
2017,경기,군,재산세,52248600000,1.87
2017,경기,군,주민세,2963022000,0.11
2017,경기,군,지방소득세,37308241000,1.33
2017,경기,군,지역자원시설세,0,0
2017,경기,시,과년도수입,219189077000,1.23
2017,경기,시,담배소비세,846524097000,4.75
2017,경기,시,도시계획세(재산세),0,0
2017,경기,시,도축세,0,0
2017,경기,시,자동차세,1882122978000,10.56
2017,경기,시,재산세,2803982786000,15.73
2017,경기,시,주민세,428771323000,2.41
2017,경기,시,지방소득세,3305449742000,18.55
2017,경기,시,지역자원시설세,0,0
2017,경기,시도,과년도수입,-20004143000,-0.04
2017,경기,시도,담배소비세,0,0
2017,경기,시도,등록면허세,420000157000,0.71
2017,경기,시도,레저세,546708203000,0.91
2017,경기,시도,자동차세,0,0
2017,경기,시도,지방교육세,1798811188000,3.01
2017,경기,시도,지역자원시설세,330652588000,0.56
2017,경기,시도,취득세,6588669245000,11.01
2017,경남,군,과년도수입,8570904000,0.31
2017,경남,군,담배소비세,36179357000,1.29
2017,경남,군,도시계획세(재산세),0,0
2017,경남,군,도축세,0,0
2017,경남,군,자동차세,78625154000,2.81
2017,경남,군,재산세,53873918000,1.93
2017,경남,군,주민세,12089593000,0.43
2017,경남,군,지방소득세,74931999000,2.68
2017,경남,군,지역자원시설세,0,0
2017,경남,시,과년도수입,28481344000,0.16
2017,경남,시,담배소비세,213679307000,1.2
2017,경남,시,도시계획세(재산세),0,0
2017,경남,시,도축세,0,0
2017,경남,시,자동차세,506157096000,2.84
2017,경남,시,재산세,468395867000,2.63
2017,경남,시,주민세,109502455000,0.61
2017,경남,시,지방소득세,587926139000,3.3
2017,경남,시,지역자원시설세,25316454000,0.14
2017,경남,시도,과년도수입,5156658000,0.01
2017,경남,시도,담배소비세,0,0
2017,경남,시도,등록면허세,96738862000,0.16
2017,경남,시도,레저세,100428852000,0.17
2017,경남,시도,자동차세,0,0
2017,경남,시도,지방교육세,399290222000,0.67
2017,경남,시도,지역자원시설세,69991154000,0.12
2017,경남,시도,취득세,1344399285000,2.25
2017,경북,군,과년도수입,6269610000,0.22
2017,경북,군,담배소비세,48093045000,1.72
2017,경북,군,도시계획세(재산세),0,0
2017,경북,군,도축세,0,0
2017,경북,군,자동차세,93893574000,3.36
2017,경북,군,재산세,59395215000,2.12
2017,경북,군,주민세,13405445000,0.48
2017,경북,군,지방소득세,94681911000,3.39
2017,경북,군,지역자원시설세,0,0
2017,경북,시,과년도수입,20604771000,0.12
2017,경북,시,담배소비세,167061182000,0.94
2017,경북,시,도시계획세(재산세),0,0
2017,경북,시,도축세,0,0
2017,경북,시,자동차세,381664465000,2.14
2017,경북,시,재산세,302020884000,1.69
2017,경북,시,주민세,87290872000,0.49
2017,경북,시,지방소득세,572795189000,3.21
2017,경북,시,지역자원시설세,0,0
2017,경북,시도,과년도수입,-2928623000,-0.01
2017,경북,시도,담배소비세,0,0
2017,경북,시도,등록면허세,67351138000,0.12
2017,경북,시도,레저세,3041046000,0.01
2017,경북,시도,자동차세,0,0
2017,경북,시도,지방교육세,275483473000,0.46
2017,경북,시도,지역자원시설세,136487424000,0.23
2017,경북,시도,취득세,954527409000,1.6
2017,광주,시도,과년도수입,18126270000,0.03
2017,광주,시도,담배소비세,97152209000,0.16
2017,광주,시도,도시계획세(재산세),0,0
2017,광주,시도,도축세,0,0
2017,광주,시도,등록면허세,38338347000,0.06
2017,광주,시도,레저세,16007334000,0.03
2017,광주,시도,자동차세,217164035000,0.36
2017,광주,시도,재산세,171827447000,0.29
2017,광주,시도,주민세,40099764000,0.07
2017,광주,시도,지방교육세,136868833000,0.23
2017,광주,시도,지방소득세,296711079000,0.5
2017,광주,시도,지역자원시설세,28550734000,0.05
2017,광주,시도,취득세,424732125000,0.71
2017,대구,군,과년도수입,2433175000,0.09
2017,대구,군,담배소비세,15208025000,0.54
2017,대구,군,도시계획세(재산세),0,0
2017,대구,군,도축세,0,0
2017,대구,군,자동차세,35816344000,1.28
2017,대구,군,재산세,43232326000,1.55
2017,대구,군,주민세,9299258000,0.33
2017,대구,군,지방소득세,49070773000,1.76
2017,대구,군,지역자원시설세,0,0
2017,대구,시도,과년도수입,25874591000,0.05
2017,대구,시도,담배소비세,143626048000,0.24
2017,대구,시도,도시계획세(재산세),0,0
2017,대구,시도,도축세,0,0
2017,대구,시도,등록면허세,62627350000,0.11
2017,대구,시도,레저세,8379568000,0.01
2017,대구,시도,자동차세,375025641000,0.63
2017,대구,시도,재산세,340408919000,0.57
2017,대구,시도,주민세,45407631000,0.07
2017,대구,시도,지방교육세,251358878000,0.42
2017,대구,시도,지방소득세,386556832000,0.65
2017,대구,시도,지역자원시설세,50383194000,0.08
2017,대구,시도,취득세,935321540000,1.56
2017,대전,시도,과년도수입,-35387352000,-0.06
2017,대전,시도,담배소비세,96783117000,0.16
2017,대전,시도,도시계획세(재산세),0,0
2017,대전,시도,도축세,0,0
2017,대전,시도,등록면허세,34028703000,0.06
2017,대전,시도,레저세,17468038000,0.03
2017,대전,시도,자동차세,216619563000,0.36
2017,대전,시도,재산세,215334135000,0.36
2017,대전,시도,주민세,50802646000,0.09
2017,대전,시도,지방교육세,138736276000,0.23
2017,대전,시도,지방소득세,312219371000,0.52
2017,대전,시도,지역자원시설세,31501499000,0.05
2017,대전,시도,취득세,403039775000,0.67
2017,부산,군,과년도수입,2851264000,0.1
2017,부산,군,담배소비세,10291004000,0.37
2017,부산,군,도시계획세(재산세),0,0
2017,부산,군,도축세,0,0
2017,부산,군,자동차세,18385263000,0.66
2017,부산,군,재산세,52075737000,1.86
2017,부산,군,주민세,5391695000,0.19
2017,부산,군,지방소득세,45069461000,1.61
2017,부산,군,지역자원시설세,0,0
2017,부산,시도,과년도수입,35729646000,0.06
2017,부산,시도,담배소비세,211146964000,0.35
2017,부산,시도,도시계획세(재산세),0,0
2017,부산,시도,도축세,0,0
2017,부산,시도,등록면허세,97424195000,0.16
2017,부산,시도,레저세,108126224000,0.18
2017,부산,시도,자동차세,555365203000,0.93
2017,부산,시도,재산세,550863844000,0.92
2017,부산,시도,주민세,87636029000,0.15
2017,부산,시도,지방교육세,397520315000,0.66
2017,부산,시도,지방소득세,684502100000,1.14
2017,부산,시도,지역자원시설세,108077445000,0.18
2017,부산,시도,취득세,1415072718000,2.36
2017,서울,시도,과년도수입,227062485000,0.38
2017,서울,시도,담배소비세,634735618000,1.06
2017,서울,시도,도시계획세(재산세),-291919000,0
2017,서울,시도,등록면허세,390896046000,0.65
2017,서울,시도,레저세,140860935000,0.24
2017,서울,시도,자동차세,1083783583000,1.81
2017,서울,시도,재산세,3359334438000,5.62
2017,서울,시도,주민세,493693306000,0.83
2017,서울,시도,지방교육세,1453765336000,2.43
2017,서울,시도,지방소득세,4642182160000,7.76
2017,서울,시도,지역자원시설세,269843653000,0.45
2017,서울,시도,취득세,5295210816000,8.86
2017,세종,시도,과년도수입,3433705000,0.01
2017,세종,시도,담배소비세,15146026000,0.03
2017,세종,시도,도시계획세(재산세),0,0
2017,세종,시도,도축세,0,0
2017,세종,시도,등록면허세,13496582000,0.02
2017,세종,시도,레저세,0,0
2017,세종,시도,자동차세,35765091000,0.06
2017,세종,시도,재산세,65970549000,0.11
2017,세종,시도,주민세,7615244000,0.01
2017,세종,시도,지방교육세,49643406000,0.08
2017,세종,시도,지방소득세,71160253000,0.12
2017,세종,시도,지역자원시설세,8630205000,0.01
2017,세종,시도,취득세,331831403000,0.55
2017,울산,군,과년도수입,383968000,0.01
2017,울산,군,담배소비세,18596060000,0.67
2017,울산,군,도시계획세(재산세),0,0
2017,울산,군,도축세,0,0
2017,울산,군,자동차세,56041587000,2
2017,울산,군,재산세,56568621000,2.02
2017,울산,군,주민세,16892207000,0.6
2017,울산,군,지방소득세,141733988000,5.07
2017,울산,군,지역자원시설세,0,0
2017,울산,시도,과년도수입,-1629827000,-0.01
2017,울산,시도,담배소비세,69475078000,0.12
2017,울산,시도,도시계획세(재산세),0,0
2017,울산,시도,도축세,0,0
2017,울산,시도,등록면허세,34565290000,0.06
2017,울산,시도,레저세,0,0
2017,울산,시도,자동차세,140595910000,0.24
2017,울산,시도,재산세,167592405000,0.28
2017,울산,시도,주민세,58825351000,0.1
2017,울산,시도,지방교육세,133957145000,0.22
2017,울산,시도,지방소득세,368711605000,0.62
2017,울산,시도,지역자원시설세,50383226000,0.09
2017,울산,시도,취득세,479776910000,0.8
2017,인천,군,과년도수입,1215925000,0.04
2017,인천,군,담배소비세,7319725000,0.26
2017,인천,군,도시계획세(재산세),0,0
2017,인천,군,도축세,0,0
2017,인천,군,자동차세,11694277000,0.42
2017,인천,군,재산세,17907588000,0.64
2017,인천,군,주민세,1569920000,0.06
2017,인천,군,지방소득세,16151872000,0.58
2017,인천,군,지역자원시설세,0,0
2017,인천,시도,과년도수입,28893018000,0.05
2017,인천,시도,담배소비세,192676253000,0.32
2017,인천,시도,도시계획세(재산세),0,0
2017,인천,시도,도축세,0,0
2017,인천,시도,등록면허세,88108170000,0.15
2017,인천,시도,레저세,21787760000,0.04
2017,인천,시도,자동차세,400742862000,0.67
2017,인천,시도,재산세,590878738000,0.99
2017,인천,시도,주민세,86771528000,0.14
2017,인천,시도,지방교육세,356704993000,0.6
2017,인천,시도,지방소득세,569078925000,0.95
2017,인천,시도,지역자원시설세,92277155000,0.15
2017,인천,시도,취득세,1630878267000,2.73
2017,전남,군,과년도수입,7702135000,0.28
2017,전남,군,담배소비세,56490759000,2.02
2017,전남,군,도시계획세(재산세),0,0
2017,전남,군,도축세,0,0
2017,전남,군,자동차세,157354026000,5.63
2017,전남,군,재산세,67412454000,2.41
2017,전남,군,주민세,17718175000,0.63
2017,전남,군,지방소득세,109528218000,3.92
2017,전남,군,지역자원시설세,0,0
2017,전남,시,과년도수입,7613115000,0.04
2017,전남,시,담배소비세,74816743000,0.42
2017,전남,시,도시계획세(재산세),0,0
2017,전남,시,도축세,0,0
2017,전남,시,자동차세,201533650000,1.13
2017,전남,시,재산세,139272796000,0.78
2017,전남,시,주민세,38256501000,0.21
2017,전남,시,지방소득세,313343308000,1.76
2017,전남,시,지역자원시설세,0,0
2017,전남,시도,과년도수입,4681042000,0.01
2017,전남,시도,담배소비세,0,0
2017,전남,시도,등록면허세,43502439000,0.07
2017,전남,시도,레저세,0,0
2017,전남,시도,자동차세,0,0
2017,전남,시도,지방교육세,162432726000,0.27
2017,전남,시도,지역자원시설세,84912092000,0.14
2017,전남,시도,취득세,550904204000,0.92
2017,전북,군,과년도수입,2498551000,0.09
2017,전북,군,담배소비세,22766820000,0.81
2017,전북,군,도시계획세(재산세),0,0
2017,전북,군,도축세,0,0
2017,전북,군,자동차세,54266674000,1.94
2017,전북,군,재산세,29572574000,1.06
2017,전북,군,주민세,9926772000,0.36
2017,전북,군,지방소득세,54721885000,1.96
2017,전북,군,지역자원시설세,0,0
2017,전북,시,과년도수입,20161175000,0.11
2017,전북,시,담배소비세,100298592000,0.56
2017,전북,시,도시계획세(재산세),0,0
2017,전북,시,도축세,0,0
2017,전북,시,자동차세,272002842000,1.53
2017,전북,시,재산세,162629539000,0.91
2017,전북,시,주민세,34855316000,0.2
2017,전북,시,지방소득세,207440817000,1.16
2017,전북,시,지역자원시설세,0,0
2017,전북,시도,과년도수입,6439355000,0.01
2017,전북,시도,담배소비세,0,0
2017,전북,시도,등록면허세,42625044000,0.07
2017,전북,시도,레저세,0,0
2017,전북,시도,자동차세,0,0
2017,전북,시도,지방교육세,157353321000,0.27
2017,전북,시도,지역자원시설세,33006842000,0.06
2017,전북,시도,취득세,497750845000,0.84
2017,제주,시,과년도수입,15399000,0
2017,제주,시,담배소비세,62867490000,0.35
2017,제주,시,자동차세,115013346000,0.65
2017,제주,시,재산세,131868422000,0.74
2017,제주,시,주민세,13529615000,0.08
2017,제주,시,지방소득세,182402960000,1.02
2017,제주,시,지역자원시설세,0,0
2017,제주,시도,과년도수입,9240782000,0.02
2017,제주,시도,도시계획세(재산세),0,0
2017,제주,시도,도축세,0,0
2017,제주,시도,등록면허세,35938495000,0.06
2017,제주,시도,레저세,68089419000,0.11
2017,제주,시도,지방교육세,132760396000,0.22
2017,제주,시도,지역자원시설세,14907514000,0.02
2017,제주,시도,취득세,549891406000,0.92
2017,충남,군,과년도수입,5177965000,0.19
2017,충남,군,담배소비세,35301632000,1.26
2017,충남,군,도시계획세(재산세),0,0
2017,충남,군,도축세,0,0
2017,충남,군,자동차세,79618420000,2.85
2017,충남,군,재산세,61277698000,2.19
2017,충남,군,주민세,11649389000,0.42
2017,충남,군,지방소득세,74927686000,2.68
2017,충남,군,지역자원시설세,0,0
2017,충남,시,과년도수입,18838653000,0.11
2017,충남,시,담배소비세,142355567000,0.8
2017,충남,시,도시계획세(재산세),0,0
2017,충남,시,도축세,0,0
2017,충남,시,자동차세,263080477000,1.48
2017,충남,시,재산세,284745719000,1.6
2017,충남,시,주민세,86271064000,0.48
2017,충남,시,지방소득세,620358451000,3.48
2017,충남,시,지역자원시설세,0,0
2017,충남,시도,과년도수입,4125776000,0.01
2017,충남,시도,담배소비세,0,0
2017,충남,시도,등록면허세,64457866000,0.11
2017,충남,시도,레저세,20110270000,0.03
2017,충남,시도,자동차세,0,0
2017,충남,시도,지방교육세,255423766000,0.43
2017,충남,시도,지역자원시설세,96307486000,0.16
2017,충남,시도,취득세,962388734000,1.61
2017,충북,군,과년도수입,3212009000,0.11
2017,충북,군,담배소비세,39007388000,1.4
2017,충북,군,도시계획세(재산세),0,0
2017,충북,군,도축세,0,0
2017,충북,군,자동차세,72319252000,2.59
2017,충북,군,재산세,54717812000,1.96
2017,충북,군,주민세,19496482000,0.7
2017,충북,군,지방소득세,110735155000,3.96
2017,충북,군,지역자원시설세,0,0
2017,충북,시,과년도수입,16977508000,0.1
2017,충북,시,담배소비세,86360963000,0.48
2017,충북,시,도시계획세(재산세),0,0
2017,충북,시,도축세,0,0
2017,충북,시,자동차세,194269338000,1.09
2017,충북,시,재산세,150860626000,0.85
2017,충북,시,주민세,38510168000,0.22
2017,충북,시,지방소득세,253293365000,1.42
2017,충북,시,지역자원시설세,0,0
2017,충북,시도,과년도수입,-1386898000,0
2017,충북,시도,담배소비세,0,0
2017,충북,시도,등록면허세,42594861000,0.07
2017,충북,시도,레저세,0,0
2017,충북,시도,자동차세,0,0
2017,충북,시도,지방교육세,160577374000,0.27
2017,충북,시도,지역자원시설세,36828825000,0.06
2017,충북,시도,취득세,566950782000,0.95
2018,강원,군,과년도수입,3325161000,0.12
2018,강원,군,담배소비세,47099705000,1.69
2018,강원,군,도시계획세(재산세),0,0
2018,강원,군,도축세,0,0
2018,강원,군,자동차세,54974473000,1.97
2018,강원,군,재산세,61653004000,2.21
2018,강원,군,주민세,9696584000,0.35
2018,강원,군,지방소득세,70412830000,2.52
2018,강원,군,지역자원시설세,0,0
2018,강원,시,과년도수입,15492432000,0.08
2018,강원,시,담배소비세,86290285000,0.45
2018,강원,시,도시계획세(재산세),0,0
2018,강원,시,도축세,0,0
2018,강원,시,자동차세,173316559000,0.91
2018,강원,시,재산세,162892144000,0.85
2018,강원,시,주민세,27130337000,0.14
2018,강원,시,지방소득세,197343027000,1.03
2018,강원,시,지역자원시설세,0,0
2018,강원,시도,과년도수입,5228677000,0
2018,강원,시도,담배소비세,0,0
2018,강원,시도,등록면허세,39075376000,0.06
2018,강원,시도,레저세,0,0
2018,강원,시도,자동차세,0,0
2018,강원,시도,지방교육세,169546094000,0.28
2018,강원,시도,지역자원시설세,48901945000,0.08
2018,강원,시도,취득세,620273060000,1
2018,경기,군,과년도수입,3311591000,0.12
2018,경기,군,담배소비세,21331634000,0.76
2018,경기,군,도시계획세(재산세),0,0
2018,경기,군,도축세,0,0
2018,경기,군,자동차세,54832713000,1.97
2018,경기,군,재산세,54147472000,1.94
2018,경기,군,주민세,3100197000,0.11
2018,경기,군,지방소득세,41686882000,1.49
2018,경기,군,지역자원시설세,0,0
2018,경기,시,과년도수입,169702721000,0.89
2018,경기,시,담배소비세,838855823000,4.4
2018,경기,시,도시계획세(재산세),0,0
2018,경기,시,도축세,0,0
2018,경기,시,자동차세,1783539308000,9.35
2018,경기,시,재산세,2988141490000,15.67
2018,경기,시,주민세,466264508000,2.44
2018,경기,시,지방소득세,4262629591000,22.35
2018,경기,시,지역자원시설세,0,0
2018,경기,시도,과년도수입,-48274037000,-0.08
2018,경기,시도,담배소비세,0,0
2018,경기,시도,등록면허세,467798811000,0.75
2018,경기,시도,레저세,534598699000,0.86
2018,경기,시도,자동차세,0,0
2018,경기,시도,지방교육세,1906782492000,3.06
2018,경기,시도,지역자원시설세,372997266000,0.6
2018,경기,시도,취득세,7452479924000,11.94
2018,경남,군,과년도수입,2679507000,0.1
2018,경남,군,담배소비세,34140722000,1.22
2018,경남,군,도시계획세(재산세),0,0
2018,경남,군,도축세,0,0
2018,경남,군,자동차세,68999199000,2.47
2018,경남,군,재산세,57110198000,2.05
2018,경남,군,주민세,12630301000,0.45
2018,경남,군,지방소득세,66198661000,2.37
2018,경남,군,지역자원시설세,0,0
2018,경남,시,과년도수입,28953101000,0.15
2018,경남,시,담배소비세,199442659000,1.05
2018,경남,시,도시계획세(재산세),0,0
2018,경남,시,도축세,0,0
2018,경남,시,자동차세,495426383000,2.6
2018,경남,시,재산세,499995150000,2.62
2018,경남,시,주민세,109913803000,0.58
2018,경남,시,지방소득세,575919523000,3.02
2018,경남,시,지역자원시설세,27536471000,0.14
2018,경남,시도,과년도수입,4238607000,0
2018,경남,시도,담배소비세,0,0
2018,경남,시도,등록면허세,99066236000,0.16
2018,경남,시도,레저세,95587643000,0.15
2018,경남,시도,자동차세,0,0
2018,경남,시도,지방교육세,384386880000,0.61
2018,경남,시도,지역자원시설세,75086962000,0.12
2018,경남,시도,취득세,1182440919000,1.9
2018,경북,군,과년도수입,4416684000,0.16
2018,경북,군,담배소비세,44859320000,1.61
2018,경북,군,도시계획세(재산세),0,0
2018,경북,군,도축세,0,0
2018,경북,군,자동차세,95267703000,3.41
2018,경북,군,재산세,65952376000,2.36
2018,경북,군,주민세,13713783000,0.49
2018,경북,군,지방소득세,89464690000,3.21
2018,경북,군,지역자원시설세,0,0
2018,경북,시,과년도수입,-3899873000,-0.02
2018,경북,시,담배소비세,156323853000,0.82
2018,경북,시,도시계획세(재산세),0,0
2018,경북,시,도축세,0,0
2018,경북,시,자동차세,344873222000,1.81
2018,경북,시,재산세,321289694000,1.68
2018,경북,시,주민세,92669918000,0.49
2018,경북,시,지방소득세,629065181000,3.3
2018,경북,시,지역자원시설세,0,0
2018,경북,시도,과년도수입,-671194000,-0.01
2018,경북,시도,담배소비세,0,0
2018,경북,시도,등록면허세,75472833000,0.12
2018,경북,시도,레저세,2730841000,0
2018,경북,시도,자동차세,0,0
2018,경북,시도,지방교육세,269281818000,0.43
2018,경북,시도,지역자원시설세,130710390000,0.21
2018,경북,시도,취득세,854121366000,1.36
2018,광주,시도,과년도수입,17434985000,0.03
2018,광주,시도,담배소비세,94225986000,0.15
2018,광주,시도,도시계획세(재산세),0,0
2018,광주,시도,도축세,0,0
2018,광주,시도,등록면허세,42701237000,0.07
2018,광주,시도,레저세,15874323000,0.03
2018,광주,시도,자동차세,236327180000,0.38
2018,광주,시도,재산세,186084525000,0.3
2018,광주,시도,주민세,42914367000,0.07
2018,광주,시도,지방교육세,142456492000,0.23
2018,광주,시도,지방소득세,347276371000,0.56
2018,광주,시도,지역자원시설세,30178539000,0.05
2018,광주,시도,취득세,460644534000,0.74
2018,대구,군,과년도수입,3024978000,0.11
2018,대구,군,담배소비세,15287851000,0.55
2018,대구,군,도시계획세(재산세),163000,0
2018,대구,군,도축세,0,0
2018,대구,군,자동차세,36624048000,1.31
2018,대구,군,재산세,48629168000,1.74
2018,대구,군,주민세,10517751000,0.38
2018,대구,군,지방소득세,53246243000,1.91
2018,대구,군,지역자원시설세,0,0
2018,대구,시도,과년도수입,21472531000,0.04
2018,대구,시도,담배소비세,134209300000,0.21
2018,대구,시도,도시계획세(재산세),0,0
2018,대구,시도,도축세,0,0
2018,대구,시도,등록면허세,63750654000,0.1
2018,대구,시도,레저세,8039602000,0.01
2018,대구,시도,자동차세,369871141000,0.59
2018,대구,시도,재산세,370304104000,0.59
2018,대구,시도,주민세,48287127000,0.08
2018,대구,시도,지방교육세,254716418000,0.41
2018,대구,시도,지방소득세,436609771000,0.7
2018,대구,시도,지역자원시설세,53706640000,0.08
2018,대구,시도,취득세,925035572000,1.48
2018,대전,시도,과년도수입,14560798000,0.03
2018,대전,시도,담배소비세,92374544000,0.15
2018,대전,시도,도시계획세(재산세),0,0
2018,대전,시도,도축세,0,0
2018,대전,시도,등록면허세,33438309000,0.05
2018,대전,시도,레저세,17289635000,0.03
2018,대전,시도,자동차세,219384196000,0.35
2018,대전,시도,재산세,225962245000,0.36
2018,대전,시도,주민세,53860132000,0.09
2018,대전,시도,지방교육세,137638716000,0.22
2018,대전,시도,지방소득세,281378667000,0.45
2018,대전,시도,지역자원시설세,33720151000,0.05
2018,대전,시도,취득세,393556074000,0.63
2018,부산,군,과년도수입,1400345000,0.05
2018,부산,군,담배소비세,10177957000,0.36
2018,부산,군,도시계획세(재산세),0,0
2018,부산,군,도축세,0,0
2018,부산,군,자동차세,18169656000,0.65
2018,부산,군,재산세,53414332000,1.91
2018,부산,군,주민세,5887268000,0.21
2018,부산,군,지방소득세,38702749000,1.39
2018,부산,군,지역자원시설세,0,0
2018,부산,시도,과년도수입,20795601000,0.03
2018,부산,시도,담배소비세,197863499000,0.32
2018,부산,시도,도시계획세(재산세),0,0
2018,부산,시도,도축세,0,0
2018,부산,시도,등록면허세,104330312000,0.17
2018,부산,시도,레저세,103852938000,0.17
2018,부산,시도,자동차세,534506404000,0.86
2018,부산,시도,재산세,616790395000,0.99
2018,부산,시도,주민세,91841110000,0.15
2018,부산,시도,지방교육세,388452727000,0.63
2018,부산,시도,지방소득세,793325579000,1.27
2018,부산,시도,지역자원시설세,119797808000,0.2
2018,부산,시도,취득세,1268761860000,2.03
2018,서울,시도,과년도수입,216408623000,0.35
2018,서울,시도,담배소비세,607909525000,0.97
2018,서울,시도,도시계획세(재산세),-45011000,0
2018,서울,시도,등록면허세,398188805000,0.64
2018,서울,시도,레저세,135150252000,0.22
2018,서울,시도,자동차세,1275545649000,2.04
2018,서울,시도,재산세,3675808738000,5.89
2018,서울,시도,주민세,529529895000,0.85
2018,서울,시도,지방교육세,1472236912000,2.36
2018,서울,시도,지방소득세,5504643871000,8.81
2018,서울,시도,지역자원시설세,289133565000,0.46
2018,서울,시도,취득세,5191737292000,8.31
2018,세종,시도,과년도수입,3641716000,0.01
2018,세종,시도,담배소비세,17369065000,0.03
2018,세종,시도,도시계획세(재산세),0,0
2018,세종,시도,도축세,0,0
2018,세종,시도,등록면허세,12919601000,0.02
2018,세종,시도,레저세,0,0
2018,세종,시도,자동차세,42411845000,0.07
2018,세종,시도,재산세,77651300000,0.12
2018,세종,시도,주민세,8231113000,0.01
2018,세종,시도,지방교육세,49528654000,0.08
2018,세종,시도,지방소득세,76701580000,0.12
2018,세종,시도,지역자원시설세,10672850000,0.02
2018,세종,시도,취득세,294644261000,0.47
2018,울산,군,과년도수입,155514000,0.01
2018,울산,군,담배소비세,17872653000,0.64
2018,울산,군,도시계획세(재산세),0,0
2018,울산,군,도축세,0,0
2018,울산,군,자동차세,54924012000,1.97
2018,울산,군,재산세,64098638000,2.3
2018,울산,군,주민세,18744582000,0.67
2018,울산,군,지방소득세,147865153000,5.3
2018,울산,군,지역자원시설세,0,0
2018,울산,시도,과년도수입,-16139977000,-0.03
2018,울산,시도,담배소비세,64089504000,0.1
2018,울산,시도,도시계획세(재산세),0,0
2018,울산,시도,도축세,0,0
2018,울산,시도,등록면허세,32781621000,0.06
2018,울산,시도,레저세,0,0
2018,울산,시도,자동차세,156988036000,0.25
2018,울산,시도,재산세,178905182000,0.29
2018,울산,시도,주민세,62931428000,0.1
2018,울산,시도,지방교육세,129193045000,0.21
2018,울산,시도,지방소득세,369941639000,0.59
2018,울산,시도,지역자원시설세,48341827000,0.08
2018,울산,시도,취득세,434267885000,0.7
2018,인천,군,과년도수입,1370958000,0.05
2018,인천,군,담배소비세,7444603000,0.27
2018,인천,군,도시계획세(재산세),0,0
2018,인천,군,도축세,0,0
2018,인천,군,자동차세,11221117000,0.4
2018,인천,군,재산세,18771504000,0.67
2018,인천,군,주민세,1719785000,0.06
2018,인천,군,지방소득세,11882859000,0.43
2018,인천,군,지역자원시설세,0,0
2018,인천,시도,과년도수입,-11872861000,-0.02
2018,인천,시도,담배소비세,190214672000,0.3
2018,인천,시도,도시계획세(재산세),0,0
2018,인천,시도,도축세,0,0
2018,인천,시도,등록면허세,93794658000,0.15
2018,인천,시도,레저세,21461781000,0.03
2018,인천,시도,자동차세,484995343000,0.78
2018,인천,시도,재산세,632804327000,1.01
2018,인천,시도,주민세,93241052000,0.15
2018,인천,시도,지방교육세,355794973000,0.57
2018,인천,시도,지방소득세,624116198000,1
2018,인천,시도,지역자원시설세,98588322000,0.16
2018,인천,시도,취득세,1524462286000,2.44
2018,전남,군,과년도수입,6484915000,0.23
2018,전남,군,담배소비세,56006939000,2.01
2018,전남,군,도시계획세(재산세),0,0
2018,전남,군,도축세,0,0
2018,전남,군,자동차세,146326005000,5.24
2018,전남,군,재산세,71689002000,2.57
2018,전남,군,주민세,17762171000,0.64
2018,전남,군,지방소득세,104438184000,3.74
2018,전남,군,지역자원시설세,0,0
2018,전남,시,과년도수입,1897676000,0.01
2018,전남,시,담배소비세,72549831000,0.38
2018,전남,시,도시계획세(재산세),0,0
2018,전남,시,도축세,0,0
2018,전남,시,자동차세,204780913000,1.07
2018,전남,시,재산세,152118922000,0.8
2018,전남,시,주민세,42728373000,0.22
2018,전남,시,지방소득세,350360732000,1.84
2018,전남,시,지역자원시설세,0,0
2018,전남,시도,과년도수입,6792483000,0.01
2018,전남,시도,담배소비세,0,0
2018,전남,시도,등록면허세,52006556000,0.08
2018,전남,시도,레저세,0,0
2018,전남,시도,자동차세,0,0
2018,전남,시도,지방교육세,167982211000,0.27
2018,전남,시도,지역자원시설세,83436495000,0.13
2018,전남,시도,취득세,566510331000,0.91
2018,전북,군,과년도수입,1146018000,0.04
2018,전북,군,담배소비세,22086242000,0.79
2018,전북,군,도시계획세(재산세),31000,0
2018,전북,군,도축세,0,0
2018,전북,군,자동차세,61603980000,2.21
2018,전북,군,재산세,31875801000,1.14
2018,전북,군,주민세,10810246000,0.39
2018,전북,군,지방소득세,53626290000,1.92
2018,전북,군,지역자원시설세,0,0
2018,전북,시,과년도수입,849183000,0
2018,전북,시,담배소비세,96198122000,0.5
2018,전북,시,도시계획세(재산세),61000,0
2018,전북,시,도축세,0,0
2018,전북,시,자동차세,241442091000,1.27
2018,전북,시,재산세,174783345000,0.92
2018,전북,시,주민세,36665402000,0.19
2018,전북,시,지방소득세,219863373000,1.15
2018,전북,시,지역자원시설세,0,0
2018,전북,시도,과년도수입,7265563000,0.01
2018,전북,시도,담배소비세,0,0
2018,전북,시도,등록면허세,51013556000,0.08
2018,전북,시도,레저세,0,0
2018,전북,시도,자동차세,0,0
2018,전북,시도,지방교육세,161803177000,0.25
2018,전북,시도,지역자원시설세,35755952000,0.06
2018,전북,시도,취득세,533317964000,0.85
2018,제주,시,과년도수입,-1401504000,-0.01
2018,제주,시,담배소비세,59428876000,0.31
2018,제주,시,자동차세,112912177000,0.59
2018,제주,시,재산세,150444127000,0.79
2018,제주,시,주민세,13719889000,0.07
2018,제주,시,지방소득세,185647219000,0.97
2018,제주,시,지역자원시설세,0,0
2018,제주,시도,과년도수입,12420669000,0.02
2018,제주,시도,도시계획세(재산세),0,0
2018,제주,시도,도축세,0,0
2018,제주,시도,등록면허세,36450936000,0.06
2018,제주,시도,레저세,62836396000,0.1
2018,제주,시도,지방교육세,129237536000,0.21
2018,제주,시도,지역자원시설세,17194867000,0.03
2018,제주,시도,취득세,537843166000,0.86
2018,충남,군,과년도수입,4929028000,0.18
2018,충남,군,담배소비세,33277656000,1.19
2018,충남,군,도시계획세(재산세),0,0
2018,충남,군,도축세,0,0
2018,충남,군,자동차세,77638953000,2.78
2018,충남,군,재산세,65100851000,2.33
2018,충남,군,주민세,12277056000,0.44
2018,충남,군,지방소득세,70947219000,2.54
2018,충남,군,지역자원시설세,0,0
2018,충남,시,과년도수입,20994073000,0.11
2018,충남,시,담배소비세,136762858000,0.72
2018,충남,시,도시계획세(재산세),0,0
2018,충남,시,도축세,0,0
2018,충남,시,자동차세,262584717000,1.38
2018,충남,시,재산세,306588705000,1.61
2018,충남,시,주민세,93144792000,0.49
2018,충남,시,지방소득세,650362947000,3.41
2018,충남,시,지역자원시설세,0,0
2018,충남,시도,과년도수입,2346295000,0.01
2018,충남,시도,담배소비세,0,0
2018,충남,시도,등록면허세,69685845000,0.11
2018,충남,시도,레저세,19014736000,0.03
2018,충남,시도,자동차세,0,0
2018,충남,시도,지방교육세,258281729000,0.41
2018,충남,시도,지역자원시설세,108623682000,0.17
2018,충남,시도,취득세,957899750000,1.54
2018,충북,군,과년도수입,2407166000,0.09
2018,충북,군,담배소비세,38304188000,1.37
2018,충북,군,도시계획세(재산세),0,0
2018,충북,군,도축세,0,0
2018,충북,군,자동차세,72362514000,2.59
2018,충북,군,재산세,59302287000,2.13
2018,충북,군,주민세,21619003000,0.77
2018,충북,군,지방소득세,115748659000,4.15
2018,충북,군,지역자원시설세,0,0
2018,충북,시,과년도수입,16326179000,0.09
2018,충북,시,담배소비세,85563266000,0.45
2018,충북,시,도시계획세(재산세),0,0
2018,충북,시,도축세,0,0
2018,충북,시,자동차세,195888235000,1.03
2018,충북,시,재산세,159836292000,0.84
2018,충북,시,주민세,43243871000,0.23
2018,충북,시,지방소득세,336251160000,1.76
2018,충북,시,지역자원시설세,0,0
2018,충북,시도,과년도수입,1241077000,0
2018,충북,시도,담배소비세,0,0
2018,충북,시도,등록면허세,45742051000,0.07
2018,충북,시도,레저세,0,0
2018,충북,시도,자동차세,0,0
2018,충북,시도,지방교육세,166556913000,0.27
2018,충북,시도,지역자원시설세,41158337000,0.07
2018,충북,시도,취득세,615504344000,0.98
2019,강원,군,과년도수입,5711872000,0.2
2019,강원,군,담배소비세,44845176000,1.57
2019,강원,군,도시계획세(재산세),0,0
2019,강원,군,자동차세,55920472000,1.96
2019,강원,군,재산세,63806129000,2.23
2019,강원,군,주민세,10119153000,0.35
2019,강원,군,지방소득세,67664884000,2.37
2019,강원,군,지역자원시설세,0,0
2019,강원,시,과년도수입,10207266000,0.05
2019,강원,시,담배소비세,83932633000,0.42
2019,강원,시,도시계획세(재산세),0,0
2019,강원,시,도축세,0,0
2019,강원,시,자동차세,166144148000,0.82
2019,강원,시,재산세,174264900000,0.86
2019,강원,시,주민세,29455897000,0.15
2019,강원,시,지방소득세,188351395000,0.93
2019,강원,시,지역자원시설세,0,0
2019,강원,시도,과년도수입,1054660000,0
2019,강원,시도,담배소비세,0,0
2019,강원,시도,등록면허세,42038268000,0.06
2019,강원,시도,레저세,0,0
2019,강원,시도,자동차세,0,0
2019,강원,시도,지방교육세,166840896000,0.25
2019,강원,시도,지역자원시설세,48615051000,0.08
2019,강원,시도,취득세,566992362000,0.84
2019,경기,군,과년도수입,4039729000,0.14
2019,경기,군,담배소비세,19429780000,0.68
2019,경기,군,도시계획세(재산세),0,0
2019,경기,군,자동차세,63524505000,2.22
2019,경기,군,재산세,56694004000,1.99
2019,경기,군,주민세,3318914000,0.12
2019,경기,군,지방소득세,40452740000,1.42
2019,경기,군,지역자원시설세,0,0
2019,경기,시,과년도수입,208328956000,1.03
2019,경기,시,담배소비세,813238175000,4.03
2019,경기,시,도시계획세(재산세),330000,0
2019,경기,시,도축세,0,0
2019,경기,시,자동차세,1821451693000,9.02
2019,경기,시,재산세,3254167190000,16.11
2019,경기,시,주민세,504571474000,2.5
2019,경기,시,지방소득세,4678849450000,23.16
2019,경기,시,지역자원시설세,0,0
2019,경기,시도,과년도수입,-66635565000,-0.1
2019,경기,시도,담배소비세,0,0
2019,경기,시도,등록면허세,503699316000,0.75
2019,경기,시도,레저세,519768217000,0.77
2019,경기,시도,자동차세,0,0
2019,경기,시도,지방교육세,1920701926000,2.85
2019,경기,시도,지역자원시설세,392714442000,0.59
2019,경기,시도,취득세,7329525793000,10.88
2019,경남,군,과년도수입,6208466000,0.22
2019,경남,군,담배소비세,34458023000,1.21
2019,경남,군,도시계획세(재산세),0,0
2019,경남,군,자동차세,75782595000,2.65
2019,경남,군,재산세,61956398000,2.17
2019,경남,군,주민세,13413419000,0.47
2019,경남,군,지방소득세,64370105000,2.25
2019,경남,군,지역자원시설세,0,0
2019,경남,시,과년도수입,28937476000,0.14
2019,경남,시,담배소비세,195052209000,0.97
2019,경남,시,도시계획세(재산세),0,0
2019,경남,시,자동차세,498420368000,2.47
2019,경남,시,재산세,528180212000,2.61
2019,경남,시,주민세,113965420000,0.56
2019,경남,시,지방소득세,574474770000,2.84
2019,경남,시,지역자원시설세,27302332000,0.14
2019,경남,시도,과년도수입,1037390000,0
2019,경남,시도,담배소비세,0,0
2019,경남,시도,등록면허세,106855445000,0.16
2019,경남,시도,레저세,84909945000,0.13
2019,경남,시도,자동차세,0,0
2019,경남,시도,지방교육세,391724269000,0.58
2019,경남,시도,지역자원시설세,76655591000,0.12
2019,경남,시도,취득세,1251609675000,1.86
2019,경북,군,과년도수입,7521503000,0.26
2019,경북,군,담배소비세,43803724000,1.53
2019,경북,군,도시계획세(재산세),0,0
2019,경북,군,자동차세,90920862000,3.18
2019,경북,군,재산세,71459694000,2.5
2019,경북,군,주민세,14200972000,0.5
2019,경북,군,지방소득세,79844105000,2.8
2019,경북,군,지역자원시설세,0,0
2019,경북,시,과년도수입,19277013000,0.1
2019,경북,시,담배소비세,155187523000,0.77
2019,경북,시,도시계획세(재산세),0,0
2019,경북,시,자동차세,374942428000,1.86
2019,경북,시,재산세,336363684000,1.66
2019,경북,시,주민세,94080325000,0.47
2019,경북,시,지방소득세,623845545000,3.09
2019,경북,시,지역자원시설세,0,0
2019,경북,시도,과년도수입,5037735000,0
2019,경북,시도,담배소비세,0,0
2019,경북,시도,등록면허세,76077560000,0.11
2019,경북,시도,레저세,2671779000,0
2019,경북,시도,자동차세,0,0
2019,경북,시도,지방교육세,267351871000,0.39
2019,경북,시도,지역자원시설세,141348547000,0.21
2019,경북,시도,취득세,775930154000,1.15
2019,광주,시도,과년도수입,19827712000,0.03
2019,광주,시도,담배소비세,92058111000,0.14
2019,광주,시도,도시계획세(재산세),0,0
2019,광주,시도,등록면허세,48761119000,0.07
2019,광주,시도,레저세,15756904000,0.02
2019,광주,시도,자동차세,216479956000,0.32
2019,광주,시도,재산세,205936049000,0.31
2019,광주,시도,주민세,44577689000,0.07
2019,광주,시도,지방교육세,147918653000,0.22
2019,광주,시도,지방소득세,350681126000,0.52
2019,광주,시도,지역자원시설세,31667854000,0.05
2019,광주,시도,취득세,494593655000,0.73
2019,대구,군,과년도수입,3215732000,0.11
2019,대구,군,담배소비세,15503782000,0.54
2019,대구,군,도시계획세(재산세),0,0
2019,대구,군,자동차세,50700112000,1.78
2019,대구,군,재산세,53603710000,1.88
2019,대구,군,주민세,11616606000,0.41
2019,대구,군,지방소득세,55360285000,1.94
2019,대구,군,지역자원시설세,0,0
2019,대구,시도,과년도수입,26328210000,0.04
2019,대구,시도,담배소비세,130398468000,0.19
2019,대구,시도,도시계획세(재산세),0,0
2019,대구,시도,등록면허세,67666873000,0.1
2019,대구,시도,레저세,7991931000,0.01
2019,대구,시도,자동차세,356407017000,0.53
2019,대구,시도,재산세,404295570000,0.6
2019,대구,시도,주민세,51063184000,0.08
2019,대구,시도,지방교육세,256834986000,0.38
2019,대구,시도,지방소득세,443855184000,0.66
2019,대구,시도,지역자원시설세,56250025000,0.08
2019,대구,시도,취득세,899652460000,1.33
2019,대전,시도,과년도수입,17151148000,0.03
2019,대전,시도,담배소비세,90224623000,0.13
2019,대전,시도,도시계획세(재산세),0,0
2019,대전,시도,등록면허세,38965995000,0.06
2019,대전,시도,레저세,16325087000,0.02
2019,대전,시도,자동차세,218174255000,0.32
2019,대전,시도,재산세,238258043000,0.35
2019,대전,시도,주민세,56516739000,0.09
2019,대전,시도,지방교육세,144631434000,0.21
2019,대전,시도,지방소득세,335776675000,0.5
2019,대전,시도,지역자원시설세,33865381000,0.05
2019,대전,시도,취득세,438461536000,0.65
2019,부산,군,과년도수입,-175195000,-0.01
2019,부산,군,담배소비세,10051199000,0.35
2019,부산,군,도시계획세(재산세),0,0
2019,부산,군,자동차세,21992397000,0.77
2019,부산,군,재산세,57278111000,2.01
2019,부산,군,주민세,6105602000,0.21
2019,부산,군,지방소득세,32373823000,1.13
2019,부산,군,지역자원시설세,0,0
2019,부산,시도,과년도수입,21913340000,0.03
2019,부산,시도,담배소비세,191794422000,0.28
2019,부산,시도,도시계획세(재산세),0,0
2019,부산,시도,도축세,0,0
2019,부산,시도,등록면허세,103801881000,0.16
2019,부산,시도,레저세,93749006000,0.14
2019,부산,시도,자동차세,572096485000,0.85
2019,부산,시도,재산세,667266079000,0.99
2019,부산,시도,주민세,97788145000,0.15
2019,부산,시도,지방교육세,387903091000,0.57
2019,부산,시도,지방소득세,732275675000,1.09
2019,부산,시도,지역자원시설세,126245850000,0.19
2019,부산,시도,취득세,1239620319000,1.84
2019,서울,시도,과년도수입,246068866000,0.37
2019,서울,시도,담배소비세,565435461000,0.84
2019,서울,시도,도시계획세(재산세),-3769000,0
2019,서울,시도,등록면허세,432419397000,0.64
2019,서울,시도,레저세,128188535000,0.19
2019,서울,시도,자동차세,940103848000,1.39
2019,서울,시도,재산세,4199072167000,6.23
2019,서울,시도,주민세,577113117000,0.86
2019,서울,시도,지방교육세,1563707612000,2.32
2019,서울,시도,지방소득세,5807780352000,8.62
2019,서울,시도,지역자원시설세,289260114000,0.43
2019,서울,시도,취득세,5590806461000,8.29
2019,세종,시도,과년도수입,109165000,0
2019,세종,시도,담배소비세,15661992000,0.02
2019,세종,시도,도시계획세(재산세),0,0
2019,세종,시도,등록면허세,12965144000,0.02
2019,세종,시도,레저세,0,0
2019,세종,시도,자동차세,42129499000,0.06
2019,세종,시도,재산세,88309571000,0.13
2019,세종,시도,주민세,9213615000,0.01
2019,세종,시도,지방교육세,46865658000,0.07
2019,세종,시도,지방소득세,72375876000,0.11
2019,세종,시도,지역자원시설세,11613489000,0.02
2019,세종,시도,취득세,251770368000,0.37
2019,울산,군,과년도수입,2476901000,0.09
2019,울산,군,담배소비세,16640139000,0.58
2019,울산,군,도시계획세(재산세),0,0
2019,울산,군,자동차세,51399731000,1.8
2019,울산,군,재산세,70260725000,2.46
2019,울산,군,주민세,17486183000,0.61
2019,울산,군,지방소득세,105745830000,3.7
2019,울산,군,지역자원시설세,0,0
2019,울산,시도,과년도수입,8694361000,0.01
2019,울산,시도,담배소비세,61432761000,0.09
2019,울산,시도,도시계획세(재산세),0,0
2019,울산,시도,등록면허세,38022026000,0.06
2019,울산,시도,레저세,0,0
2019,울산,시도,자동차세,131767278000,0.2
2019,울산,시도,재산세,186700692000,0.28
2019,울산,시도,주민세,61191950000,0.09
2019,울산,시도,지방교육세,135539176000,0.2
2019,울산,시도,지방소득세,339130964000,0.5
2019,울산,시도,지역자원시설세,61117032000,0.09
2019,울산,시도,취득세,478675297000,0.71
2019,인천,군,과년도수입,1438227000,0.05
2019,인천,군,담배소비세,7431622000,0.26
2019,인천,군,도시계획세(재산세),0,0
2019,인천,군,자동차세,15085667000,0.53
2019,인천,군,재산세,19663537000,0.69
2019,인천,군,주민세,1836566000,0.06
2019,인천,군,지방소득세,12462304000,0.44
2019,인천,군,지역자원시설세,0,0
2019,인천,시도,과년도수입,45890825000,0.07
2019,인천,시도,담배소비세,182311519000,0.27
2019,인천,시도,도시계획세(재산세),0,0
2019,인천,시도,등록면허세,100880347000,0.15
2019,인천,시도,레저세,20480316000,0.03
2019,인천,시도,자동차세,489498436000,0.73
2019,인천,시도,재산세,689027166000,1.02
2019,인천,시도,주민세,102641049000,0.15
2019,인천,시도,지방교육세,370247372000,0.55
2019,인천,시도,지방소득세,606687785000,0.9
2019,인천,시도,지역자원시설세,100930761000,0.15
2019,인천,시도,취득세,1621505171000,2.4
2019,전남,군,과년도수입,8156244000,0.29
2019,전남,군,담배소비세,55636407000,1.95
2019,전남,군,도시계획세(재산세),0,0
2019,전남,군,자동차세,177977027000,6.23
2019,전남,군,재산세,77861109000,2.73
2019,전남,군,주민세,19295465000,0.68
2019,전남,군,지방소득세,107578589000,3.77
2019,전남,군,지역자원시설세,0,0
2019,전남,시,과년도수입,7995850000,0.04
2019,전남,시,담배소비세,73121613000,0.36
2019,전남,시,도시계획세(재산세),0,0
2019,전남,시,자동차세,201143764000,1
2019,전남,시,재산세,161880251000,0.8
2019,전남,시,주민세,46606098000,0.23
2019,전남,시,지방소득세,372474906000,1.84
2019,전남,시,지역자원시설세,0,0
2019,전남,시도,과년도수입,5781428000,0.01
2019,전남,시도,담배소비세,0,0
2019,전남,시도,등록면허세,61539619000,0.09
2019,전남,시도,레저세,0,0
2019,전남,시도,자동차세,0,0
2019,전남,시도,지방교육세,174436649000,0.25
2019,전남,시도,지역자원시설세,76958750000,0.12
2019,전남,시도,취득세,598604584000,0.89
2019,전북,군,과년도수입,3340355000,0.12
2019,전북,군,담배소비세,21976302000,0.77
2019,전북,군,도시계획세(재산세),0,0
2019,전북,군,도축세,0,0
2019,전북,군,자동차세,59946795000,2.1
2019,전북,군,재산세,34272995000,1.2
2019,전북,군,주민세,11083835000,0.39
2019,전북,군,지방소득세,55388732000,1.94
2019,전북,군,지역자원시설세,0,0
2019,전북,시,과년도수입,18688260000,0.09
2019,전북,시,담배소비세,94286172000,0.47
2019,전북,시,도시계획세(재산세),0,0
2019,전북,시,자동차세,250593965000,1.24
2019,전북,시,재산세,184460517000,0.91
2019,전북,시,주민세,38101812000,0.19
2019,전북,시,지방소득세,229574149000,1.14
2019,전북,시,지역자원시설세,0,0
2019,전북,시도,과년도수입,6588273000,0.01
2019,전북,시도,담배소비세,0,0
2019,전북,시도,등록면허세,48210683000,0.07
2019,전북,시도,레저세,0,0
2019,전북,시도,자동차세,0,0
2019,전북,시도,지방교육세,162825603000,0.24
2019,전북,시도,지역자원시설세,38412848000,0.06
2019,전북,시도,취득세,526566559000,0.79
2019,제주,시,과년도수입,35744000,0
2019,제주,시,담배소비세,57097935000,0.28
2019,제주,시,자동차세,127422369000,0.63
2019,제주,시,재산세,170813646000,0.85
2019,제주,시,주민세,15223103000,0.08
2019,제주,시,지방소득세,199789793000,0.99
2019,제주,시,지역자원시설세,0,0
2019,제주,시도,과년도수입,10177689000,0.02
2019,제주,시도,도시계획세(재산세),0,0
2019,제주,시도,등록면허세,35138844000,0.05
2019,제주,시도,레저세,62666318000,0.09
2019,제주,시도,지방교육세,123611062000,0.18
2019,제주,시도,지역자원시설세,17388820000,0.03
2019,제주,시도,취득세,478572678000,0.71
2019,충남,군,과년도수입,5602584000,0.2
2019,충남,군,담배소비세,32976172000,1.15
2019,충남,군,도시계획세(재산세),0,0
2019,충남,군,도축세,0,0
2019,충남,군,자동차세,79173192000,2.77
2019,충남,군,재산세,67321255000,2.36
2019,충남,군,주민세,12899412000,0.45
2019,충남,군,지방소득세,72022958000,2.52
2019,충남,군,지역자원시설세,0,0
2019,충남,시,과년도수입,21852285000,0.11
2019,충남,시,담배소비세,133213535000,0.66
2019,충남,시,도시계획세(재산세),0,0
2019,충남,시,자동차세,297235886000,1.47
2019,충남,시,재산세,320281948000,1.59
2019,충남,시,주민세,96753970000,0.48
2019,충남,시,지방소득세,612811809000,3.03
2019,충남,시,지역자원시설세,0,0
2019,충남,시도,과년도수입,-6870590000,-0.01
2019,충남,시도,담배소비세,0,0
2019,충남,시도,등록면허세,70600095000,0.11
2019,충남,시도,레저세,17961520000,0.03
2019,충남,시도,자동차세,0,0
2019,충남,시도,지방교육세,248223340000,0.37
2019,충남,시도,지역자원시설세,106126982000,0.16
2019,충남,시도,취득세,785452117000,1.17
2019,충북,군,과년도수입,4219430000,0.15
2019,충북,군,담배소비세,38086186000,1.33
2019,충북,군,도시계획세(재산세),0,0
2019,충북,군,자동차세,70327941000,2.46
2019,충북,군,재산세,62879076000,2.2
2019,충북,군,주민세,23051851000,0.81
2019,충북,군,지방소득세,115820096000,4.06
2019,충북,군,지역자원시설세,0,0
2019,충북,시,과년도수입,12357419000,0.06
2019,충북,시,담배소비세,82427403000,0.41
2019,충북,시,도시계획세(재산세),0,0
2019,충북,시,자동차세,208345018000,1.03
2019,충북,시,재산세,170780969000,0.85
2019,충북,시,주민세,46282348000,0.23
2019,충북,시,지방소득세,448089262000,2.22
2019,충북,시,지역자원시설세,0,0
2019,충북,시도,과년도수입,-2207182000,0
2019,충북,시도,담배소비세,0,0
2019,충북,시도,등록면허세,49797630000,0.08
2019,충북,시도,레저세,0,0
2019,충북,시도,자동차세,0,0
2019,충북,시도,지방교육세,167622663000,0.25
2019,충북,시도,지역자원시설세,44089992000,0.07
2019,충북,시도,취득세,586338310000,0.87
2020,강원,군,과년도수입,4941125000,0.17
2020,강원,군,담배소비세,47975932000,1.65
2020,강원,군,도시계획세(재산세),0,0
2020,강원,군,자동차세,59468773000,2.04
2020,강원,군,재산세,64444291000,2.21
2020,강원,군,주민세,9987484000,0.34
2020,강원,군,지방소득세,71576388000,2.46
2020,강원,군,지역자원시설세,0,0
2020,강원,시,과년도수입,12093103000,0.06
2020,강원,시,담배소비세,89664608000,0.46
2020,강원,시,도시계획세(재산세),0,0
2020,강원,시,자동차세,169182159000,0.86
2020,강원,시,재산세,182785993000,0.93
2020,강원,시,주민세,29060391000,0.15
2020,강원,시,지방소득세,197308429000,1.01
2020,강원,시,지역자원시설세,0,0
2020,강원,시도,과년도수입,1917457000,0
2020,강원,시도,담배소비세,0,0
2020,강원,시도,등록면허세,44366334000,0.06
2020,강원,시도,레저세,0,0
2020,강원,시도,자동차세,0,0
2020,강원,시도,지방교육세,178937854000,0.23
2020,강원,시도,지역자원시설세,50392339000,0.06
2020,강원,시도,취득세,638624192000,0.8
2020,경기,군,과년도수입,5543385000,0.19
2020,경기,군,담배소비세,21764042000,0.75
2020,경기,군,도시계획세(재산세),0,0
2020,경기,군,자동차세,37946635000,1.3
2020,경기,군,재산세,58827670000,2.02
2020,경기,군,주민세,3281765000,0.11
2020,경기,군,지방소득세,42126398000,1.45
2020,경기,군,지역자원시설세,0,0
2020,경기,시,과년도수입,72584285000,0.37
2020,경기,시,담배소비세,871323758000,4.45
2020,경기,시,도시계획세(재산세),0,0
2020,경기,시,자동차세,1929636371000,9.86
2020,경기,시,재산세,3515724742000,17.97
2020,경기,시,주민세,508689852000,2.6
2020,경기,시,지방소득세,4098022324000,20.95
2020,경기,시,지역자원시설세,0,0
2020,경기,시도,과년도수입,-77900140000,-0.1
2020,경기,시도,담배소비세,0,0
2020,경기,시도,등록면허세,562410687000,0.7
2020,경기,시도,레저세,91582059000,0.12
2020,경기,시도,자동차세,0,0
2020,경기,시도,지방교육세,1983546638000,2.5
2020,경기,시도,지역자원시설세,425706224000,0.54
2020,경기,시도,취득세,9005247592000,11.32
2020,경남,군,과년도수입,4693504000,0.16
2020,경남,군,담배소비세,35713928000,1.23
2020,경남,군,도시계획세(재산세),0,0
2020,경남,군,자동차세,76907925000,2.64
2020,경남,군,재산세,65716194000,2.26
2020,경남,군,주민세,13461125000,0.46
2020,경남,군,지방소득세,67423150000,2.32
2020,경남,군,지역자원시설세,0,0
2020,경남,시,과년도수입,19495223000,0.1
2020,경남,시,담배소비세,206247300000,1.05
2020,경남,시,도시계획세(재산세),0,0
2020,경남,시,자동차세,509458095000,2.6
2020,경남,시,재산세,542482109000,2.77
2020,경남,시,주민세,110653025000,0.57
2020,경남,시,지방소득세,574814509000,2.94
2020,경남,시,지역자원시설세,28634328000,0.15
2020,경남,시도,과년도수입,-17123732000,-0.02
2020,경남,시도,담배소비세,0,0
2020,경남,시도,등록면허세,118891648000,0.15
2020,경남,시도,레저세,16537367000,0.02
2020,경남,시도,자동차세,0,0
2020,경남,시도,지방교육세,376105799000,0.47
2020,경남,시도,지역자원시설세,75627256000,0.1
2020,경남,시도,취득세,1326170551000,1.67
2020,경북,군,과년도수입,5801446000,0.2
2020,경북,군,담배소비세,45466503000,1.56
2020,경북,군,도시계획세(재산세),0,0
2020,경북,군,자동차세,109294578000,3.75
2020,경북,군,재산세,75905497000,2.61
2020,경북,군,주민세,10909070000,0.37
2020,경북,군,지방소득세,83310083000,2.86
2020,경북,군,지역자원시설세,0,0
2020,경북,시,과년도수입,1517792000,0.01
2020,경북,시,담배소비세,162758237000,0.83
2020,경북,시,도시계획세(재산세),0,0
2020,경북,시,자동차세,382053556000,1.95
2020,경북,시,재산세,352346701000,1.8
2020,경북,시,주민세,85347872000,0.44
2020,경북,시,지방소득세,541675771000,2.77
2020,경북,시,지역자원시설세,0,0
2020,경북,시도,과년도수입,7776751000,0.01
2020,경북,시도,담배소비세,0,0
2020,경북,시도,등록면허세,75672271000,0.09
2020,경북,시도,레저세,258098000,0
2020,경북,시도,자동차세,0,0
2020,경북,시도,지방교육세,280174638000,0.35
2020,경북,시도,지역자원시설세,144689997000,0.18
2020,경북,시도,취득세,871167210000,1.1
2020,광주,시도,과년도수입,7783356000,0.01
2020,광주,시도,담배소비세,98437219000,0.12
2020,광주,시도,도시계획세(재산세),0,0
2020,광주,시도,등록면허세,50172716000,0.06
2020,광주,시도,레저세,2454233000,0
2020,광주,시도,자동차세,283895764000,0.36
2020,광주,시도,재산세,225483634000,0.28
2020,광주,시도,주민세,45213713000,0.05
2020,광주,시도,지방교육세,153660691000,0.19
2020,광주,시도,지방소득세,351952587000,0.44
2020,광주,시도,지역자원시설세,33515937000,0.04
2020,광주,시도,취득세,555814997000,0.7
2020,대구,군,과년도수입,3282569000,0.11
2020,대구,군,담배소비세,16372591000,0.56
2020,대구,군,도시계획세(재산세),0,0
2020,대구,군,자동차세,47054913000,1.62
2020,대구,군,재산세,57361202000,1.97
2020,대구,군,주민세,10295845000,0.35
2020,대구,군,지방소득세,65328999000,2.24
2020,대구,군,지역자원시설세,0,0
2020,대구,시도,과년도수입,17964913000,0.02
2020,대구,시도,담배소비세,137730474000,0.17
2020,대구,시도,도시계획세(재산세),0,0
2020,대구,시도,등록면허세,71134443000,0.09
2020,대구,시도,레저세,1194710000,0
2020,대구,시도,자동차세,333695818000,0.42
2020,대구,시도,재산세,435723049000,0.55
2020,대구,시도,주민세,43801498000,0.05
2020,대구,시도,지방교육세,284805925000,0.36
2020,대구,시도,지방소득세,443972532000,0.56
2020,대구,시도,지역자원시설세,58106709000,0.07
2020,대구,시도,취득세,1175690942000,1.48
2020,대전,시도,과년도수입,5114817000,0
2020,대전,시도,담배소비세,96726766000,0.12
2020,대전,시도,도시계획세(재산세),0,0
2020,대전,시도,등록면허세,41739498000,0.05
2020,대전,시도,레저세,2899365000,0
2020,대전,시도,자동차세,225734200000,0.28
2020,대전,시도,재산세,253479150000,0.32
2020,대전,시도,주민세,58032001000,0.07
2020,대전,시도,지방교육세,154373640000,0.19
2020,대전,시도,지방소득세,352598589000,0.44
2020,대전,시도,지역자원시설세,35030000000,0.04
2020,대전,시도,취득세,566684906000,0.71
2020,부산,군,과년도수입,749077000,0.03
2020,부산,군,담배소비세,10636898000,0.37
2020,부산,군,도시계획세(재산세),0,0
2020,부산,군,자동차세,30189135000,1.04
2020,부산,군,재산세,62277421000,2.14
2020,부산,군,주민세,6035680000,0.21
2020,부산,군,지방소득세,36209433000,1.24
2020,부산,군,지역자원시설세,0,0
2020,부산,시도,과년도수입,26740520000,0.04
2020,부산,시도,담배소비세,203027054000,0.26
2020,부산,시도,도시계획세(재산세),327000,0
2020,부산,시도,등록면허세,131744929000,0.16
2020,부산,시도,레저세,15233667000,0.02
2020,부산,시도,자동차세,540927138000,0.68
2020,부산,시도,재산세,719364735000,0.9
2020,부산,시도,주민세,98247466000,0.12
2020,부산,시도,지방교육세,431439122000,0.55
2020,부산,시도,지방소득세,856044154000,1.08
2020,부산,시도,지역자원시설세,132061312000,0.17
2020,부산,시도,취득세,1883921220000,2.36
2020,서울,시도,과년도수입,199616782000,0.25
2020,서울,시도,담배소비세,605199561000,0.76
2020,서울,시도,도시계획세(재산세),-1054000,0
2020,서울,시도,등록면허세,505973235000,0.64
2020,서울,시도,레저세,22924338000,0.03
2020,서울,시도,자동차세,1168620663000,1.47
2020,서울,시도,재산세,4739533091000,5.96
2020,서울,시도,주민세,593193881000,0.75
2020,서울,시도,지방교육세,1786303822000,2.24
2020,서울,시도,지방소득세,6109053365000,7.68
2020,서울,시도,지역자원시설세,305590422000,0.38
2020,서울,시도,취득세,7470731270000,9.39
2020,세종,시도,과년도수입,-1996785000,0
2020,세종,시도,담배소비세,16820137000,0.02
2020,세종,시도,도시계획세(재산세),0,0
2020,세종,시도,등록면허세,15608144000,0.02
2020,세종,시도,레저세,0,0
2020,세종,시도,자동차세,56934656000,0.07
2020,세종,시도,재산세,96344031000,0.12
2020,세종,시도,주민세,10196880000,0.01
2020,세종,시도,지방교육세,53636253000,0.07
2020,세종,시도,지방소득세,84876833000,0.11
2020,세종,시도,지역자원시설세,13069528000,0.02
2020,세종,시도,취득세,287403517000,0.36
2020,울산,군,과년도수입,2891992000,0.1
2020,울산,군,담배소비세,17603102000,0.6
2020,울산,군,도시계획세(재산세),0,0
2020,울산,군,자동차세,56500279000,1.94
2020,울산,군,재산세,72316931000,2.48
2020,울산,군,주민세,16892661000,0.58
2020,울산,군,지방소득세,100314963000,3.45
2020,울산,군,지역자원시설세,0,0
2020,울산,시도,과년도수입,-32091645000,-0.04
2020,울산,시도,담배소비세,65008542000,0.08
2020,울산,시도,도시계획세(재산세),0,0
2020,울산,시도,등록면허세,36483293000,0.04
2020,울산,시도,레저세,0,0
2020,울산,시도,자동차세,179842403000,0.23
2020,울산,시도,재산세,192748528000,0.24
2020,울산,시도,주민세,60031273000,0.08
2020,울산,시도,지방교육세,135951154000,0.17
2020,울산,시도,지방소득세,318164604000,0.4
2020,울산,시도,지역자원시설세,65184176000,0.08
2020,울산,시도,취득세,444224808000,0.56
2020,인천,군,과년도수입,1079142000,0.04
2020,인천,군,담배소비세,7445057000,0.26
2020,인천,군,도시계획세(재산세),0,0
2020,인천,군,자동차세,13743932000,0.47
2020,인천,군,재산세,20866041000,0.72
2020,인천,군,주민세,1906877000,0.07
2020,인천,군,지방소득세,13815561000,0.47
2020,인천,군,지역자원시설세,0,0
2020,인천,시도,과년도수입,15999626000,0.02
2020,인천,시도,담배소비세,195170897000,0.25
2020,인천,시도,도시계획세(재산세),0,0
2020,인천,시도,등록면허세,111533976000,0.14
2020,인천,시도,레저세,3422021000,0
2020,인천,시도,자동차세,479532159000,0.6
2020,인천,시도,재산세,723676856000,0.91
2020,인천,시도,주민세,97970164000,0.12
2020,인천,시도,지방교육세,396670374000,0.5
2020,인천,시도,지방소득세,624391009000,0.78
2020,인천,시도,지역자원시설세,112341418000,0.15
2020,인천,시도,취득세,1848006576000,2.33
2020,전남,군,과년도수입,8094520000,0.28
2020,전남,군,담배소비세,59602386000,2.05
2020,전남,군,도시계획세(재산세),0,0
2020,전남,군,자동차세,161147010000,5.53
2020,전남,군,재산세,82888039000,2.85
2020,전남,군,주민세,20108379000,0.69
2020,전남,군,지방소득세,112990736000,3.88
2020,전남,군,지역자원시설세,0,0
2020,전남,시,과년도수입,856080000,0
2020,전남,시,담배소비세,77822433000,0.4
2020,전남,시,도시계획세(재산세),0,0
2020,전남,시,자동차세,201721626000,1.03
2020,전남,시,재산세,169558792000,0.87
2020,전남,시,주민세,47319941000,0.24
2020,전남,시,지방소득세,316020432000,1.62
2020,전남,시,지역자원시설세,0,0
2020,전남,시도,과년도수입,1284776000,0
2020,전남,시도,담배소비세,0,0
2020,전남,시도,등록면허세,70488996000,0.09
2020,전남,시도,레저세,0,0
2020,전남,시도,자동차세,0,0
2020,전남,시도,지방교육세,194360415000,0.25
2020,전남,시도,지역자원시설세,83678827000,0.11
2020,전남,시도,취득세,769951402000,0.97
2020,전북,군,과년도수입,-2002857000,-0.07
2020,전북,군,담배소비세,23069027000,0.79
2020,전북,군,도시계획세(재산세),0,0
2020,전북,군,자동차세,65517209000,2.25
2020,전북,군,재산세,37149887000,1.28
2020,전북,군,주민세,10897490000,0.37
2020,전북,군,지방소득세,55003884000,1.89
2020,전북,군,지역자원시설세,0,0
2020,전북,시,과년도수입,15086491000,0.08
2020,전북,시,담배소비세,100015182000,0.51
2020,전북,시,도시계획세(재산세),0,0
2020,전북,시,자동차세,283970175000,1.45
2020,전북,시,재산세,191926566000,0.98
2020,전북,시,주민세,38175018000,0.2
2020,전북,시,지방소득세,229368748000,1.17
2020,전북,시,지역자원시설세,0,0
2020,전북,시도,과년도수입,3748636000,0
2020,전북,시도,담배소비세,0,0
2020,전북,시도,등록면허세,52320959000,0.06
2020,전북,시도,레저세,0,0
2020,전북,시도,자동차세,0,0
2020,전북,시도,지방교육세,173046084000,0.22
2020,전북,시도,지역자원시설세,40304676000,0.05
2020,전북,시도,취득세,587235271000,0.73
2020,제주,시,과년도수입,36095000,0
2020,제주,시,담배소비세,60265874000,0.31
2020,제주,시,자동차세,110564163000,0.57
2020,제주,시,재산세,180401611000,0.92
2020,제주,시,주민세,14485455000,0.07
2020,제주,시,지방소득세,176980665000,0.9
2020,제주,시,지역자원시설세,0,0
2020,제주,시도,과년도수입,-5045052000,-0.01
2020,제주,시도,도시계획세(재산세),0,0
2020,제주,시도,등록면허세,36993436000,0.05
2020,제주,시도,레저세,9065358000,0.01
2020,제주,시도,지방교육세,107211666000,0.13
2020,제주,시도,지역자원시설세,18563870000,0.02
2020,제주,시도,취득세,504513031000,0.63
2020,충남,군,과년도수입,2867743000,0.1
2020,충남,군,담배소비세,35204555000,1.21
2020,충남,군,도시계획세(재산세),0,0
2020,충남,군,자동차세,67964624000,2.33
2020,충남,군,재산세,69311115000,2.38
2020,충남,군,주민세,13125933000,0.45
2020,충남,군,지방소득세,75179524000,2.58
2020,충남,군,지역자원시설세,0,0
2020,충남,시,과년도수입,1046677000,0.01
2020,충남,시,담배소비세,142391444000,0.73
2020,충남,시,도시계획세(재산세),0,0
2020,충남,시,자동차세,272241949000,1.39
2020,충남,시,재산세,337623033000,1.73
2020,충남,시,주민세,96149081000,0.49
2020,충남,시,지방소득세,529744020000,2.71
2020,충남,시,지역자원시설세,0,0
2020,충남,시도,과년도수입,-7276635000,-0.01
2020,충남,시도,담배소비세,0,0
2020,충남,시도,등록면허세,74974587000,0.1
2020,충남,시도,레저세,3068609000,0
2020,충남,시도,자동차세,0,0
2020,충남,시도,지방교육세,265927589000,0.33
2020,충남,시도,지역자원시설세,107796778000,0.13
2020,충남,시도,취득세,957047811000,1.2
2020,충북,군,과년도수입,-923597000,-0.03
2020,충북,군,담배소비세,40444590000,1.39
2020,충북,군,도시계획세(재산세),0,0
2020,충북,군,자동차세,74085349000,2.54
2020,충북,군,재산세,64960711000,2.23
2020,충북,군,주민세,23912635000,0.82
2020,충북,군,지방소득세,117568569000,4.04
2020,충북,군,지역자원시설세,0,0
2020,충북,시,과년도수입,-41739068000,-0.21
2020,충북,시,담배소비세,87836271000,0.45
2020,충북,시,도시계획세(재산세),0,0
2020,충북,시,자동차세,206336448000,1.05
2020,충북,시,재산세,181849910000,0.93
2020,충북,시,주민세,46516739000,0.24
2020,충북,시,지방소득세,295298301000,1.51
2020,충북,시,지역자원시설세,0,0
2020,충북,시도,과년도수입,-5792502000,-0.01
2020,충북,시도,담배소비세,0,0
2020,충북,시도,등록면허세,52362327000,0.07
2020,충북,시도,레저세,0,0
2020,충북,시도,자동차세,0,0
2020,충북,시도,지방교육세,179605928000,0.22
2020,충북,시도,지역자원시설세,46983945000,0.06
2020,충북,시도,취득세,643835213000,0.81
2021,강원,군,과년도수입,5628830000,0.18
2021,강원,군,담배소비세,45746264000,1.48
2021,강원,군,도시계획세(재산세),0,0
2021,강원,군,자동차세,58486780000,1.9
2021,강원,군,재산세,68815035000,2.23
2021,강원,군,주민세,9526754000,0.31
2021,강원,군,지방소득세,69696273000,2.26
2021,강원,군,지역자원시설세,0,0
2021,강원,시,과년도수입,14195085000,0.07
2021,강원,시,담배소비세,88333331000,0.41
2021,강원,시,도시계획세(재산세),0,0
2021,강원,시,자동차세,182065654000,0.84
2021,강원,시,재산세,191299506000,0.88
2021,강원,시,주민세,30431107000,0.14
2021,강원,시,지방소득세,225938385000,1.04
2021,강원,시,지역자원시설세,0,0
2021,강원,시도,과년도수입,-4050820000,-0.01
2021,강원,시도,담배소비세,0,0
2021,강원,시도,등록면허세,54102297000,0.07
2021,강원,시도,레저세,0,0
2021,강원,시도,자동차세,0,0
2021,강원,시도,지방교육세,189464262000,0.22
2021,강원,시도,지역자원시설세,51285789000,0.06
2021,강원,시도,취득세,730584724000,0.83
2021,경기,군,과년도수입,6198516000,0.2
2021,경기,군,담배소비세,21118211000,0.69
2021,경기,군,도시계획세(재산세),0,0
2021,경기,군,자동차세,54806751000,1.78
2021,경기,군,재산세,62881249000,2.04
2021,경기,군,주민세,3620075000,0.12
2021,경기,군,지방소득세,55637119000,1.81
2021,경기,군,지역자원시설세,0,0
2021,경기,시,과년도수입,167193951000,0.77
2021,경기,시,담배소비세,882610209000,4.07
2021,경기,시,도시계획세(재산세),0,0
2021,경기,시,자동차세,2017886338000,9.32
2021,경기,시,재산세,3804617213000,17.56
2021,경기,시,주민세,571759038000,2.64
2021,경기,시,지방소득세,5070181760000,23.41
2021,경기,시,지역자원시설세,0,0
2021,경기,시도,과년도수입,-110377740000,-0.13
2021,경기,시도,담배소비세,0,0
2021,경기,시도,등록면허세,613351611000,0.69
2021,경기,시도,레저세,43070621000,0.05
2021,경기,시도,자동차세,0,0
2021,경기,시도,지방교육세,2176566195000,2.47
2021,경기,시도,지역자원시설세,454472123000,0.52
2021,경기,시도,취득세,10930162372000,12.42
2021,경남,군,과년도수입,4742919000,0.15
2021,경남,군,담배소비세,35507096000,1.15
2021,경남,군,도시계획세(재산세),0,0
2021,경남,군,자동차세,76314681000,2.48
2021,경남,군,재산세,68412122000,2.22
2021,경남,군,주민세,13388453000,0.43
2021,경남,군,지방소득세,73617154000,2.39
2021,경남,군,지역자원시설세,0,0
2021,경남,시,과년도수입,31680085000,0.15
2021,경남,시,담배소비세,203491671000,0.94
2021,경남,시,도시계획세(재산세),0,0
2021,경남,시,자동차세,529128147000,2.44
2021,경남,시,재산세,558034024000,2.58
2021,경남,시,주민세,114516256000,0.53
2021,경남,시,지방소득세,621572073000,2.87
2021,경남,시,지역자원시설세,29933128000,0.14
2021,경남,시도,과년도수입,-6430930000,-0.01
2021,경남,시도,담배소비세,0,0
2021,경남,시도,등록면허세,120234977000,0.14
2021,경남,시도,레저세,13742241000,0.02
2021,경남,시도,자동차세,0,0
2021,경남,시도,지방교육세,386009399000,0.44
2021,경남,시도,지역자원시설세,78513939000,0.09
2021,경남,시도,취득세,1408842136000,1.6
2021,경북,군,과년도수입,6352383000,0.21
2021,경북,군,담배소비세,45201177000,1.47
2021,경북,군,도시계획세(재산세),0,0
2021,경북,군,자동차세,101742681000,3.3
2021,경북,군,재산세,79615662000,2.58
2021,경북,군,주민세,11275816000,0.37
2021,경북,군,지방소득세,95372755000,3.1
2021,경북,군,지역자원시설세,0,0
2021,경북,시,과년도수입,11498147000,0.05
2021,경북,시,담배소비세,159372879000,0.74
2021,경북,시,도시계획세(재산세),0,0
2021,경북,시,자동차세,397026948000,1.83
2021,경북,시,재산세,367891989000,1.7
2021,경북,시,주민세,89132190000,0.41
2021,경북,시,지방소득세,584915977000,2.7
2021,경북,시,지역자원시설세,0,0
2021,경북,시도,과년도수입,-8624930000,-0.01
2021,경북,시도,담배소비세,0,0
2021,경북,시도,등록면허세,83502712000,0.1
2021,경북,시도,레저세,2287457000,0
2021,경북,시도,자동차세,0,0
2021,경북,시도,지방교육세,296255896000,0.34
2021,경북,시도,지역자원시설세,145605510000,0.16
2021,경북,시도,취득세,1003650702000,1.14
2021,광주,시도,과년도수입,2886278000,0
2021,광주,시도,담배소비세,97398287000,0.11
2021,광주,시도,도시계획세(재산세),0,0
2021,광주,시도,등록면허세,47700014000,0.05
2021,광주,시도,레저세,5670459000,0.01
2021,광주,시도,자동차세,251566358000,0.29
2021,광주,시도,재산세,233805899000,0.27
2021,광주,시도,주민세,47079436000,0.06
2021,광주,시도,지방교육세,159853558000,0.18
2021,광주,시도,지방소득세,392926496000,0.45
2021,광주,시도,지역자원시설세,34630743000,0.04
2021,광주,시도,취득세,622646881000,0.71
2021,대구,군,과년도수입,6880983000,0.22
2021,대구,군,담배소비세,16519442000,0.54
2021,대구,군,도시계획세(재산세),0,0
2021,대구,군,자동차세,38024248000,1.23
2021,대구,군,재산세,60133215000,1.95
2021,대구,군,주민세,11288695000,0.37
2021,대구,군,지방소득세,58654426000,1.9
2021,대구,군,지역자원시설세,0,0
2021,대구,시도,과년도수입,13869258000,0.01
2021,대구,시도,담배소비세,135677599000,0.15
2021,대구,시도,도시계획세(재산세),0,0
2021,대구,시도,등록면허세,70210444000,0.08
2021,대구,시도,레저세,2897239000,0
2021,대구,시도,자동차세,370079767000,0.42
2021,대구,시도,재산세,465022841000,0.53
2021,대구,시도,주민세,50334635000,0.06
2021,대구,시도,지방교육세,294781832000,0.34
2021,대구,시도,지방소득세,521112706000,0.59
2021,대구,시도,지역자원시설세,59625936000,0.07
2021,대구,시도,취득세,1260397451000,1.43
2021,대전,시도,과년도수입,8372660000,0.01
2021,대전,시도,담배소비세,95447408000,0.11
2021,대전,시도,도시계획세(재산세),0,0
2021,대전,시도,등록면허세,42932254000,0.05
2021,대전,시도,레저세,1721542000,0
2021,대전,시도,자동차세,226132614000,0.26
2021,대전,시도,재산세,267114944000,0.3
2021,대전,시도,주민세,60656369000,0.07
2021,대전,시도,지방교육세,161673620000,0.18
2021,대전,시도,지방소득세,434825915000,0.49
2021,대전,시도,지역자원시설세,36238147000,0.04
2021,대전,시도,취득세,674451010000,0.77
2021,부산,군,과년도수입,2507112000,0.08
2021,부산,군,담배소비세,10917165000,0.35
2021,부산,군,도시계획세(재산세),0,0
2021,부산,군,자동차세,20905355000,0.68
2021,부산,군,재산세,68578201000,2.23
2021,부산,군,주민세,6440552000,0.21
2021,부산,군,지방소득세,44675939000,1.45
2021,부산,군,지역자원시설세,0,0
2021,부산,시도,과년도수입,8091403000,0
2021,부산,시도,담배소비세,199264282000,0.23
2021,부산,시도,도시계획세(재산세),0,0
2021,부산,시도,등록면허세,120837250000,0.14
2021,부산,시도,레저세,16088754000,0.02
2021,부산,시도,자동차세,566630616000,0.64
2021,부산,시도,재산세,776055482000,0.88
2021,부산,시도,주민세,102053714000,0.11
2021,부산,시도,지방교육세,433589882000,0.5
2021,부산,시도,지방소득세,894894024000,1.02
2021,부산,시도,지역자원시설세,137128344000,0.16
2021,부산,시도,취득세,1939698638000,2.2
2021,서울,시도,과년도수입,257016711000,0.29
2021,서울,시도,담배소비세,594186496000,0.67
2021,서울,시도,도시계획세(재산세),-959000,0
2021,서울,시도,등록면허세,545007630000,0.62
2021,서울,시도,레저세,4439143000,0.01
2021,서울,시도,자동차세,1164093161000,1.32
2021,서울,시도,재산세,5377820919000,6.11
2021,서울,시도,주민세,638426318000,0.73
2021,서울,시도,지방교육세,1886953726000,2.14
2021,서울,시도,지방소득세,7427507686000,8.43
2021,서울,시도,지역자원시설세,316084333000,0.36
2021,서울,시도,취득세,8010035487000,9.1
2021,세종,시도,과년도수입,-18632503000,-0.02
2021,세종,시도,담배소비세,16920887000,0.02
2021,세종,시도,도시계획세(재산세),0,0
2021,세종,시도,등록면허세,17020422000,0.02
2021,세종,시도,레저세,0,0
2021,세종,시도,자동차세,54894259000,0.06
2021,세종,시도,재산세,106200199000,0.12
2021,세종,시도,주민세,11768246000,0.01
2021,세종,시도,지방교육세,58029877000,0.07
2021,세종,시도,지방소득세,108654217000,0.12
2021,세종,시도,지역자원시설세,14082790000,0.02
2021,세종,시도,취득세,333770504000,0.38
2021,울산,군,과년도수입,3237597000,0.11
2021,울산,군,담배소비세,17478777000,0.57
2021,울산,군,도시계획세(재산세),0,0
2021,울산,군,자동차세,53027397000,1.72
2021,울산,군,재산세,76157358000,2.47
2021,울산,군,주민세,17270281000,0.56
2021,울산,군,지방소득세,106629154000,3.46
2021,울산,군,지역자원시설세,0,0
2021,울산,시도,과년도수입,-12745057000,-0.02
2021,울산,시도,담배소비세,64224731000,0.07
2021,울산,시도,도시계획세(재산세),0,0
2021,울산,시도,등록면허세,37250308000,0.04
2021,울산,시도,레저세,0,0
2021,울산,시도,자동차세,150348274000,0.17
2021,울산,시도,재산세,198814403000,0.23
2021,울산,시도,주민세,62081672000,0.07
2021,울산,시도,지방교육세,144181537000,0.16
2021,울산,시도,지방소득세,324509680000,0.37
2021,울산,시도,지역자원시설세,64882903000,0.08
2021,울산,시도,취득세,527009527000,0.6
2021,인천,군,과년도수입,1438276000,0.05
2021,인천,군,담배소비세,7582183000,0.25
2021,인천,군,도시계획세(재산세),0,0
2021,인천,군,자동차세,14242485000,0.46
2021,인천,군,재산세,21924944000,0.71
2021,인천,군,주민세,2215065000,0.07
2021,인천,군,지방소득세,16021926000,0.52
2021,인천,군,지역자원시설세,0,0
2021,인천,시도,과년도수입,34201320000,0.04
2021,인천,시도,담배소비세,195953208000,0.22
2021,인천,시도,도시계획세(재산세),0,0
2021,인천,시도,등록면허세,114153812000,0.13
2021,인천,시도,레저세,793800000,0
2021,인천,시도,자동차세,493388388000,0.56
2021,인천,시도,재산세,746821494000,0.85
2021,인천,시도,주민세,104121601000,0.12
2021,인천,시도,지방교육세,439597596000,0.5
2021,인천,시도,지방소득세,717277714000,0.81
2021,인천,시도,지역자원시설세,110313146000,0.12
2021,인천,시도,취득세,2327452348000,2.64
2021,전남,군,과년도수입,7451201000,0.24
2021,전남,군,담배소비세,59775302000,1.94
2021,전남,군,도시계획세(재산세),0,0
2021,전남,군,자동차세,167543539000,5.44
2021,전남,군,재산세,89206616000,2.89
2021,전남,군,주민세,19903892000,0.65
2021,전남,군,지방소득세,133283811000,4.33
2021,전남,군,지역자원시설세,0,0
2021,전남,시,과년도수입,2604662000,0.01
2021,전남,시,담배소비세,79420500000,0.37
2021,전남,시,도시계획세(재산세),0,0
2021,전남,시,자동차세,229765286000,1.06
2021,전남,시,재산세,184031705000,0.85
2021,전남,시,주민세,51564537000,0.24
2021,전남,시,지방소득세,317776697000,1.47
2021,전남,시,지역자원시설세,0,0
2021,전남,시도,과년도수입,-5139219000,-0.01
2021,전남,시도,담배소비세,0,0
2021,전남,시도,등록면허세,68878863000,0.08
2021,전남,시도,레저세,0,0
2021,전남,시도,자동차세,0,0
2021,전남,시도,지방교육세,199663136000,0.23
2021,전남,시도,지역자원시설세,89151166000,0.1
2021,전남,시도,취득세,787834709000,0.89
2021,전북,군,과년도수입,466404000,0.02
2021,전북,군,담배소비세,23033250000,0.75
2021,전북,군,도시계획세(재산세),0,0
2021,전북,군,자동차세,63091247000,2.05
2021,전북,군,재산세,38977020000,1.26
2021,전북,군,주민세,11286969000,0.37
2021,전북,군,지방소득세,61500762000,2
2021,전북,군,지역자원시설세,0,0
2021,전북,시,과년도수입,18347181000,0.08
2021,전북,시,담배소비세,99067708000,0.46
2021,전북,시,도시계획세(재산세),0,0
2021,전북,시,자동차세,272844496000,1.26
2021,전북,시,재산세,196093644000,0.91
2021,전북,시,주민세,39738401000,0.18
2021,전북,시,지방소득세,259449557000,1.2
2021,전북,시,지역자원시설세,0,0
2021,전북,시도,과년도수입,-4799502000,-0.01
2021,전북,시도,담배소비세,0,0
2021,전북,시도,등록면허세,50207858000,0.06
2021,전북,시도,레저세,0,0
2021,전북,시도,자동차세,0,0
2021,전북,시도,지방교육세,177288296000,0.2
2021,전북,시도,지역자원시설세,41904912000,0.05
2021,전북,시도,취득세,629203875000,0.71
2021,제주,시,과년도수입,35510000,0
2021,제주,시,담배소비세,60349219000,0.28
2021,제주,시,자동차세,124257365000,0.57
2021,제주,시,재산세,191105504000,0.88
2021,제주,시,주민세,14793329000,0.07
2021,제주,시,지방소득세,173590002000,0.8
2021,제주,시,지역자원시설세,0,0
2021,제주,시도,과년도수입,-5250294000,-0.01
2021,제주,시도,도시계획세(재산세),0,0
2021,제주,시도,등록면허세,35553591000,0.04
2021,제주,시도,레저세,8658274000,0.01
2021,제주,시도,지방교육세,112711716000,0.13
2021,제주,시도,지역자원시설세,20433102000,0.02
2021,제주,시도,취득세,542809375000,0.62
2021,충남,군,과년도수입,5152408000,0.17
2021,충남,군,담배소비세,34617329000,1.12
2021,충남,군,도시계획세(재산세),0,0
2021,충남,군,자동차세,80138151000,2.6
2021,충남,군,재산세,72229899000,2.34
2021,충남,군,주민세,12914580000,0.42
2021,충남,군,지방소득세,77671221000,2.52
2021,충남,군,지역자원시설세,0,0
2021,충남,시,과년도수입,17580276000,0.08
2021,충남,시,담배소비세,141823355000,0.65
2021,충남,시,도시계획세(재산세),0,0
2021,충남,시,자동차세,297331103000,1.37
2021,충남,시,재산세,344797964000,1.59
2021,충남,시,주민세,101032096000,0.47
2021,충남,시,지방소득세,595501097000,2.75
2021,충남,시,지역자원시설세,0,0
2021,충남,시도,과년도수입,-18703647000,-0.02
2021,충남,시도,담배소비세,0,0
2021,충남,시도,등록면허세,78649829000,0.09
2021,충남,시도,레저세,6629748000,0.01
2021,충남,시도,자동차세,0,0
2021,충남,시도,지방교육세,288070615000,0.33
2021,충남,시도,지역자원시설세,107459693000,0.12
2021,충남,시도,취득세,1199188567000,1.36
2021,충북,군,과년도수입,4516237000,0.15
2021,충북,군,담배소비세,40172510000,1.3
2021,충북,군,도시계획세(재산세),0,0
2021,충북,군,자동차세,78586462000,2.55
2021,충북,군,재산세,68107661000,2.21
2021,충북,군,주민세,24769832000,0.8
2021,충북,군,지방소득세,150591321000,4.89
2021,충북,군,지역자원시설세,0,0
2021,충북,시,과년도수입,13565497000,0.06
2021,충북,시,담배소비세,86732155000,0.4
2021,충북,시,도시계획세(재산세),0,0
2021,충북,시,자동차세,220260991000,1.02
2021,충북,시,재산세,189756371000,0.88
2021,충북,시,주민세,49510349000,0.23
2021,충북,시,지방소득세,343339287000,1.59
2021,충북,시,지역자원시설세,0,0
2021,충북,시도,과년도수입,-23588777000,-0.03
2021,충북,시도,담배소비세,0,0
2021,충북,시도,등록면허세,55409285000,0.06
2021,충북,시도,레저세,0,0
2021,충북,시도,자동차세,0,0
2021,충북,시도,지방교육세,193891234000,0.22
2021,충북,시도,지역자원시설세,49398663000,0.06
2021,충북,시도,취득세,788849178000,0.9
2022,강원,군,과년도수입,6094418000,0.19
2022,강원,군,담배소비세,45831350000,1.44
2022,강원,군,도시계획세(재산세),0,0
2022,강원,군,자동차세,52514626000,1.65
2022,강원,군,재산세,74978542000,2.35
2022,강원,군,주민세,10197231000,0.32
2022,강원,군,지방소득세,79368790000,2.49
2022,강원,군,지역자원시설세,0,0
2022,강원,시,과년도수입,10594953000,0.04
2022,강원,시,담배소비세,90000756000,0.37
2022,강원,시,도시계획세(재산세),0,0
2022,강원,시,자동차세,158710630000,0.66
2022,강원,시,재산세,207952162000,0.86
2022,강원,시,주민세,32478437000,0.13
2022,강원,시,지방소득세,268325491000,1.11
2022,강원,시,지역자원시설세,0,0
2022,강원,시도,과년도수입,-412835000,0
2022,강원,시도,담배소비세,0,0
2022,강원,시도,등록면허세,41495190000,0.04
2022,강원,시도,레저세,844557000,0
2022,강원,시도,자동차세,0,0
2022,강원,시도,지방교육세,191015398000,0.21
2022,강원,시도,지역자원시설세,54154036000,0.06
2022,강원,시도,취득세,728769606000,0.8
2022,경기,군,과년도수입,7539972000,0.24
2022,경기,군,담배소비세,21714752000,0.68
2022,경기,군,도시계획세(재산세),0,0
2022,경기,군,자동차세,44446988000,1.39
2022,경기,군,재산세,67680296000,2.12
2022,경기,군,주민세,3735743000,0.12
2022,경기,군,지방소득세,58664562000,1.84
2022,경기,군,지역자원시설세,0,0
2022,경기,시,과년도수입,219703055000,0.91
2022,경기,시,담배소비세,912988933000,3.78
2022,경기,시,도시계획세(재산세),-1017000,0
2022,경기,시,자동차세,1792392033000,7.41
2022,경기,시,재산세,4212743491000,17.42
2022,경기,시,주민세,637778145000,2.64
2022,경기,시,지방소득세,6372709299000,26.36
2022,경기,시,지역자원시설세,0,0
2022,경기,시도,과년도수입,-67636801000,-0.08
2022,경기,시도,담배소비세,0,0
2022,경기,시도,등록면허세,532663147000,0.58
2022,경기,시도,레저세,437553369000,0.48
2022,경기,시도,자동차세,0,0
2022,경기,시도,지방교육세,2193194924000,2.4
2022,경기,시도,지역자원시설세,481914663000,0.53
2022,경기,시도,취득세,8755557950000,9.6
2022,경남,군,과년도수입,3212571000,0.1
2022,경남,군,담배소비세,36166608000,1.14
2022,경남,군,도시계획세(재산세),0,0
2022,경남,군,자동차세,67072666000,2.11
2022,경남,군,재산세,73331860000,2.3
2022,경남,군,주민세,13989197000,0.44
2022,경남,군,지방소득세,85522420000,2.68
2022,경남,군,지역자원시설세,0,0
2022,경남,시,과년도수입,27968946000,0.12
2022,경남,시,담배소비세,205300227000,0.85
2022,경남,시,도시계획세(재산세),0,0
2022,경남,시,자동차세,454121722000,1.88
2022,경남,시,재산세,585526211000,2.42
2022,경남,시,주민세,118186976000,0.49
2022,경남,시,지방소득세,694021293000,2.87
2022,경남,시,지역자원시설세,30284900000,0.13
2022,경남,시도,과년도수입,-497485000,0
2022,경남,시도,담배소비세,0,0
2022,경남,시도,등록면허세,102169445000,0.11
2022,경남,시도,레저세,75580765000,0.08
2022,경남,시도,자동차세,0,0
2022,경남,시도,지방교육세,395278051000,0.44
2022,경남,시도,지역자원시설세,81889651000,0.09
2022,경남,시도,취득세,1246146869000,1.37
2022,경북,군,과년도수입,6317326000,0.2
2022,경북,군,담배소비세,46561088000,1.46
2022,경북,군,도시계획세(재산세),0,0
2022,경북,군,자동차세,84858258000,2.66
2022,경북,군,재산세,84720597000,2.66
2022,경북,군,주민세,13095171000,0.41
2022,경북,군,지방소득세,103670094000,3.25
2022,경북,군,지역자원시설세,0,0
2022,경북,시,과년도수입,20490355000,0.08
2022,경북,시,담배소비세,164619524000,0.68
2022,경북,시,도시계획세(재산세),0,0
2022,경북,시,자동차세,333292555000,1.38
2022,경북,시,재산세,381480756000,1.58
2022,경북,시,주민세,98437945000,0.41
2022,경북,시,지방소득세,795187254000,3.29
2022,경북,시,지역자원시설세,0,0
2022,경북,시도,과년도수입,8500622000,0.01
2022,경북,시도,담배소비세,0,0
2022,경북,시도,등록면허세,76979473000,0.09
2022,경북,시도,레저세,4426874000,0
2022,경북,시도,자동차세,0,0
2022,경북,시도,지방교육세,290131059000,0.32
2022,경북,시도,지역자원시설세,148591759000,0.17
2022,경북,시도,취득세,851195641000,0.94
2022,광주,시도,과년도수입,12633835000,0.01
2022,광주,시도,담배소비세,100560458000,0.11
2022,광주,시도,도시계획세(재산세),0,0
2022,광주,시도,등록면허세,40994992000,0.04
2022,광주,시도,레저세,15291193000,0.02
2022,광주,시도,자동차세,223221166000,0.24
2022,광주,시도,재산세,252886935000,0.28
2022,광주,시도,주민세,49913181000,0.06
2022,광주,시도,지방교육세,163193918000,0.18
2022,광주,시도,지방소득세,465085438000,0.51
2022,광주,시도,지역자원시설세,35868063000,0.04
2022,광주,시도,취득세,585313426000,0.64
2022,대구,군,과년도수입,3748899000,0.12
2022,대구,군,담배소비세,17286038000,0.54
2022,대구,군,도시계획세(재산세),0,0
2022,대구,군,자동차세,38251559000,1.2
2022,대구,군,재산세,64729819000,2.03
2022,대구,군,주민세,12387316000,0.39
2022,대구,군,지방소득세,66505638000,2.09
2022,대구,군,지역자원시설세,0,0
2022,대구,시도,과년도수입,16825371000,0.02
2022,대구,시도,담배소비세,138319121000,0.15
2022,대구,시도,도시계획세(재산세),0,0
2022,대구,시도,등록면허세,61564601000,0.07
2022,대구,시도,레저세,8471685000,0.01
2022,대구,시도,자동차세,329858450000,0.36
2022,대구,시도,재산세,501446955000,0.55
2022,대구,시도,주민세,52833256000,0.06
2022,대구,시도,지방교육세,278836103000,0.31
2022,대구,시도,지방소득세,553493868000,0.61
2022,대구,시도,지역자원시설세,61503326000,0.07
2022,대구,시도,취득세,1041571092000,1.15
2022,대전,시도,과년도수입,7355400000,0
2022,대전,시도,담배소비세,97313084000,0.11
2022,대전,시도,도시계획세(재산세),0,0
2022,대전,시도,등록면허세,39740450000,0.04
2022,대전,시도,레저세,780123000,0
2022,대전,시도,자동차세,201747359000,0.22
2022,대전,시도,재산세,295962966000,0.32
2022,대전,시도,주민세,65681669000,0.08
2022,대전,시도,지방교육세,157516586000,0.17
2022,대전,시도,지방소득세,476917539000,0.52
2022,대전,시도,지역자원시설세,37801179000,0.04
2022,대전,시도,취득세,571027389000,0.63
2022,부산,군,과년도수입,2156161000,0.07
2022,부산,군,담배소비세,11459820000,0.36
2022,부산,군,도시계획세(재산세),0,0
2022,부산,군,자동차세,21334812000,0.67
2022,부산,군,재산세,74123337000,2.33
2022,부산,군,주민세,6736004000,0.21
2022,부산,군,지방소득세,46471853000,1.46
2022,부산,군,지역자원시설세,0,0
2022,부산,시도,과년도수입,18331440000,0.02
2022,부산,시도,담배소비세,200156093000,0.22
2022,부산,시도,도시계획세(재산세),0,0
2022,부산,시도,등록면허세,107724757000,0.12
2022,부산,시도,레저세,82690379000,0.09
2022,부산,시도,자동차세,486774653000,0.53
2022,부산,시도,재산세,845386643000,0.93
2022,부산,시도,주민세,109897988000,0.12
2022,부산,시도,지방교육세,438446141000,0.48
2022,부산,시도,지방소득세,1008807822000,1.11
2022,부산,시도,지역자원시설세,142708803000,0.16
2022,부산,시도,취득세,1630403418000,1.79
2022,서울,시도,과년도수입,234830163000,0.26
2022,서울,시도,담배소비세,588594437000,0.65
2022,서울,시도,도시계획세(재산세),-2000,0
2022,서울,시도,등록면허세,475589112000,0.52
2022,서울,시도,레저세,105141709000,0.12
2022,서울,시도,자동차세,1025804137000,1.12
2022,서울,시도,재산세,5813454539000,6.38
2022,서울,시도,주민세,727768012000,0.8
2022,서울,시도,지방교육세,1789797523000,1.96
2022,서울,시도,지방소득세,8835368484000,9.69
2022,서울,시도,지역자원시설세,325407967000,0.36
2022,서울,시도,취득세,5871174480000,6.44
2022,세종,시도,과년도수입,31420000,0
2022,세종,시도,담배소비세,17558501000,0.02
2022,세종,시도,도시계획세(재산세),0,0
2022,세종,시도,등록면허세,14005677000,0.02
2022,세종,시도,레저세,180974000,0
2022,세종,시도,자동차세,51907803000,0.06
2022,세종,시도,재산세,124717222000,0.14
2022,세종,시도,주민세,12953506000,0.01
2022,세종,시도,지방교육세,51738838000,0.06
2022,세종,시도,지방소득세,113505110000,0.12
2022,세종,시도,지역자원시설세,14417322000,0.02
2022,세종,시도,취득세,226283515000,0.25
2022,울산,군,과년도수입,1698621000,0.05
2022,울산,군,담배소비세,17629371000,0.55
2022,울산,군,도시계획세(재산세),0,0
2022,울산,군,자동차세,47311411000,1.48
2022,울산,군,재산세,82969244000,2.6
2022,울산,군,주민세,19247682000,0.6
2022,울산,군,지방소득세,162249507000,5.09
2022,울산,군,지역자원시설세,0,0
2022,울산,시도,과년도수입,-4484848000,0
2022,울산,시도,담배소비세,64365435000,0.07
2022,울산,시도,도시계획세(재산세),0,0
2022,울산,시도,등록면허세,31213522000,0.03
2022,울산,시도,레저세,595852000,0
2022,울산,시도,자동차세,136224291000,0.15
2022,울산,시도,재산세,209709633000,0.23
2022,울산,시도,주민세,66144196000,0.07
2022,울산,시도,지방교육세,136487240000,0.15
2022,울산,시도,지방소득세,454901441000,0.5
2022,울산,시도,지역자원시설세,67406765000,0.08
2022,울산,시도,취득세,427710874000,0.47
2022,인천,군,과년도수입,1554656000,0.05
2022,인천,군,담배소비세,7729059000,0.24
2022,인천,군,도시계획세(재산세),0,0
2022,인천,군,자동차세,12435614000,0.39
2022,인천,군,재산세,23556780000,0.74
2022,인천,군,주민세,2245019000,0.07
2022,인천,군,지방소득세,16397899000,0.51
2022,인천,군,지역자원시설세,0,0
2022,인천,시도,과년도수입,1519911000,0
2022,인천,시도,담배소비세,201747900000,0.22
2022,인천,시도,도시계획세(재산세),0,0
2022,인천,시도,등록면허세,108004649000,0.11
2022,인천,시도,레저세,20324736000,0.02
2022,인천,시도,자동차세,457807437000,0.5
2022,인천,시도,재산세,819703621000,0.9
2022,인천,시도,주민세,113636319000,0.12
2022,인천,시도,지방교육세,439927070000,0.49
2022,인천,시도,지방소득세,872352084000,0.96
2022,인천,시도,지역자원시설세,114682683000,0.12
2022,인천,시도,취득세,2140271563000,2.34
2022,전남,군,과년도수입,6320592000,0.2
2022,전남,군,담배소비세,61771338000,1.94
2022,전남,군,도시계획세(재산세),0,0
2022,전남,군,자동차세,138064132000,4.33
2022,전남,군,재산세,96137087000,3.02
2022,전남,군,주민세,21775258000,0.68
2022,전남,군,지방소득세,138584771000,4.35
2022,전남,군,지역자원시설세,0,0
2022,전남,시,과년도수입,9392661000,0.04
2022,전남,시,담배소비세,80774634000,0.33
2022,전남,시,도시계획세(재산세),0,0
2022,전남,시,자동차세,187452998000,0.78
2022,전남,시,재산세,198309905000,0.82
2022,전남,시,주민세,52193905000,0.22
2022,전남,시,지방소득세,503241128000,2.08
2022,전남,시,지역자원시설세,0,0
2022,전남,시도,과년도수입,-1890832000,0
2022,전남,시도,담배소비세,0,0
2022,전남,시도,등록면허세,61825952000,0.07
2022,전남,시도,레저세,1001322000,0
2022,전남,시도,자동차세,0,0
2022,전남,시도,지방교육세,203929118000,0.23
2022,전남,시도,지역자원시설세,93080739000,0.11
2022,전남,시도,취득세,797494905000,0.87
2022,전북,군,과년도수입,2279830000,0.07
2022,전북,군,담배소비세,23628177000,0.74
2022,전북,군,도시계획세(재산세),0,0
2022,전북,군,자동차세,51056546000,1.6
2022,전북,군,재산세,42599371000,1.34
2022,전북,군,주민세,12050723000,0.38
2022,전북,군,지방소득세,68984873000,2.17
2022,전북,군,지역자원시설세,0,0
2022,전북,시,과년도수입,21238017000,0.09
2022,전북,시,담배소비세,101247732000,0.42
2022,전북,시,도시계획세(재산세),0,0
2022,전북,시,자동차세,230712707000,0.95
2022,전북,시,재산세,207320543000,0.86
2022,전북,시,주민세,42878827000,0.18
2022,전북,시,지방소득세,311769745000,1.29
2022,전북,시,지역자원시설세,0,0
2022,전북,시도,과년도수입,3364765000,0
2022,전북,시도,담배소비세,0,0
2022,전북,시도,등록면허세,43643784000,0.05
2022,전북,시도,레저세,970722000,0
2022,전북,시도,자동차세,0,0
2022,전북,시도,지방교육세,173469395000,0.19
2022,전북,시도,지역자원시설세,42445601000,0.05
2022,전북,시도,취득세,549686379000,0.61
2022,제주,시,과년도수입,190004000,0
2022,제주,시,담배소비세,62391413000,0.26
2022,제주,시,자동차세,112886010000,0.47
2022,제주,시,재산세,209507698000,0.87
2022,제주,시,주민세,13490135000,0.06
2022,제주,시,지방소득세,203457469000,0.84
2022,제주,시,지역자원시설세,0,0
2022,제주,시도,과년도수입,30617457000,0.03
2022,제주,시도,도시계획세(재산세),0,0
2022,제주,시도,등록면허세,31574044000,0.03
2022,제주,시도,레저세,64724946000,0.07
2022,제주,시도,지방교육세,137707516000,0.15
2022,제주,시도,지역자원시설세,21450406000,0.02
2022,제주,시도,취득세,549642631000,0.6
2022,충남,군,과년도수입,3951468000,0.12
2022,충남,군,담배소비세,36402188000,1.14
2022,충남,군,도시계획세(재산세),0,0
2022,충남,군,자동차세,65888913000,2.07
2022,충남,군,재산세,75952457000,2.38
2022,충남,군,주민세,14438875000,0.45
2022,충남,군,지방소득세,92428259000,2.9
2022,충남,군,지역자원시설세,0,0
2022,충남,시,과년도수입,28159057000,0.12
2022,충남,시,담배소비세,148175413000,0.61
2022,충남,시,도시계획세(재산세),0,0
2022,충남,시,자동차세,265497932000,1.1
2022,충남,시,재산세,373997290000,1.55
2022,충남,시,주민세,110892124000,0.46
2022,충남,시,지방소득세,818099678000,3.38
2022,충남,시,지역자원시설세,0,0
2022,충남,시도,과년도수입,2673503000,0
2022,충남,시도,담배소비세,0,0
2022,충남,시도,등록면허세,75306447000,0.08
2022,충남,시도,레저세,21077613000,0.02
2022,충남,시도,자동차세,0,0
2022,충남,시도,지방교육세,290953966000,0.32
2022,충남,시도,지역자원시설세,109525466000,0.12
2022,충남,시도,취득세,1062619693000,1.17
2022,충북,군,과년도수입,2647889000,0.08
2022,충북,군,담배소비세,41475451000,1.3
2022,충북,군,도시계획세(재산세),0,0
2022,충북,군,자동차세,66673178000,2.09
2022,충북,군,재산세,74010478000,2.32
2022,충북,군,주민세,26981762000,0.85
2022,충북,군,지방소득세,170676813000,5.36
2022,충북,군,지역자원시설세,0,0
2022,충북,시,과년도수입,15552051000,0.06
2022,충북,시,담배소비세,88648714000,0.37
2022,충북,시,도시계획세(재산세),0,0
2022,충북,시,자동차세,191840913000,0.79
2022,충북,시,재산세,202050947000,0.84
2022,충북,시,주민세,57562258000,0.24
2022,충북,시,지방소득세,502655181000,2.08
2022,충북,시,지역자원시설세,0,0
2022,충북,시도,과년도수입,-6370679000,-0.01
2022,충북,시도,담배소비세,0,0
2022,충북,시도,등록면허세,51495570000,0.06
2022,충북,시도,레저세,864268000,0
2022,충북,시도,자동차세,0,0
2022,충북,시도,지방교육세,188751205000,0.2
2022,충북,시도,지역자원시설세,51528593000,0.06
2022,충북,시도,취득세,681020409000,0.75
2023,강원,군,과년도수입,4373890000,0.14
2023,강원,군,담배소비세,44006292000,1.36
2023,강원,군,자동차세,52516826000,1.62
2023,강원,군,재산세,70846703000,2.19
2023,강원,군,주민세,11415936000,0.35
2023,강원,군,지방소득세,81868671000,2.53
2023,강원,시,과년도수입,7530050000,0.03
2023,강원,시,담배소비세,88931586000,0.39
2023,강원,시,자동차세,157389249000,0.68
2023,강원,시,재산세,201053892000,0.87
2023,강원,시,주민세,35413539000,0.15
2023,강원,시,지방소득세,248616873000,1.08
2023,강원,시도,과년도수입,-659890000,0
2023,강원,시도,등록면허세,43560457000,0.05
2023,강원,시도,레저세,977432000,0
2023,강원,시도,지방교육세,174138409000,0.2
2023,강원,시도,지역자원시설세,53152835000,0.06
2023,강원,시도,취득세,570121796000,0.66
2023,경기,군,과년도수입,4695102000,0.15
2023,경기,군,담배소비세,21357833000,0.66
2023,경기,군,자동차세,42837914000,1.32
2023,경기,군,재산세,62985722000,1.95
2023,경기,군,주민세,4357605000,0.13
2023,경기,군,지방소득세,54208069000,1.67
2023,경기,시,과년도수입,164159788000,0.71
2023,경기,시,담배소비세,909839995000,3.95
2023,경기,시,자동차세,1788058978000,7.77
2023,경기,시,재산세,3868687192000,16.81
2023,경기,시,주민세,682001219000,2.96
2023,경기,시,지방소득세,5905351324000,25.65
2023,경기,시도,과년도수입,-138320821000,-0.16
2023,경기,시도,등록면허세,586949470000,0.69
2023,경기,시도,레저세,445380994000,0.52
2023,경기,시도,지방교육세,2071240756000,2.41
2023,경기,시도,지역자원시설세,471564322000,0.55
2023,경기,시도,취득세,7760196078000,9.01
2023,경남,군,과년도수입,1376188000,0.04
2023,경남,군,담배소비세,35369384000,1.09
2023,경남,군,자동차세,66898524000,2.07
2023,경남,군,재산세,70130458000,2.17
2023,경남,군,주민세,15290312000,0.47
2023,경남,군,지방소득세,85174426000,2.63
2023,경남,시,과년도수입,12883055000,0.06
2023,경남,시,담배소비세,199701001000,0.87
2023,경남,시,자동차세,455763306000,1.98
2023,경남,시,재산세,551639569000,2.4
2023,경남,시,주민세,129100583000,0.56
2023,경남,시,지방소득세,701310250000,3.05
2023,경남,시,지역자원시설세,27772744000,0.12
2023,경남,시도,과년도수입,-72942000,0
2023,경남,시도,등록면허세,108352757000,0.13
2023,경남,시도,레저세,73154094000,0.08
2023,경남,시도,지방교육세,375421048000,0.44
2023,경남,시도,지역자원시설세,79487557000,0.09
2023,경남,시도,취득세,1081316866000,1.25
2023,경북,군,과년도수입,4833998000,0.15
2023,경북,군,담배소비세,45431497000,1.4
2023,경북,군,자동차세,84251638000,2.6
2023,경북,군,재산세,80732777000,2.49
2023,경북,군,주민세,15597891000,0.48
2023,경북,군,지방소득세,105403850000,3.26
2023,경북,시,과년도수입,20782411000,0.09
2023,경북,시,담배소비세,162903744000,0.71
2023,경북,시,자동차세,329753219000,1.43
2023,경북,시,재산세,362478720000,1.57
2023,경북,시,주민세,109485759000,0.48
2023,경북,시,지방소득세,704826202000,3.06
2023,경북,시도,과년도수입,2933654000,0
2023,경북,시도,등록면허세,79443292000,0.09
2023,경북,시도,레저세,4151335000,0
2023,경북,시도,지방교육세,278740016000,0.32
2023,경북,시도,지역자원시설세,158017832000,0.18
2023,경북,시도,취득세,814135779000,0.94
2023,광주,시도,과년도수입,2888944000,0.01
2023,광주,시도,담배소비세,99056967000,0.11
2023,광주,시도,등록면허세,46182887000,0.05
2023,광주,시도,레저세,15999828000,0.02
2023,광주,시도,자동차세,224568317000,0.26
2023,광주,시도,재산세,241290829000,0.28
2023,광주,시도,주민세,51577665000,0.06
2023,광주,시도,지방교육세,148896892000,0.17
2023,광주,시도,지방소득세,440256099000,0.51
2023,광주,시도,지역자원시설세,33109342000,0.04
2023,광주,시도,취득세,423876918000,0.49
2023,대구,군,과년도수입,2491627000,0.08
2023,대구,군,담배소비세,17057258000,0.53
2023,대구,군,자동차세,38652047000,1.19
2023,대구,군,재산세,59484656000,1.84
2023,대구,군,주민세,13421451000,0.41
2023,대구,군,지방소득세,78219364000,2.42
2023,대구,시도,과년도수입,-2794416000,0
2023,대구,시도,담배소비세,135093421000,0.16
2023,대구,시도,등록면허세,73326572000,0.08
2023,대구,시도,레저세,9264608000,0.01
2023,대구,시도,자동차세,323023559000,0.37
2023,대구,시도,재산세,454162069000,0.53
2023,대구,시도,주민세,59510608000,0.07
2023,대구,시도,지방교육세,268288761000,0.31
2023,대구,시도,지방소득세,515216745000,0.6
2023,대구,시도,지역자원시설세,57085379000,0.07
2023,대구,시도,취득세,959254209000,1.11
2023,대전,시도,과년도수입,2716838000,0
2023,대전,시도,담배소비세,95089925000,0.11
2023,대전,시도,등록면허세,42734465000,0.05
2023,대전,시도,레저세,901004000,0
2023,대전,시도,자동차세,201420189000,0.23
2023,대전,시도,재산세,271547171000,0.32
2023,대전,시도,주민세,68706867000,0.08
2023,대전,시도,지방교육세,142884634000,0.17
2023,대전,시도,지방소득세,447615820000,0.52
2023,대전,시도,지역자원시설세,34488855000,0.04
2023,대전,시도,취득세,454860171000,0.53
2023,부산,군,과년도수입,2437806000,0.08
2023,부산,군,담배소비세,11326123000,0.35
2023,부산,군,자동차세,21518262000,0.66
2023,부산,군,재산세,69027789000,2.13
2023,부산,군,주민세,7185353000,0.22
2023,부산,군,지방소득세,50119996000,1.55
2023,부산,시도,과년도수입,15820884000,0.01
2023,부산,시도,담배소비세,196125145000,0.23
2023,부산,시도,등록면허세,115058802000,0.14
2023,부산,시도,레저세,82323745000,0.1
2023,부산,시도,자동차세,479782416000,0.56
2023,부산,시도,재산세,796315009000,0.92
2023,부산,시도,주민세,113674200000,0.13
2023,부산,시도,지방교육세,412005575000,0.48
2023,부산,시도,지방소득세,1036327366000,1.2
2023,부산,시도,지역자원시설세,131864572000,0.15
2023,부산,시도,취득세,1435154611000,1.66
2023,서울,시도,과년도수입,247854796000,0.29
2023,서울,시도,담배소비세,576610728000,0.67
2023,서울,시도,도시계획세(재산세),-27000,0
2023,서울,시도,등록면허세,490191064000,0.57
2023,서울,시도,레저세,105127690000,0.12
2023,서울,시도,자동차세,994650288000,1.15
2023,서울,시도,재산세,5144276919000,5.97
2023,서울,시도,주민세,771047146000,0.89
2023,서울,시도,지방교육세,1610371775000,1.87
2023,서울,시도,지방소득세,7983292405000,9.26
2023,서울,시도,지역자원시설세,295088419000,0.34
2023,서울,시도,취득세,5147180993000,5.97
2023,세종,시도,과년도수입,576893000,0
2023,세종,시도,담배소비세,17548856000,0.02
2023,세종,시도,등록면허세,14602029000,0.02
2023,세종,시도,레저세,215689000,0
2023,세종,시도,자동차세,53249922000,0.06
2023,세종,시도,재산세,105323384000,0.12
2023,세종,시도,주민세,14547705000,0.02
2023,세종,시도,지방교육세,45268981000,0.05
2023,세종,시도,지방소득세,100587021000,0.12
2023,세종,시도,지역자원시설세,13604747000,0.02
2023,세종,시도,취득세,165466411000,0.19
2023,울산,군,과년도수입,9754000,0
2023,울산,군,담배소비세,17585901000,0.54
2023,울산,군,자동차세,47420199000,1.46
2023,울산,군,재산세,77471869000,2.39
2023,울산,군,주민세,21031772000,0.65
2023,울산,군,지방소득세,218945894000,6.76
2023,울산,시도,과년도수입,-1367868000,0
2023,울산,시도,담배소비세,63139500000,0.07
2023,울산,시도,등록면허세,35893086000,0.04
2023,울산,시도,레저세,684825000,0
2023,울산,시도,자동차세,136446298000,0.16
2023,울산,시도,재산세,192954704000,0.22
2023,울산,시도,주민세,74666395000,0.08
2023,울산,시도,지방교육세,128855898000,0.15
2023,울산,시도,지방소득세,477009160000,0.55
2023,울산,시도,지역자원시설세,66624004000,0.07
2023,울산,시도,취득세,389449043000,0.46
2023,인천,군,과년도수입,1501006000,0.05
2023,인천,군,담배소비세,7555938000,0.23
2023,인천,군,자동차세,12089256000,0.37
2023,인천,군,재산세,22150403000,0.68
2023,인천,군,주민세,2360038000,0.07
2023,인천,군,지방소득세,16059530000,0.5
2023,인천,시도,과년도수입,-7282985000,-0.01
2023,인천,시도,담배소비세,202710879000,0.24
2023,인천,시도,등록면허세,115989503000,0.13
2023,인천,시도,레저세,20136858000,0.02
2023,인천,시도,자동차세,464140689000,0.54
2023,인천,시도,재산세,762137961000,0.88
2023,인천,시도,주민세,121588246000,0.14
2023,인천,시도,지방교육세,412767149000,0.47
2023,인천,시도,지방소득세,873321912000,1.01
2023,인천,시도,지역자원시설세,111818299000,0.13
2023,인천,시도,취득세,1895655535000,2.2
2023,전남,군,과년도수입,6595489000,0.2
2023,전남,군,담배소비세,60686247000,1.87
2023,전남,군,자동차세,135995369000,4.2
2023,전남,군,재산세,91701795000,2.83
2023,전남,군,주민세,23085522000,0.71
2023,전남,군,지방소득세,144160584000,4.45
2023,전남,시,과년도수입,8158802000,0.04
2023,전남,시,담배소비세,78941550000,0.34
2023,전남,시,도시계획세(재산세),4000,0
2023,전남,시,자동차세,186886751000,0.81
2023,전남,시,재산세,186822935000,0.81
2023,전남,시,주민세,56246699000,0.24
2023,전남,시,지방소득세,425856541000,1.85
2023,전남,시도,과년도수입,-3414278000,0
2023,전남,시도,등록면허세,58486133000,0.07
2023,전남,시도,레저세,1151967000,0
2023,전남,시도,지방교육세,186094425000,0.22
2023,전남,시도,지역자원시설세,98495704000,0.12
2023,전남,시도,취득세,629856043000,0.73
2023,전북,군,과년도수입,1476197000,0.05
2023,전북,군,담배소비세,23174536000,0.72
2023,전북,군,자동차세,50112473000,1.55
2023,전북,군,재산세,41028832000,1.27
2023,전북,군,주민세,12609751000,0.39
2023,전북,군,지방소득세,79093496000,2.44
2023,전북,시,과년도수입,19457753000,0.08
2023,전북,시,담배소비세,99425721000,0.43
2023,전북,시,자동차세,229232960000,1
2023,전북,시,재산세,196394827000,0.85
2023,전북,시,주민세,45144554000,0.2
2023,전북,시,지방소득세,309098689000,1.34
2023,전북,시도,과년도수입,2157651000,0
2023,전북,시도,등록면허세,48435214000,0.05
2023,전북,시도,레저세,1116053000,0
2023,전북,시도,지방교육세,165694049000,0.19
2023,전북,시도,지역자원시설세,40155260000,0.05
2023,전북,시도,취득세,498514891000,0.58
2023,제주,시,과년도수입,-55268000,0
2023,제주,시,담배소비세,61532304000,0.27
2023,제주,시,자동차세,118853629000,0.52
2023,제주,시,재산세,194768862000,0.85
2023,제주,시,주민세,16600759000,0.07
2023,제주,시,지방소득세,191050759000,0.83
2023,제주,시도,과년도수입,13073320000,0.02
2023,제주,시도,등록면허세,31657053000,0.04
2023,제주,시도,레저세,64291182000,0.07
2023,제주,시도,지방교육세,127896741000,0.15
2023,제주,시도,지역자원시설세,19896013000,0.02
2023,제주,시도,취득세,468738741000,0.54
2023,충남,군,과년도수입,3567517000,0.11
2023,충남,군,담배소비세,35431777000,1.09
2023,충남,군,자동차세,64629676000,2
2023,충남,군,재산세,71105384000,2.2
2023,충남,군,주민세,14959383000,0.46
2023,충남,군,지방소득세,95883361000,2.96
2023,충남,시,과년도수입,2182824000,0.01
2023,충남,시,담배소비세,148114523000,0.64
2023,충남,시,자동차세,264060297000,1.15
2023,충남,시,재산세,354724368000,1.54
2023,충남,시,주민세,120093254000,0.52
2023,충남,시,지방소득세,888503296000,3.86
2023,충남,시도,과년도수입,976304000,0
2023,충남,시도,등록면허세,77791641000,0.1
2023,충남,시도,레저세,21806425000,0.02
2023,충남,시도,지방교육세,283008258000,0.33
2023,충남,시도,지역자원시설세,105964269000,0.12
2023,충남,시도,취득세,1033158990000,1.19
2023,충북,군,과년도수입,-1115933000,-0.03
2023,충북,군,담배소비세,41575369000,1.28
2023,충북,군,자동차세,66842416000,2.06
2023,충북,군,재산세,70631863000,2.18
2023,충북,군,주민세,28523722000,0.88
2023,충북,군,지방소득세,194528604000,6.01
2023,충북,시,과년도수입,5970536000,0.03
2023,충북,시,담배소비세,89851036000,0.39
2023,충북,시,자동차세,188855549000,0.82
2023,충북,시,재산세,192002126000,0.83
2023,충북,시,주민세,60328073000,0.26
2023,충북,시,지방소득세,455502040000,1.98
2023,충북,시도,과년도수입,-3814115000,0
2023,충북,시도,등록면허세,49292870000,0.06
2023,충북,시도,레저세,1001282000,0
2023,충북,시도,지방교육세,178796337000,0.21
2023,충북,시도,지역자원시설세,49598525000,0.06
2023,충북,시도,취득세,596539825000,0.7
2024,강원,군,과년도수입,7372257000,0.24
2024,강원,군,담배소비세,43480961000,1.4
2024,강원,군,자동차세,53916479000,1.74
2024,강원,군,재산세,69104251000,2.23
2024,강원,군,주민세,11595091000,0.37
2024,강원,군,지방소득세,74866603000,2.41
2024,강원,시,과년도수입,18017654000,0.08
2024,강원,시,담배소비세,87509745000,0.4
2024,강원,시,도시계획세(재산세),-320000,0
2024,강원,시,자동차세,160270340000,0.74
2024,강원,시,재산세,204102632000,0.94
2024,강원,시,주민세,36870290000,0.17
2024,강원,시,지방소득세,230087855000,1.06
2024,강원,시도,과년도수입,10800907000,0.01
2024,강원,시도,등록면허세,43309450000,0.05
2024,강원,시도,레저세,2113403000,0
2024,강원,시도,지방교육세,177545030000,0.2
2024,강원,시도,지역자원시설세,55485154000,0.06
2024,강원,시도,취득세,626538238000,0.7
2024,경기,군,과년도수입,7877130000,0.25
2024,경기,군,담배소비세,20873249000,0.67
2024,경기,군,자동차세,44927507000,1.45
2024,경기,군,재산세,63419703000,2.04
2024,경기,군,주민세,4109680000,0.13
2024,경기,군,지방소득세,43600441000,1.4
2024,경기,시,과년도수입,296931176000,1.37
2024,경기,시,담배소비세,893251548000,4.13
2024,경기,시,자동차세,1836511199000,8.49
2024,경기,시,재산세,3956335010000,18.28
2024,경기,시,주민세,702266669000,3.24
2024,경기,시,지방소득세,4777941044000,22.08
2024,경기,시도,과년도수입,76679456000,0.08
2024,경기,시도,등록면허세,613715623000,0.68
2024,경기,시도,레저세,445454589000,0.5
2024,경기,시도,지방교육세,2079115273000,2.33
2024,경기,시도,지역자원시설세,501375337000,0.56
2024,경기,시도,취득세,7765507103000,8.69
2024,경남,군,과년도수입,5489522000,0.18
2024,경남,군,담배소비세,34247811000,1.1
2024,경남,군,자동차세,68490112000,2.21
2024,경남,군,재산세,67845861000,2.19
2024,경남,군,주민세,15947178000,0.51
2024,경남,군,지방소득세,84277190000,2.72
2024,경남,시,과년도수입,45629491000,0.21
2024,경남,시,담배소비세,195060014000,0.9
2024,경남,시,자동차세,473656144000,2.19
2024,경남,시,재산세,543530412000,2.51
2024,경남,시,주민세,135506944000,0.63
2024,경남,시,지방소득세,642560703000,2.97
2024,경남,시,지역자원시설세,26607418000,0.12
2024,경남,시도,과년도수입,20942327000,0.02
2024,경남,시도,등록면허세,106383557000,0.12
2024,경남,시도,레저세,78638273000,0.09
2024,경남,시도,지방교육세,383338874000,0.43
2024,경남,시도,지역자원시설세,85760773000,0.1
2024,경남,시도,취득세,1230728771000,1.38
2024,경북,군,과년도수입,7795530000,0.25
2024,경북,군,담배소비세,42730919000,1.38
2024,경북,군,자동차세,82274864000,2.65
2024,경북,군,재산세,77811752000,2.51
2024,경북,군,주민세,15560421000,0.5
2024,경북,군,지방소득세,91450456000,2.95
2024,경북,시,과년도수입,34124695000,0.16
2024,경북,시,담배소비세,160371435000,0.74
2024,경북,시,자동차세,338271896000,1.56
2024,경북,시,재산세,368589858000,1.7
2024,경북,시,주민세,114197009000,0.53
2024,경북,시,지방소득세,581591705000,2.69
2024,경북,시도,과년도수입,12890183000,0.01
2024,경북,시도,등록면허세,84293021000,0.1
2024,경북,시도,레저세,6789326000,0
2024,경북,시도,지방교육세,288394137000,0.32
2024,경북,시도,지역자원시설세,159341055000,0.18
2024,경북,시도,취득세,944463946000,1.06
2024,광주,시도,과년도수입,25818522000,0.03
2024,광주,시도,담배소비세,95455171000,0.11
2024,광주,시도,등록면허세,47268020000,0.05
2024,광주,시도,레저세,16123786000,0.02
2024,광주,시도,자동차세,225090044000,0.25
2024,광주,시도,재산세,243926325000,0.27
2024,광주,시도,주민세,53623475000,0.06
2024,광주,시도,지방교육세,150706733000,0.17
2024,광주,시도,지방소득세,382417144000,0.43
2024,광주,시도,지역자원시설세,32313669000,0.04
2024,광주,시도,취득세,455695627000,0.51
2024,대구,군,과년도수입,4482221000,0.14
2024,대구,군,담배소비세,18451393000,0.59
2024,대구,군,자동차세,43413772000,1.4
2024,대구,군,재산세,62110535000,2
2024,대구,군,주민세,14394820000,0.46
2024,대구,군,지방소득세,67098601000,2.16
2024,대구,시도,과년도수입,41590882000,0.05
2024,대구,시도,담배소비세,130480568000,0.15
2024,대구,시도,등록면허세,84178532000,0.09
2024,대구,시도,레저세,10051057000,0.01
2024,대구,시도,자동차세,326610035000,0.37
2024,대구,시도,재산세,454367086000,0.51
2024,대구,시도,주민세,60896656000,0.07
2024,대구,시도,지방교육세,279493443000,0.32
2024,대구,시도,지방소득세,464701662000,0.52
2024,대구,시도,지역자원시설세,57400080000,0.06
2024,대구,시도,취득세,1064622184000,1.19
2024,대전,시도,과년도수입,27944617000,0.03
2024,대전,시도,담배소비세,93055540000,0.1
2024,대전,시도,등록면허세,43994141000,0.05
2024,대전,시도,레저세,1955011000,0
2024,대전,시도,자동차세,205673769000,0.23
2024,대전,시도,재산세,275045007000,0.31
2024,대전,시도,주민세,70312434000,0.08
2024,대전,시도,지방교육세,144268315000,0.16
2024,대전,시도,지방소득세,399125303000,0.45
2024,대전,시도,지역자원시설세,33641693000,0.04
2024,대전,시도,취득세,463305516000,0.52
2024,부산,군,과년도수입,3638377000,0.12
2024,부산,군,담배소비세,11015172000,0.35
2024,부산,군,자동차세,22135412000,0.71
2024,부산,군,재산세,69234201000,2.23
2024,부산,군,주민세,8157740000,0.26
2024,부산,군,지방소득세,48354008000,1.56
2024,부산,시도,과년도수입,57927225000,0.06
2024,부산,시도,담배소비세,187346282000,0.21
2024,부산,시도,등록면허세,136454674000,0.15
2024,부산,시도,레저세,84601052000,0.09
2024,부산,시도,자동차세,493842995000,0.55
2024,부산,시도,재산세,777508536000,0.87
2024,부산,시도,주민세,116066408000,0.13
2024,부산,시도,지방교육세,416903982000,0.47
2024,부산,시도,지방소득세,959886480000,1.07
2024,부산,시도,지역자원시설세,129100915000,0.15
2024,부산,시도,취득세,1494116732000,1.67
2024,서울,시도,과년도수입,260277709000,0.3
2024,서울,시도,담배소비세,553701179000,0.62
2024,서울,시도,도시계획세(재산세),-108676000,0
2024,서울,시도,등록면허세,546480777000,0.61
2024,서울,시도,레저세,106425839000,0.12
2024,서울,시도,자동차세,1007697379000,1.13
2024,서울,시도,재산세,5283800654000,5.91
2024,서울,시도,주민세,798706767000,0.89
2024,서울,시도,지방교육세,1772066810000,1.98
2024,서울,시도,지방소득세,7452187649000,8.34
2024,서울,시도,지역자원시설세,292443665000,0.33
2024,서울,시도,취득세,6277009108000,7.03
2024,세종,시도,과년도수입,7125262000,0.01
2024,세종,시도,담배소비세,17230512000,0.02
2024,세종,시도,등록면허세,16367112000,0.02
2024,세종,시도,레저세,473280000,0
2024,세종,시도,자동차세,54295420000,0.06
2024,세종,시도,재산세,108867988000,0.12
2024,세종,시도,주민세,14402122000,0.02
2024,세종,시도,지방교육세,47936028000,0.05
2024,세종,시도,지방소득세,93623131000,0.1
2024,세종,시도,지역자원시설세,15476994000,0.02
2024,세종,시도,취득세,205589221000,0.23
2024,울산,군,과년도수입,4028905000,0.13
2024,울산,군,담배소비세,17714323000,0.57
2024,울산,군,자동차세,48883717000,1.57
2024,울산,군,재산세,78763319000,2.54
2024,울산,군,주민세,21932847000,0.71
2024,울산,군,지방소득세,128439498000,4.14
2024,울산,시도,과년도수입,16809095000,0.01
2024,울산,시도,담배소비세,61845086000,0.07
2024,울산,시도,등록면허세,38811824000,0.04
2024,울산,시도,레저세,1479691000,0
2024,울산,시도,자동차세,138162047000,0.15
2024,울산,시도,재산세,193063259000,0.22
2024,울산,시도,주민세,75957417000,0.08
2024,울산,시도,지방교육세,131178728000,0.15
2024,울산,시도,지방소득세,423802567000,0.47
2024,울산,시도,지역자원시설세,68617084000,0.08
2024,울산,시도,취득세,429246569000,0.48
2024,인천,군,과년도수입,1701160000,0.05
2024,인천,군,담배소비세,7375083000,0.24
2024,인천,군,자동차세,12539337000,0.4
2024,인천,군,재산세,22282755000,0.72
2024,인천,군,주민세,2334046000,0.08
2024,인천,군,지방소득세,17993355000,0.58
2024,인천,시도,과년도수입,71878491000,0.08
2024,인천,시도,담배소비세,199930319000,0.22
2024,인천,시도,도시계획세(재산세),-9000,0
2024,인천,시도,등록면허세,122996858000,0.13
2024,인천,시도,레저세,18946493000,0.02
2024,인천,시도,자동차세,487384247000,0.55
2024,인천,시도,재산세,781440174000,0.87
2024,인천,시도,주민세,130172725000,0.14
2024,인천,시도,지방교육세,409070642000,0.45
2024,인천,시도,지방소득세,774148974000,0.87
2024,인천,시도,지역자원시설세,126659878000,0.14
2024,인천,시도,취득세,1727129064000,1.93
2024,전남,군,과년도수입,11240113000,0.36
2024,전남,군,담배소비세,59406030000,1.91
2024,전남,군,자동차세,139871918000,4.51
2024,전남,군,재산세,92554278000,2.98
2024,전남,군,주민세,23779193000,0.77
2024,전남,군,지방소득세,132766510000,4.28
2024,전남,시,과년도수입,17007186000,0.08
2024,전남,시,담배소비세,77255563000,0.36
2024,전남,시,자동차세,189772618000,0.88
2024,전남,시,재산세,187643299000,0.87
2024,전남,시,주민세,58845432000,0.27
2024,전남,시,지방소득세,290483902000,1.34
2024,전남,시도,과년도수입,8126964000,0.01
2024,전남,시도,등록면허세,63214478000,0.07
2024,전남,시도,레저세,2484718000,0
2024,전남,시도,지방교육세,185445567000,0.21
2024,전남,시도,지역자원시설세,102517630000,0.12
2024,전남,시도,취득세,672126608000,0.75
2024,전북,군,과년도수입,4502439000,0.15
2024,전북,군,담배소비세,22764613000,0.73
2024,전북,군,자동차세,52522952000,1.69
2024,전북,군,재산세,40940012000,1.32
2024,전북,군,주민세,13303467000,0.43
2024,전북,군,지방소득세,74092440000,2.39
2024,전북,시,과년도수입,23903245000,0.11
2024,전북,시,담배소비세,97287602000,0.45
2024,전북,시,자동차세,233229391000,1.08
2024,전북,시,재산세,194879686000,0.9
2024,전북,시,주민세,47209958000,0.22
2024,전북,시,지방소득세,270560257000,1.25
2024,전북,시도,과년도수입,7757358000,0.01
2024,전북,시도,등록면허세,51505859000,0.06
2024,전북,시도,레저세,2406989000,0
2024,전북,시도,지방교육세,166857114000,0.18
2024,전북,시도,지역자원시설세,39767552000,0.05
2024,전북,시도,취득세,520292054000,0.58
2024,제주,시,과년도수입,192968000,0
2024,제주,시,담배소비세,60541107000,0.28
2024,제주,시,자동차세,124117881000,0.57
2024,제주,시,재산세,193675982000,0.89
2024,제주,시,주민세,17266707000,0.08
2024,제주,시,지방소득세,159771055000,0.74
2024,제주,시도,과년도수입,26147582000,0.03
2024,제주,시도,등록면허세,32116185000,0.04
2024,제주,시도,레저세,70650988000,0.08
2024,제주,시도,지방교육세,127199575000,0.14
2024,제주,시도,지역자원시설세,19522926000,0.02
2024,제주,시도,취득세,437233083000,0.49
2024,충남,군,과년도수입,6664255000,0.21
2024,충남,군,담배소비세,34910972000,1.12
2024,충남,군,자동차세,66784850000,2.15
2024,충남,군,재산세,71235490000,2.3
2024,충남,군,주민세,15730209000,0.51
2024,충남,군,지방소득세,82880987000,2.67
2024,충남,시,과년도수입,36079710000,0.17
2024,충남,시,담배소비세,148855897000,0.69
2024,충남,시,자동차세,272616829000,1.26
2024,충남,시,재산세,357765467000,1.65
2024,충남,시,주민세,124332846000,0.57
2024,충남,시,지방소득세,720125292000,3.33
2024,충남,시도,과년도수입,12080343000,0.01
2024,충남,시도,등록면허세,85845236000,0.09
2024,충남,시도,레저세,22245201000,0.02
2024,충남,시도,지방교육세,283324602000,0.32
2024,충남,시도,지역자원시설세,132413722000,0.14
2024,충남,시도,취득세,1006496755000,1.12
2024,충북,군,과년도수입,6260997000,0.2
2024,충북,군,담배소비세,41471435000,1.34
2024,충북,군,자동차세,69097133000,2.23
2024,충북,군,재산세,72442021000,2.33
2024,충북,군,주민세,29968025000,0.97
2024,충북,군,지방소득세,163174333000,5.26
2024,충북,시,과년도수입,18790502000,0.09
2024,충북,시,담배소비세,88882448000,0.41
2024,충북,시,자동차세,195054389000,0.9
2024,충북,시,재산세,195566116000,0.9
2024,충북,시,주민세,61583874000,0.28
2024,충북,시,지방소득세,319091931000,1.47
2024,충북,시도,과년도수입,8173577000,0.01
2024,충북,시도,등록면허세,52406700000,0.06
2024,충북,시도,레저세,2175068000,0
2024,충북,시도,지방교육세,183147886000,0.2
2024,충북,시도,지역자원시설세,50366964000,0.06
2024,충북,시도,취득세,636013541000,0.71
